label,message,label_encoded,msg_length,length_category,length_category_long,length_category_medium,length_category_short,clean_message,msg_length_scaled
ham,"Go until jurong point, crazy.. Available only in bugis n great world la e buffet... Cine there got amore wat...",0,111,long,1.0,0.0,0.0,go jurong point crazy available bugis great world la buffet cine got amore wat,0.4522821576763485
ham,Ok lar... Joking wif u oni...,0,29,short,0.0,0.0,1.0,ok lar joking wif oni,0.11203319502074689
spam,Free entry in 2 a wkly comp to win FA Cup final tkts 21st May 2005. Text FA to 87121 to receive entry question(std txt rate)T&C's apply 08452810075over18's,1,155,long,1.0,0.0,0.0,free entry wkly comp win fa cup final tkts st may text fa receive entry questionstd txt ratetcs apply,0.6348547717842324
ham,U dun say so early hor... U c already then say...,0,49,medium,0.0,1.0,0.0,dun say early hor already say,0.1950207468879668
ham,"Nah I don't think he goes to usf, he lives around here though",0,61,medium,0.0,1.0,0.0,nah dont think goes usf lives around though,0.24481327800829875
spam,"FreeMsg Hey there darling it's been 3 week's now and no word back! I'd like some fun you up for it still? Tb ok! XxX std chgs to send, å£1.50 to rcv",1,148,long,1.0,0.0,0.0,freemsg hey darling weeks word back id like fun still tb ok xxx std chgs send å£ rcv,0.6058091286307055
ham,Even my brother is not like to speak with me. They treat me like aids patent.,0,77,medium,0.0,1.0,0.0,even brother like speak treat like aids patent,0.31120331950207464
ham,As per your request 'Melle Melle (Oru Minnaminunginte Nurungu Vettam)' has been set as your callertune for all Callers. Press *9 to copy your friends Callertune,0,160,long,1.0,0.0,0.0,per request melle melle oru minnaminunginte nurungu vettam set callertune callers press copy friends callertune,0.6556016597510373
spam,WINNER!! As a valued network customer you have been selected to receivea å£900 prize reward! To claim call 09061701461. Claim code KL341. Valid 12 hours only.,1,158,long,1.0,0.0,0.0,winner valued network customer selected receivea å£ prize reward claim call claim code kl valid hours,0.6473029045643154
spam,Had your mobile 11 months or more? U R entitled to Update to the latest colour mobiles with camera for Free! Call The Mobile Update Co FREE on 08002986030,1,154,long,1.0,0.0,0.0,mobile months entitled update latest colour mobiles camera free call mobile update co free,0.6307053941908713
ham,"I'm gonna be home soon and i don't want to talk about this stuff anymore tonight, k? I've cried enough today.",0,109,long,1.0,0.0,0.0,im gonna home soon dont want talk stuff anymore tonight ive cried enough today,0.44398340248962653
spam,"SIX chances to win CASH! From 100 to 20,000 pounds txt> CSH11 and send to 87575. Cost 150p/day, 6days, 16+ TsandCs apply Reply HL 4 info",1,136,long,1.0,0.0,0.0,six chances win cash pounds txt csh send cost pday days tsandcs apply reply hl info,0.5560165975103735
spam,"URGENT! You have won a 1 week FREE membership in our å£100,000 Prize Jackpot! Txt the word: CLAIM to No: 81010 T&C www.dbuk.net LCCLTD POBOX 4403LDNW1A7RW18",1,156,long,1.0,0.0,0.0,urgent week free membership å£ prize jackpot txt word claim tc lccltd pobox ldnw rw,0.6390041493775934
ham,I've been searching for the right words to thank you for this breather. I promise i wont take your help for granted and will fulfil my promise. You have been wonderful and a blessing at all times.,0,196,long,1.0,0.0,0.0,ive searching right words thank breather promise wont take help granted fulfil promise wonderful blessing times,0.8049792531120332
ham,I HAVE A DATE ON SUNDAY WITH WILL!!,0,35,short,0.0,0.0,1.0,date sunday,0.13692946058091288
spam,"XXXMobileMovieClub: To use your credit, click the WAP link in the next txt message or click here>> http://wap. xxxmobilemovieclub.com?n=QJKGIGHJJGCBL",1,149,long,1.0,0.0,0.0,xxxmobilemovieclub use credit click wap link next txt message click xxxmobilemovieclubcomnqjkgighjjgcbl,0.6099585062240664
ham,Oh k...i'm watching here:),0,26,short,0.0,0.0,1.0,oh kim watching,0.09958506224066391
ham,Eh u remember how 2 spell his name... Yes i did. He v naughty make until i v wet.,0,81,medium,0.0,1.0,0.0,eh remember spell name yes naughty make wet,0.3278008298755187
ham,Fine if thatåÕs the way u feel. ThatåÕs the way its gota b,0,58,medium,0.0,1.0,0.0,fine thatåõs way feel thatåõs way gota,0.23236514522821577
spam,"England v Macedonia - dont miss the goals/team news. Txt ur national team to 87077 eg ENGLAND to 87077 Try:WALES, SCOTLAND 4txt/Ì¼1.20 POBOXox36504W45WQ 16+",1,156,long,1.0,0.0,0.0,england macedonia dont miss goalsteam news txt ur national team eg england trywales scotland txtì¼ poboxox wq,0.6390041493775934
ham,Is that seriously how you spell his name?,0,41,medium,0.0,1.0,0.0,seriously spell name,0.16182572614107885
ham,IÛ÷m going to try for 2 months ha ha only joking,0,49,medium,0.0,1.0,0.0,iû÷m going try months ha ha joking,0.1950207468879668
ham,So Ì_ pay first lar... Then when is da stock comin...,0,53,medium,0.0,1.0,0.0,pay first lar da stock comin,0.21161825726141079
ham,Aft i finish my lunch then i go str down lor. Ard 3 smth lor. U finish ur lunch already?,0,88,medium,0.0,1.0,0.0,aft finish lunch go str lor ard smth lor finish ur lunch already,0.3568464730290456
ham,Ffffffffff. Alright no way I can meet up with you sooner?,0,57,medium,0.0,1.0,0.0,ffffffffff alright way meet sooner,0.22821576763485477
ham,Just forced myself to eat a slice. I'm really not hungry tho. This sucks. Mark is getting worried. He knows I'm sick when I turn down pizza. Lol,0,144,long,1.0,0.0,0.0,forced eat slice im really hungry tho sucks mark getting worried knows im sick turn pizza lol,0.5892116182572614
ham,Lol your always so convincing.,0,30,short,0.0,0.0,1.0,lol always convincing,0.11618257261410789
ham,Did you catch the bus ? Are you frying an egg ? Did you make a tea? Are you eating your mom's left over dinner ? Do you feel my Love ?,0,134,long,1.0,0.0,0.0,catch bus frying egg make tea eating moms left dinner feel love,0.5477178423236515
ham,"I'm back &amp; we're packing the car now, I'll let you know if there's room",0,75,medium,0.0,1.0,0.0,im back amp packing car ill let know theres room,0.3029045643153527
ham,Ahhh. Work. I vaguely remember that! What does it feel like? Lol,0,64,medium,0.0,1.0,0.0,ahhh work vaguely remember feel like lol,0.2572614107883817
ham,"Wait that's still not all that clear, were you not sure about me being sarcastic or that that's why x doesn't want to live with us",0,130,long,1.0,0.0,0.0,wait thats still clear sure sarcastic thats doesnt want live us,0.5311203319502075
ham,Yeah he got in at 2 and was v apologetic. n had fallen out and she was actin like spoilt child and he got caught up in that. Till 2! But we won't go there! Not doing too badly cheers. You? ,0,189,long,1.0,0.0,0.0,yeah got apologetic fallen actin like spoilt child got caught till wont go badly cheers,0.7759336099585062
ham,K tell me anything about you.,0,29,short,0.0,0.0,1.0,tell anything,0.11203319502074689
ham,For fear of fainting with the of all that housework you just did? Quick have a cuppa,0,84,medium,0.0,1.0,0.0,fear fainting housework quick cuppa,0.3402489626556016
spam,Thanks for your subscription to Ringtone UK your mobile will be charged å£5/month Please confirm by replying YES or NO. If you reply NO you will not be charged,1,159,long,1.0,0.0,0.0,thanks subscription ringtone uk mobile charged å£ month please confirm replying yes reply charged,0.6514522821576764
ham,Yup... Ok i go home look at the timings then i msg Ì_ again... Xuhui going to learn on 2nd may too but her lesson is at 8am,0,123,long,1.0,0.0,0.0,yup ok go home look timings msg xuhui going learn nd may lesson,0.5020746887966805
ham,"Oops, I'll let you know when my roommate's done",0,47,medium,0.0,1.0,0.0,oops ill let know roommates done,0.18672199170124482
ham,I see the letter B on my car,0,28,short,0.0,0.0,1.0,see letter car,0.1078838174273859
ham,Anything lor... U decide...,0,27,short,0.0,0.0,1.0,anything lor decide,0.1037344398340249
ham,Hello! How's you and how did saturday go? I was just texting to see if you'd decided to do anything tomo. Not that i'm trying to invite myself or anything!,0,155,long,1.0,0.0,0.0,hello hows saturday go texting see youd decided anything tomo im trying invite anything,0.6348547717842324
ham,Pls go ahead with watts. I just wanted to be sure. Do have a great weekend. Abiola,0,82,medium,0.0,1.0,0.0,pls go ahead watts wanted sure great weekend abiola,0.33195020746887965
ham,"Did I forget to tell you ? I want you , I need you, I crave you ... But most of all ... I love you my sweet Arabian steed ... Mmmmmm ... Yummy",0,142,long,1.0,0.0,0.0,forget tell want need crave love sweet arabian steed mmmmmm yummy,0.5809128630705395
spam,07732584351 - Rodger Burns - MSG = We tried to call you re your reply to our sms for a free nokia mobile + free camcorder. Please call now 08000930705 for delivery tomorrow,1,172,long,1.0,0.0,0.0,rodger burns msg tried call reply sms free nokia mobile free camcorder please call delivery tomorrow,0.7053941908713693
ham,WHO ARE YOU SEEING?,0,19,short,0.0,0.0,1.0,seeing,0.07053941908713693
ham,Great! I hope you like your man well endowed. I am  &lt;#&gt;  inches...,0,72,medium,0.0,1.0,0.0,great hope like man well endowed ltgt inches,0.2904564315352697
ham,No calls..messages..missed calls,0,32,short,0.0,0.0,1.0,callsmessagesmissed calls,0.12448132780082988
ham,Didn't you get hep b immunisation in nigeria.,0,45,medium,0.0,1.0,0.0,didnt get hep immunisation nigeria,0.17842323651452283
ham,"Fair enough, anything going on?",0,31,short,0.0,0.0,1.0,fair enough anything going,0.12033195020746887
ham,"Yeah hopefully, if tyler can't do it I could maybe ask around a bit",0,67,medium,0.0,1.0,0.0,yeah hopefully tyler cant could maybe ask around bit,0.2697095435684647
ham,U don't know how stubborn I am. I didn't even want to go to the hospital. I kept telling Mark I'm not a weak sucker. Hospitals are for weak suckers.,0,148,long,1.0,0.0,0.0,dont know stubborn didnt even want go hospital kept telling mark im weak sucker hospitals weak suckers,0.6058091286307055
ham,What you thinked about me. First time you saw me in class.,0,58,medium,0.0,1.0,0.0,thinked first time saw class,0.23236514522821577
ham,"A gram usually runs like  &lt;#&gt; , a half eighth is smarter though and gets you almost a whole second gram for  &lt;#&gt;",0,124,long,1.0,0.0,0.0,gram usually runs like ltgt half eighth smarter though gets almost whole second gram ltgt,0.5062240663900415
ham,K fyi x has a ride early tomorrow morning but he's crashing at our place tonight,0,80,medium,0.0,1.0,0.0,fyi ride early tomorrow morning hes crashing place tonight,0.32365145228215764
spam,SMS. ac Sptv: The New Jersey Devils and the Detroit Red Wings play Ice Hockey. Correct or Incorrect? End? Reply END SPTV,1,120,long,1.0,0.0,0.0,sms ac sptv new jersey devils detroit red wings play ice hockey correct incorrect end reply end sptv,0.4896265560165975
ham,Do you know what Mallika Sherawat did yesterday? Find out now @  &lt;URL&gt;,0,76,medium,0.0,1.0,0.0,know mallika sherawat yesterday find lturlgt,0.30705394190871366
spam,"Congrats! 1 year special cinema pass for 2 is yours. call 09061209465 now! C Suprman V, Matrix3, StarWars3, etc all 4 FREE! bx420-ip4-5we. 150pm. Dont miss out! ",1,161,long,1.0,0.0,0.0,congrats year special cinema pass call suprman matrix starwars etc free bx ip pm dont miss,0.6597510373443983
ham,"Sorry, I'll call later in meeting.",0,34,short,0.0,0.0,1.0,sorry ill call later meeting,0.13278008298755187
ham,Tell where you reached,0,22,short,0.0,0.0,1.0,tell reached,0.08298755186721991
ham,Yes..gauti and sehwag out of odi series.,0,40,medium,0.0,1.0,0.0,yesgauti sehwag odi series,0.15767634854771784
ham,Your gonna have to pick up a $1 burger for yourself on your way home. I can't even move. Pain is killing me.,0,108,long,1.0,0.0,0.0,gonna pick burger way home cant even move pain killing,0.43983402489626555
ham,Ha ha ha good joke. Girls are situation seekers.,0,48,medium,0.0,1.0,0.0,ha ha ha good joke girls situation seekers,0.19087136929460582
ham,Its a part of checking IQ,0,25,short,0.0,0.0,1.0,part checking iq,0.09543568464730291
ham,"Sorry my roommates took forever, it ok if I come by now?",0,56,medium,0.0,1.0,0.0,sorry roommates took forever ok come,0.22406639004149378
ham,Ok lar i double check wif da hair dresser already he said wun cut v short. He said will cut until i look nice.,0,110,long,1.0,0.0,0.0,ok lar double check wif da hair dresser already said wun cut short said cut look nice,0.4481327800829875
spam,"As a valued customer, I am pleased to advise you that following recent review of your Mob No. you are awarded with a å£1500 Bonus Prize, call 09066364589",1,153,long,1.0,0.0,0.0,valued customer pleased advise following recent review mob awarded å£ bonus prize call,0.6265560165975104
ham,"Today is \song dedicated day..\"" Which song will u dedicate for me? Send this to all ur valuable frnds but first rply me...""",0,124,long,1.0,0.0,0.0,today song dedicated day song dedicate send ur valuable frnds first rply,0.5062240663900415
spam,"Urgent UR awarded a complimentary trip to EuroDisinc Trav, Aco&Entry41 Or å£1000. To claim txt DIS to 87121 18+6*å£1.50(moreFrmMob. ShrAcomOrSglSuplt)10, LS1 3AJ",1,161,long,1.0,0.0,0.0,urgent ur awarded complimentary trip eurodisinc trav acoentry å£ claim txt dis å£ morefrmmob shracomorsglsuplt ls aj,0.6597510373443983
spam,"Did you hear about the new \Divorce Barbie\""? It comes with all of Ken's stuff!""",1,80,medium,0.0,1.0,0.0,hear new divorce barbie comes kens stuff,0.32365145228215764
ham,I plane to give on this month end.,0,34,short,0.0,0.0,1.0,plane give month end,0.13278008298755187
ham,Wah lucky man... Then can save money... Hee...,0,46,medium,0.0,1.0,0.0,wah lucky man save money hee,0.1825726141078838
ham,Finished class where are you.,0,29,short,0.0,0.0,1.0,finished class,0.11203319502074689
ham,HI BABE IM AT HOME NOW WANNA DO SOMETHING? XX,0,45,medium,0.0,1.0,0.0,hi babe im home wanna something xx,0.17842323651452283
ham,K..k:)where are you?how did you performed?,0,42,medium,0.0,1.0,0.0,kkwhere youhow performed,0.16597510373443983
ham,U can call me now...,0,20,short,0.0,0.0,1.0,call,0.07468879668049792
ham,I am waiting machan. Call me once you free.,0,43,medium,0.0,1.0,0.0,waiting machan call free,0.17012448132780084
ham,Thats cool. i am a gentleman and will treat you with dignity and respect.,0,73,medium,0.0,1.0,0.0,thats cool gentleman treat dignity respect,0.29460580912863066
ham,I like you peoples very much:) but am very shy pa.,0,50,medium,0.0,1.0,0.0,like peoples much shy pa,0.19917012448132781
ham,Does not operate after  &lt;#&gt;  or what,0,42,medium,0.0,1.0,0.0,operate ltgt,0.16597510373443983
ham,Its not the same here. Still looking for a job. How much do Ta's earn there.,0,76,medium,0.0,1.0,0.0,still looking job much tas earn,0.30705394190871366
ham,"Sorry, I'll call later",0,22,short,0.0,0.0,1.0,sorry ill call later,0.08298755186721991
ham,K. Did you call me just now ah? ,0,32,short,0.0,0.0,1.0,call ah,0.12448132780082988
ham,Ok i am on the way to home hi hi,0,32,short,0.0,0.0,1.0,ok way home hi hi,0.12448132780082988
ham,You will be in the place of that man,0,36,short,0.0,0.0,1.0,place man,0.14107883817427386
ham,Yup next stop.,0,14,short,0.0,0.0,1.0,yup next stop,0.049792531120331954
ham,"I call you later, don't have network. If urgnt, sms me.",0,55,medium,0.0,1.0,0.0,call later dont network urgnt sms,0.21991701244813278
ham,For real when u getting on yo? I only need 2 more tickets and one more jacket and I'm done. I already used all my multis.,0,121,long,1.0,0.0,0.0,real getting yo need tickets one jacket im done already used multis,0.4937759336099585
ham,Yes I started to send requests to make it but pain came back so I'm back in bed. Double coins at the factory too. I gotta cash in all my nitros.,0,144,long,1.0,0.0,0.0,yes started send requests make pain came back im back bed double coins factory gotta cash nitros,0.5892116182572614
ham,I'm really not up to it still tonight babe,0,42,medium,0.0,1.0,0.0,im really still tonight babe,0.16597510373443983
ham,"Ela kano.,il download, come wen ur free..",0,41,medium,0.0,1.0,0.0,ela kanoil download come wen ur free,0.16182572614107885
ham,Yeah do! DonÛ÷t stand to close tho- youÛ÷ll catch something!,0,62,medium,0.0,1.0,0.0,yeah donû÷t stand close tho youû÷ll catch something,0.24896265560165973
ham,Sorry to be a pain. Is it ok if we meet another night? I spent late afternoon in casualty and that means i haven't done any of y stuff42moro and that includes all my time sheets and that. Sorry. ,0,195,long,1.0,0.0,0.0,sorry pain ok meet another night spent late afternoon casualty means havent done stuff moro includes time sheets sorry,0.8008298755186722
ham,Smile in Pleasure Smile in Pain Smile when trouble pours like Rain Smile when sum1 Hurts U Smile becoz SOMEONE still Loves to see u Smiling!!,0,141,long,1.0,0.0,0.0,smile pleasure smile pain smile trouble pours like rain smile sum hurts smile becoz someone still loves see smiling,0.5767634854771785
spam,Please call our customer service representative on 0800 169 6031 between 10am-9pm as you have WON a guaranteed å£1000 cash or å£5000 prize!,1,139,long,1.0,0.0,0.0,please call customer service representative pm guaranteed å£ cash å£ prize,0.5684647302904564
ham,Havent planning to buy later. I check already lido only got 530 show in e afternoon. U finish work already?,0,107,long,1.0,0.0,0.0,havent planning buy later check already lido got show afternoon finish work already,0.4356846473029045
spam,"Your free ringtone is waiting to be collected. Simply text the password \MIX\"" to 85069 to verify. Get Usher and Britney. FML  PO Box 5249  MK17 92H. 450Ppw 16""",1,160,long,1.0,0.0,0.0,free ringtone waiting collected simply text password mix verify get usher britney fml po box mk ppw,0.6556016597510373
ham,Watching telugu movie..wat abt u?,0,33,short,0.0,0.0,1.0,watching telugu moviewat abt,0.1286307053941909
ham,i see. When we finish we have loads of loans to pay,0,51,medium,0.0,1.0,0.0,see finish loads loans pay,0.2033195020746888
ham,"Hi. Wk been ok - on hols now! Yes on for a bit of a run. Forgot that i have hairdressers appointment at four so need to get home n shower beforehand. Does that cause prob for u?\""ham""",0,184,long,1.0,0.0,0.0,hi wk ok hols yes bit run forgot hairdressers appointment four need get home shower beforehand cause prob ham,0.7551867219917012
ham,Please don't text me anymore. I have nothing else to say.,0,57,medium,0.0,1.0,0.0,please dont text anymore nothing else say,0.22821576763485477
ham,Okay name ur price as long as its legal! Wen can I pick them up? Y u ave x ams xx,0,81,medium,0.0,1.0,0.0,okay name ur price long legal wen pick ave ams xx,0.3278008298755187
ham,I'm still looking for a car to buy. And have not gone 4the driving test yet.,0,76,medium,0.0,1.0,0.0,im still looking car buy gone driving test yet,0.30705394190871366
ham,"wow. You're right! I didn't mean to do that. I guess once i gave up on boston men and changed my search location to nyc, something changed. Cuz on my signin page it still says boston.",0,183,long,1.0,0.0,0.0,wow youre right didnt mean guess gave boston men changed search location nyc something changed cuz signin page still says boston,0.7510373443983402
ham,Umma my life and vava umma love you lot dear,0,44,medium,0.0,1.0,0.0,umma life vava umma love lot dear,0.17427385892116182
ham,Thanks a lot for your wishes on my birthday. Thanks you for making my birthday truly memorable.,0,95,medium,0.0,1.0,0.0,thanks lot wishes birthday thanks making birthday truly memorable,0.3858921161825726
ham,"Aight, I'll hit you up when I get some cash",0,43,medium,0.0,1.0,0.0,aight ill hit get cash,0.17012448132780084
ham,How would my ip address test that considering my computer isn't a minecraft server,0,82,medium,0.0,1.0,0.0,would ip address test considering computer isnt minecraft server,0.33195020746887965
ham,I know! Grumpy old people. My mom was like you better not be lying. Then again I am always the one to play jokes...,0,115,long,1.0,0.0,0.0,know grumpy old people mom like better lying always one play jokes,0.46887966804979253
ham,Dont worry. I guess he's busy.,0,30,short,0.0,0.0,1.0,dont worry guess hes busy,0.11618257261410789
ham,What is the plural of the noun research?,0,40,medium,0.0,1.0,0.0,plural noun research,0.15767634854771784
ham,Going for dinner.msg you after.,0,31,short,0.0,0.0,1.0,going dinnermsg,0.12033195020746887
ham,I'm ok wif it cos i like 2 try new things. But i scared u dun like mah. Cos u said not too loud.,0,96,medium,0.0,1.0,0.0,im ok wif cos like try new things scared dun like mah cos said loud,0.3900414937759336
spam,GENT! We are trying to contact you. Last weekends draw shows that you won a å£1000 prize GUARANTEED. Call 09064012160. Claim Code K52. Valid 12hrs only. 150ppm,1,159,long,1.0,0.0,0.0,gent trying contact last weekends draw shows å£ prize guaranteed call claim code valid hrs ppm,0.6514522821576764
ham,"Wa, ur openin sentence very formal... Anyway, i'm fine too, juz tt i'm eatin too much n puttin on weight...Haha... So anythin special happened?",0,143,long,1.0,0.0,0.0,wa ur openin sentence formal anyway im fine juz tt im eatin much puttin weighthaha anythin special happened,0.5850622406639004
ham,"As I entered my cabin my PA said, '' Happy B'day Boss !!''. I felt special. She askd me 4 lunch. After lunch she invited me to her apartment. We went there.",0,156,long,1.0,0.0,0.0,entered cabin pa said happy bday boss felt special askd lunch lunch invited apartment went,0.6390041493775934
spam,You are a winner U have been specially selected 2 receive å£1000 or a 4* holiday (flights inc) speak to a live operator 2 claim 0871277810910p/min (18+) ,1,153,long,1.0,0.0,0.0,winner specially selected receive å£ holiday flights inc speak live operator claim pmin,0.6265560165975104
ham,Goodo! Yes we must speak friday - egg-potato ratio for tortilla needed! ,0,72,medium,0.0,1.0,0.0,goodo yes must speak friday eggpotato ratio tortilla needed,0.2904564315352697
ham,Hmm...my uncle just informed me that he's paying the school directly. So pls buy food.,0,86,medium,0.0,1.0,0.0,hmmmy uncle informed hes paying school directly pls buy food,0.34854771784232363
spam,PRIVATE! Your 2004 Account Statement for 07742676969 shows 786 unredeemed Bonus Points. To claim call 08719180248 Identifier Code: 45239 Expires,1,144,long,1.0,0.0,0.0,private account statement shows unredeemed bonus points claim call identifier code expires,0.5892116182572614
spam,"URGENT! Your Mobile No. was awarded å£2000 Bonus Caller Prize on 5/9/03 This is our final try to contact U! Call from Landline 09064019788 BOX42WR29C, 150PPM",1,157,long,1.0,0.0,0.0,urgent mobile awarded å£ bonus caller prize final try contact call landline box wr ppm,0.6431535269709544
ham,here is my new address -apples&pairs&all that malarky,0,53,medium,0.0,1.0,0.0,new address applespairsall malarky,0.21161825726141079
spam,Todays Voda numbers ending 7548 are selected to receive a $350 award. If you have a match please call 08712300220 quoting claim code 4041 standard rates app,1,156,long,1.0,0.0,0.0,todays voda numbers ending selected receive award match please call quoting claim code standard rates app,0.6390041493775934
ham,I am going to sao mu today. Will be done only at 12 ,0,52,medium,0.0,1.0,0.0,going sao mu today done,0.2074688796680498
ham,ÌÏ predict wat time Ì_'ll finish buying?,0,40,medium,0.0,1.0,0.0,ìï predict wat time ìll finish buying,0.15767634854771784
ham,"Good stuff, will do.",0,20,short,0.0,0.0,1.0,good stuff,0.07468879668049792
ham,Are you there in room.,0,22,short,0.0,0.0,1.0,room,0.08298755186721991
ham,HEY GIRL. HOW R U? HOPE U R WELL ME AN DEL R BAK! AGAIN LONG TIME NO C! GIVE ME A CALL SUM TIME FROM LUCYxx,0,107,long,1.0,0.0,0.0,hey girl hope well del bak long time give call sum time lucyxx,0.4356846473029045
ham,K..k:)how much does it cost?,0,28,short,0.0,0.0,1.0,kkhow much cost,0.1078838174273859
ham,I'm home.,0,9,short,0.0,0.0,1.0,im home,0.029045643153526972
ham,"Dear, will call Tmorrow.pls accomodate.",0,39,short,0.0,0.0,1.0,dear call tmorrowpls accomodate,0.15352697095435686
ham,First answer my question.,0,25,short,0.0,0.0,1.0,first answer question,0.09543568464730291
spam,Sunshine Quiz Wkly Q! Win a top Sony DVD player if u know which country the Algarve is in? Txt ansr to 82277. å£1.50 SP:Tyrone,1,126,long,1.0,0.0,0.0,sunshine quiz wkly win top sony dvd player know country algarve txt ansr å£ sptyrone,0.5145228215767635
spam,Want 2 get laid tonight? Want real Dogging locations sent direct 2 ur mob? Join the UK's largest Dogging Network bt Txting GRAVEL to 69888! Nt. ec2a. 31p.msg@150p,1,162,long,1.0,0.0,0.0,want get laid tonight want real dogging locations sent direct ur mob join uks largest dogging network bt txting gravel nt ec pmsg,0.6639004149377594
ham,I only haf msn. It's yijue@hotmail.com,0,38,short,0.0,0.0,1.0,haf msn yijuehotmailcom,0.14937759336099585
ham,He is there. You call and meet him,0,34,short,0.0,0.0,1.0,call meet,0.13278008298755187
ham,No no. I will check all rooms befor activities,0,46,medium,0.0,1.0,0.0,check rooms befor activities,0.1825726141078838
spam,You'll not rcv any more msgs from the chat svc. For FREE Hardcore services text GO to: 69988 If u get nothing u must Age Verify with yr network & try again,1,155,long,1.0,0.0,0.0,youll rcv msgs chat svc free hardcore services text go get nothing must age verify yr network try,0.6348547717842324
ham,Got c... I lazy to type... I forgot Ì_ in lect... I saw a pouch but like not v nice...,0,86,medium,0.0,1.0,0.0,got lazy type forgot lect saw pouch like nice,0.34854771784232363
ham,"K, text me when you're on the way",0,33,short,0.0,0.0,1.0,text youre way,0.1286307053941909
ham,"Sir, Waiting for your mail.",0,27,short,0.0,0.0,1.0,sir waiting mail,0.1037344398340249
ham,"A swt thought: \Nver get tired of doing little things 4 lovable persons..\"" Coz..somtimes those little things occupy d biggest part in their Hearts.. Gud ni8""",0,158,long,1.0,0.0,0.0,swt thought nver get tired little things lovable persons cozsomtimes little things occupy biggest part hearts gud ni,0.6473029045643154
ham,I know you are. Can you pls open the back?,0,42,medium,0.0,1.0,0.0,know pls open back,0.16597510373443983
ham,Yes see ya not on the dot,0,25,short,0.0,0.0,1.0,yes see ya dot,0.09543568464730291
ham,Whats the staff name who is taking class for us?,0,48,medium,0.0,1.0,0.0,whats staff name taking class us,0.19087136929460582
spam,"FreeMsg Why haven't you replied to my text? I'm Randy, sexy, female and live local. Luv to hear from u. Netcollex Ltd 08700621170150p per msg reply Stop to end",1,159,long,1.0,0.0,0.0,freemsg havent replied text im randy sexy female live local luv hear netcollex ltd per msg reply stop end,0.6514522821576764
ham,Ummma.will call after check in.our life will begin from qatar so pls pray very hard.,0,84,medium,0.0,1.0,0.0,ummmawill call check inour life begin qatar pls pray hard,0.3402489626556016
ham,K..i deleted my contact that why?,0,33,short,0.0,0.0,1.0,ki deleted contact,0.1286307053941909
ham,Sindu got job in birla soft ..,0,30,short,0.0,0.0,1.0,sindu got job birla soft,0.11618257261410789
ham,The wine is flowing and i'm i have nevering..,0,45,medium,0.0,1.0,0.0,wine flowing im nevering,0.17842323651452283
ham,Yup i thk cine is better cos no need 2 go down 2 plaza mah.,0,59,medium,0.0,1.0,0.0,yup thk cine better cos need go plaza mah,0.23651452282157676
ham,Ok... Ur typical reply...,0,25,short,0.0,0.0,1.0,ok ur typical reply,0.09543568464730291
ham,Aaooooright are you at work?,0,28,short,0.0,0.0,1.0,aaooooright work,0.1078838174273859
ham,I'm leaving my house now...,0,27,short,0.0,0.0,1.0,im leaving house,0.1037344398340249
ham,"Hello, my love. What are you doing? Did you get to that interview today? Are you you happy? Are you being a good boy? Do you think of me?Are you missing me ?",0,157,long,1.0,0.0,0.0,hello love get interview today happy good boy think meare missing,0.6431535269709544
spam,Customer service annoncement. You have a New Years delivery waiting for you. Please call 07046744435 now to arrange delivery,1,124,long,1.0,0.0,0.0,customer service annoncement new years delivery waiting please call arrange delivery,0.5062240663900415
spam,You are a winner U have been specially selected 2 receive å£1000 cash or a 4* holiday (flights inc) speak to a live operator 2 claim 0871277810810,1,146,long,1.0,0.0,0.0,winner specially selected receive å£ cash holiday flights inc speak live operator claim,0.5975103734439834
ham,Keep yourself safe for me because I need you and I miss you already and I envy everyone that see's you in real life,0,115,long,1.0,0.0,0.0,keep safe need miss already envy everyone sees real life,0.46887966804979253
ham,New car and house for my parents.:)i have only new job in hand:),0,64,medium,0.0,1.0,0.0,new car house parentsi new job hand,0.2572614107883817
ham,I'm so in love with you. I'm excited each day i spend with you. You make me so happy.,0,85,medium,0.0,1.0,0.0,im love im excited day spend make happy,0.34439834024896265
spam,-PLS STOP bootydelious (32/F) is inviting you to be her friend. Reply YES-434 or NO-434 See her: www.SMS.ac/u/bootydelious STOP? Send STOP FRND to 62468,1,152,long,1.0,0.0,0.0,pls stop bootydelious inviting friend reply yes see stop send stop frnd,0.6224066390041494
spam,"BangBabes Ur order is on the way. U SHOULD receive a Service Msg 2 download UR content. If U do not, GoTo wap. bangb. tv on UR mobile internet/service menu",1,155,long,1.0,0.0,0.0,bangbabes ur order way receive service msg download ur content goto wap bangb tv ur mobile internetservice menu,0.6348547717842324
ham,I place all ur points on e cultures module already.,0,51,medium,0.0,1.0,0.0,place ur points cultures module already,0.2033195020746888
spam,URGENT! We are trying to contact you. Last weekends draw shows that you have won a å£900 prize GUARANTEED. Call 09061701939. Claim code S89. Valid 12hrs only,1,157,long,1.0,0.0,0.0,urgent trying contact last weekends draw shows å£ prize guaranteed call claim code valid hrs,0.6431535269709544
ham,"Hi frnd, which is best way to avoid missunderstding wit our beloved one's?",0,74,medium,0.0,1.0,0.0,hi frnd best way avoid missunderstding wit beloved ones,0.2987551867219917
ham,Great escape. I fancy the bridge but needs her lager. See you tomo ,0,67,medium,0.0,1.0,0.0,great escape fancy bridge needs lager see tomo,0.2697095435684647
ham,Yes :)it completely in out of form:)clark also utter waste.,0,59,medium,0.0,1.0,0.0,yes completely formclark also utter waste,0.23651452282157676
ham,"Sir, I need AXIS BANK account no and bank address.",0,50,medium,0.0,1.0,0.0,sir need axis bank account bank address,0.19917012448132781
ham,"Hmmm.. Thk sure got time to hop ard... Ya, can go 4 free abt... Muz call u to discuss liao... ",0,94,medium,0.0,1.0,0.0,hmmm thk sure got time hop ard ya go free abt muz call discuss liao,0.3817427385892116
ham,What time you coming down later? ,0,33,short,0.0,0.0,1.0,time coming later,0.1286307053941909
ham,"Bloody hell, cant believe you forgot my surname Mr . Ill give u a clue, its spanish and begins with m... ",0,105,long,1.0,0.0,0.0,bloody hell cant believe forgot surname mr ill give clue spanish begins,0.42738589211618255
ham,"Well, i'm gonna finish my bath now. Have a good...fine night.",0,61,medium,0.0,1.0,0.0,well im gonna finish bath goodfine night,0.24481327800829875
ham,Let me know when you've got the money so carlos can make the call,0,65,medium,0.0,1.0,0.0,let know youve got money carlos make call,0.2614107883817427
ham,U still going to the mall?,0,26,short,0.0,0.0,1.0,still going mall,0.09958506224066391
ham,"Turns out my friends are staying for the whole show and won't be back til ~ &lt;#&gt; , so feel free to go ahead and smoke that $ &lt;#&gt;  worth",0,146,long,1.0,0.0,0.0,turns friends staying whole show wont back til ltgt feel free go ahead smoke ltgt worth,0.5975103734439834
ham,Text her. If she doesnt reply let me know so i can have her log in,0,66,medium,0.0,1.0,0.0,text doesnt reply let know log,0.26556016597510373
ham,Hi! You just spoke to MANEESHA V. We'd like to know if you were satisfied with the experience. Reply Toll Free with Yes or No.,0,126,long,1.0,0.0,0.0,hi spoke maneesha wed like know satisfied experience reply toll free yes,0.5145228215767635
ham,You lifted my hopes with the offer of money. I am in need. Especially when the end of the month approaches and it hurts my studying. Anyways have a gr8 weekend,0,159,long,1.0,0.0,0.0,lifted hopes offer money need especially end month approaches hurts studying anyways gr weekend,0.6514522821576764
ham,Lol no. U can trust me.,0,23,short,0.0,0.0,1.0,lol trust,0.08713692946058091
ham,ok. I am a gentleman and will treat you with dignity and respect.,0,65,medium,0.0,1.0,0.0,ok gentleman treat dignity respect,0.2614107883817427
ham,"He will, you guys close?",0,24,short,0.0,0.0,1.0,guys close,0.09128630705394192
ham,Going on nothing great.bye,0,26,short,0.0,0.0,1.0,going nothing greatbye,0.09958506224066391
ham,Hello handsome ! Are you finding that job ? Not being lazy ? Working towards getting back that net for mummy ? Where's my boytoy now ? Does he miss me ?,0,152,long,1.0,0.0,0.0,hello handsome finding job lazy working towards getting back net mummy wheres boytoy miss,0.6224066390041494
ham,"Haha awesome, be there in a minute",0,34,short,0.0,0.0,1.0,haha awesome minute,0.13278008298755187
spam,Please call our customer service representative on FREEPHONE 0808 145 4742 between 9am-11pm as you have WON a guaranteed å£1000 cash or å£5000 prize!,1,149,long,1.0,0.0,0.0,please call customer service representative freephone pm guaranteed å£ cash å£ prize,0.6099585062240664
ham,Have you got Xmas radio times. If not i will get it now,0,55,medium,0.0,1.0,0.0,got xmas radio times get,0.21991701244813278
ham,I jus reached home. I go bathe first. But my sis using net tell u when she finishes k...,0,88,medium,0.0,1.0,0.0,jus reached home go bathe first sis using net tell finishes,0.3568464730290456
spam,Are you unique enough? Find out from 30th August. www.areyouunique.co.uk,1,72,medium,0.0,1.0,0.0,unique enough find th august,0.2904564315352697
ham,I'm sorry. I've joined the league of people that dont keep in touch. You mean a great deal to me. You have been a friend at all times even at great personal cost. Do have a great week.|,0,185,long,1.0,0.0,0.0,im sorry ive joined league people dont keep touch mean great deal friend times even great personal cost great week,0.7593360995850623
ham,Hi :)finally i completed the course:),0,37,short,0.0,0.0,1.0,hi finally completed course,0.14522821576763487
ham,It will stop on itself. I however suggest she stays with someone that will be able to give ors for every stool.,0,111,long,1.0,0.0,0.0,stop however suggest stays someone able give ors every stool,0.4522821576763485
ham,How are you doing? Hope you've settled in for the new school year. Just wishin you a gr8 day,0,92,medium,0.0,1.0,0.0,hope youve settled new school year wishin gr day,0.3734439834024896
ham,Gud mrng dear hav a nice day,0,28,short,0.0,0.0,1.0,gud mrng dear hav nice day,0.1078838174273859
ham,Did u got that persons story,0,28,short,0.0,0.0,1.0,got persons story,0.1078838174273859
ham,is your hamster dead? Hey so tmr i meet you at 1pm orchard mrt? ,0,64,medium,0.0,1.0,0.0,hamster dead hey tmr meet pm orchard mrt,0.2572614107883817
ham,Hi its Kate how is your evening? I hope i can see you tomorrow for a bit but i have to bloody babyjontet! Txt back if u can. :) xxx,0,131,long,1.0,0.0,0.0,hi kate evening hope see tomorrow bit bloody babyjontet txt back xxx,0.5352697095435685
ham,"Found it, ENC  &lt;#&gt; , where you at?",0,40,medium,0.0,1.0,0.0,found enc ltgt,0.15767634854771784
ham,I sent you  &lt;#&gt;  bucks,0,28,short,0.0,0.0,1.0,sent ltgt bucks,0.1078838174273859
ham,Hello darlin ive finished college now so txt me when u finish if u can love Kate xxx,0,84,medium,0.0,1.0,0.0,hello darlin ive finished college txt finish love kate xxx,0.3402489626556016
ham,Your account has been refilled successfully by INR  &lt;DECIMAL&gt; . Your KeralaCircle prepaid account balance is Rs  &lt;DECIMAL&gt; . Your Transaction ID is KR &lt;#&gt; .,0,174,long,1.0,0.0,0.0,account refilled successfully inr ltdecimalgt keralacircle prepaid account balance rs ltdecimalgt transaction id kr ltgt,0.7136929460580913
ham,Goodmorning sleeping ga.,0,24,short,0.0,0.0,1.0,goodmorning sleeping ga,0.09128630705394192
ham,U call me alter at 11 ok.,0,25,short,0.0,0.0,1.0,call alter ok,0.09543568464730291
ham,ÌÏ say until like dat i dun buy ericsson oso cannot oredi lar...,0,64,medium,0.0,1.0,0.0,ìï say like dat dun buy ericsson oso cannot oredi lar,0.2572614107883817
ham,"Aight yo, dats straight dogg",0,28,short,0.0,0.0,1.0,aight yo dats straight dogg,0.1078838174273859
ham,You please give us connection today itself before  &lt;DECIMAL&gt;  or refund the bill,0,86,medium,0.0,1.0,0.0,please give us connection today ltdecimalgt refund bill,0.34854771784232363
ham,Both :) i shoot big loads so get ready!,0,39,short,0.0,0.0,1.0,shoot big loads get ready,0.15352697095435686
ham,"What's up bruv, hope you had a great break. Do have a rewarding semester.",0,73,medium,0.0,1.0,0.0,whats bruv hope great break rewarding semester,0.29460580912863066
ham,Home so we can always chat,0,26,short,0.0,0.0,1.0,home always chat,0.09958506224066391
ham,K:)k:)good:)study well.,0,23,short,0.0,0.0,1.0,kkgoodstudy well,0.08713692946058091
ham,Yup... How Ì_ noe leh...,0,24,short,0.0,0.0,1.0,yup noe leh,0.09128630705394192
ham,Sounds great! Are you home now?,0,31,short,0.0,0.0,1.0,sounds great home,0.12033195020746887
ham,Finally the match heading towards draw as your prediction.,0,58,medium,0.0,1.0,0.0,finally match heading towards draw prediction,0.23236514522821577
ham,Tired. I haven't slept well the past few nights.,0,48,medium,0.0,1.0,0.0,tired havent slept well past nights,0.19087136929460582
ham,Easy ah?sen got selected means its good..,0,41,medium,0.0,1.0,0.0,easy ahsen got selected means good,0.16182572614107885
ham,I have to take exam with march 3,0,32,short,0.0,0.0,1.0,take exam march,0.12448132780082988
ham,Yeah you should. I think you can use your gt atm now to register. Not sure but if there's anyway i can help let me know. But when you do be sure you are ready.,0,159,long,1.0,0.0,0.0,yeah think use gt atm register sure theres anyway help let know sure ready,0.6514522821576764
ham,Ok no prob. Take ur time.,0,25,short,0.0,0.0,1.0,ok prob take ur time,0.09543568464730291
ham,There is os called ubandu which will run without installing in hard disk...you can use that os to copy the important files in system and give it to repair shop..,0,161,long,1.0,0.0,0.0,os called ubandu run without installing hard diskyou use os copy important files system give repair shop,0.6597510373443983
ham,U say leh... Of course nothing happen lar. Not say v romantic jus a bit only lor. I thk e nite scenery not so nice leh.,0,119,long,1.0,0.0,0.0,say leh course nothing happen lar say romantic jus bit lor thk nite scenery nice leh,0.4854771784232365
spam,"500 New Mobiles from 2004, MUST GO! Txt: NOKIA to No: 89545 & collect yours today!From ONLY å£1 www.4-tc.biz 2optout 087187262701.50gbp/mtmsg18",1,143,long,1.0,0.0,0.0,new mobiles must go txt nokia collect todayfrom å£ optout gbpmtmsg,0.5850622406639004
ham,Would really appreciate if you call me. Just need someone to talk to.,0,69,medium,0.0,1.0,0.0,would really appreciate call need someone talk,0.2780082987551867
spam,"Will u meet ur dream partner soon? Is ur career off 2 a flyng start? 2 find out free, txt HORO followed by ur star sign, e. g. HORO ARIES",1,137,long,1.0,0.0,0.0,meet ur dream partner soon ur career flyng start find free txt horo followed ur star sign horo aries,0.5601659751037344
ham,Hey company elama po mudyadhu.,0,30,short,0.0,0.0,1.0,hey company elama po mudyadhu,0.11618257261410789
ham,"Life is more strict than teacher... Bcoz Teacher teaches lesson &amp; then conducts exam, But Life first conducts Exam &amp; then teaches Lessons. Happy morning. . .",0,165,long,1.0,0.0,0.0,life strict teacher bcoz teacher teaches lesson amp conducts exam life first conducts exam amp teaches lessons happy morning,0.6763485477178424
ham,Dear good morning now only i am up,0,34,short,0.0,0.0,1.0,dear good morning,0.13278008298755187
ham,Get down in gandhipuram and walk to cross cut road. Right side &lt;#&gt; street road and turn at first right.,0,109,long,1.0,0.0,0.0,get gandhipuram walk cross cut road right side ltgt street road turn first right,0.44398340248962653
ham,Dear we are going to our rubber place,0,37,short,0.0,0.0,1.0,dear going rubber place,0.14522821576763487
ham,"Sorry battery died, yeah I'm here",0,33,short,0.0,0.0,1.0,sorry battery died yeah im,0.1286307053941909
ham,Yes:)here tv is always available in work place..,0,48,medium,0.0,1.0,0.0,yeshere tv always available work place,0.19087136929460582
spam,Text & meet someone sexy today. U can find a date or even flirt its up to U. Join 4 just 10p. REPLY with NAME & AGE eg Sam 25. 18 -msg recd@thirtyeight pence,1,157,long,1.0,0.0,0.0,text meet someone sexy today find date even flirt join reply name age eg sam msg recdthirtyeight pence,0.6431535269709544
ham,I have printed it oh. So  &lt;#&gt;  come upstairs,0,50,medium,0.0,1.0,0.0,printed oh ltgt come upstairs,0.19917012448132781
ham,Or ill be a little closer like at the bus stop on the same street,0,65,medium,0.0,1.0,0.0,ill little closer like bus stop street,0.2614107883817427
ham,Where are you?when wil you reach here?,0,38,short,0.0,0.0,1.0,youwhen wil reach,0.14937759336099585
ham,"New Theory: Argument wins d SITUATION, but loses the PERSON. So dont argue with ur friends just.. . . . kick them &amp; say, I'm always correct.!",0,145,long,1.0,0.0,0.0,new theory argument wins situation loses person dont argue ur friends kick amp say im always correct,0.5933609958506224
spam,U 447801259231 have a secret admirer who is looking 2 make contact with U-find out who they R*reveal who thinks UR so special-call on 09058094597,1,145,long,1.0,0.0,0.0,secret admirer looking make contact ufind rreveal thinks ur specialcall,0.5933609958506224
ham,Tomarrow final hearing on my laptop case so i cant.,0,51,medium,0.0,1.0,0.0,tomarrow final hearing laptop case cant,0.2033195020746888
ham,PLEASSSSSSSEEEEEE TEL ME V AVENT DONE SPORTSx,0,45,medium,0.0,1.0,0.0,pleassssssseeeeee tel avent done sportsx,0.17842323651452283
ham,"Okay. No no, just shining on. That was meant to be signing, but that sounds better.",0,83,medium,0.0,1.0,0.0,okay shining meant signing sounds better,0.33609958506224064
ham,"Although i told u dat i'm into baig face watches now but i really like e watch u gave cos it's fr u. Thanx 4 everything dat u've done today, i'm touched...",0,155,long,1.0,0.0,0.0,although told dat im baig face watches really like watch gave cos fr thanx everything dat uve done today im touched,0.6348547717842324
ham,U don't remember that old commercial?,0,37,short,0.0,0.0,1.0,dont remember old commercial,0.14522821576763487
ham,Too late. I said i have the website. I didn't i have or dont have the slippers,0,78,medium,0.0,1.0,0.0,late said website didnt dont slippers,0.3153526970954357
ham,I asked you to call him now ok,0,30,short,0.0,0.0,1.0,asked call ok,0.11618257261410789
ham,Kallis wont bat in 2nd innings.,0,31,short,0.0,0.0,1.0,kallis wont bat nd innings,0.12033195020746887
ham,It didnt work again oh. Ok goodnight then. I.ll fix and have it ready by the time you wake up. You are very dearly missed have a good night sleep.,0,146,long,1.0,0.0,0.0,didnt work oh ok goodnight ill fix ready time wake dearly missed good night sleep,0.5975103734439834
spam,Congratulations ur awarded 500 of CD vouchers or 125gift guaranteed & Free entry 2 100 wkly draw txt MUSIC to 87066 TnCs www.Ldew.com1win150ppmx3age16,1,150,long,1.0,0.0,0.0,congratulations ur awarded cd vouchers gift guaranteed free entry wkly draw txt music tncs,0.6141078838174274
ham,Ranjith cal drpd Deeraj and deepak 5min hold,0,44,medium,0.0,1.0,0.0,ranjith cal drpd deeraj deepak min hold,0.17427385892116182
ham,"Wen ur lovable bcums angry wid u, dnt take it seriously.. Coz being angry is d most childish n true way of showing deep affection, care n luv!.. kettoda manda... Have nice day da.",0,179,long,1.0,0.0,0.0,wen ur lovable bcums angry wid dnt take seriously coz angry childish true way showing deep affection care luv kettoda manda nice day da,0.7344398340248963
ham,What you doing?how are you?,0,27,short,0.0,0.0,1.0,doinghow,0.1037344398340249
ham,"Ups which is 3days also, and the shipping company that takes 2wks. The other way is usps which takes a week but when it gets to lag you may have to bribe nipost to get your stuff.",0,179,long,1.0,0.0,0.0,ups days also shipping company takes wks way usps takes week gets lag may bribe nipost get stuff,0.7344398340248963
ham,"I'm back, lemme know when you're ready",0,38,short,0.0,0.0,1.0,im back lemme know youre ready,0.14937759336099585
ham,Don't necessarily expect it to be done before you get back though because I'm just now headin out,0,97,medium,0.0,1.0,0.0,dont necessarily expect done get back though im headin,0.3941908713692946
ham,Mmm so yummy babe ... Nice jolt to the suzy,0,43,medium,0.0,1.0,0.0,mmm yummy babe nice jolt suzy,0.17012448132780084
ham,Where are you lover ? I need you ...,0,36,short,0.0,0.0,1.0,lover need,0.14107883817427386
spam,We tried to contact you re your reply to our offer of a Video Handset? 750 anytime networks mins? UNLIMITED TEXT? Camcorder? Reply or call 08000930705 NOW,1,154,long,1.0,0.0,0.0,tried contact reply offer video handset anytime networks mins unlimited text camcorder reply call,0.6307053941908713
ham,IÛ÷m parked next to a MINI!!!! When are you coming in today do you think?,0,74,medium,0.0,1.0,0.0,iû÷m parked next mini coming today think,0.2987551867219917
ham,Yup,0,3,short,0.0,0.0,1.0,yup,0.004149377593360997
ham,Anyway i'm going shopping on my own now. Cos my sis not done yet. Dun disturb u liao.,0,85,medium,0.0,1.0,0.0,anyway im going shopping cos sis done yet dun disturb liao,0.34439834024896265
ham,MY NO. IN LUTON 0125698789 RING ME IF UR AROUND! H*,0,51,medium,0.0,1.0,0.0,luton ring ur around,0.2033195020746888
spam,Hey I am really horny want to chat or see me naked text hot to 69698 text charged at 150pm to unsubscribe text stop 69698,1,121,long,1.0,0.0,0.0,hey really horny want chat see naked text hot text charged pm unsubscribe text stop,0.4937759336099585
ham,Why you Dint come with us.,0,26,short,0.0,0.0,1.0,dint come us,0.09958506224066391
ham,Same. Wana plan a trip sometme then,0,35,short,0.0,0.0,1.0,wana plan trip sometme,0.13692946058091288
ham,"Not sure yet, still trying to get a hold of him",0,47,medium,0.0,1.0,0.0,sure yet still trying get hold,0.18672199170124482
spam,Ur ringtone service has changed! 25 Free credits! Go to club4mobiles.com to choose content now! Stop? txt CLUB STOP to 87070. 150p/wk Club4 PO Box1146 MK45 2WT,1,159,long,1.0,0.0,0.0,ur ringtone service changed free credits go club mobilescom choose content stop txt club stop pwk club po box mk wt,0.6514522821576764
ham,The evo. I just had to download flash. Jealous?,0,47,medium,0.0,1.0,0.0,evo download flash jealous,0.18672199170124482
spam,Ringtone Club: Get the UK singles chart on your mobile each week and choose any top quality ringtone! This message is free of charge.,1,133,long,1.0,0.0,0.0,ringtone club get uk singles chart mobile week choose top quality ringtone message free charge,0.5435684647302905
ham,"Come to mu, we're sorting out our narcotics situation",0,53,medium,0.0,1.0,0.0,come mu sorting narcotics situation,0.21161825726141079
ham,"Night has ended for another day, morning has come in a special way. May you smile like the sunny rays and leaves your worries at the blue blue bay.",0,147,long,1.0,0.0,0.0,night ended another day morning come special way may smile like sunny rays leaves worries blue blue bay,0.6016597510373445
spam,HMV BONUS SPECIAL 500 pounds of genuine HMV vouchers to be won. Just answer 4 easy questions. Play Now! Send HMV to 86688 More info:www.100percent-real.com,1,155,long,1.0,0.0,0.0,hmv bonus special pounds genuine hmv vouchers answer easy questions play send hmv info,0.6348547717842324
ham,"Usf I guess, might as well take 1 car",0,37,short,0.0,0.0,1.0,usf guess might well take car,0.14522821576763487
ham,No objection. My bf not coming.,0,31,short,0.0,0.0,1.0,objection bf coming,0.12033195020746887
ham,Thanx...,0,8,short,0.0,0.0,1.0,thanx,0.024896265560165977
ham,Tell rob to mack his gf in the theater,0,38,short,0.0,0.0,1.0,tell rob mack gf theater,0.14937759336099585
ham,"Awesome, I'll see you in a bit",0,30,short,0.0,0.0,1.0,awesome ill see bit,0.11618257261410789
ham,Just sent it. So what type of food do you like?,0,47,medium,0.0,1.0,0.0,sent type food like,0.18672199170124482
ham,All done? All handed in? Celebrations in full swing yet?,0,56,medium,0.0,1.0,0.0,done handed celebrations full swing yet,0.22406639004149378
ham,You got called a tool?,0,22,short,0.0,0.0,1.0,got called tool,0.08298755186721991
ham,"\Wen u miss someone  the person is definitely special for u..... But if the person is so special  why to miss them  just Keep-in-touch\"" gdeve..""",0,145,long,1.0,0.0,0.0,wen miss someone person definitely special person special miss keepintouch gdeve,0.5933609958506224
ham,Ok. I asked for money how far,0,29,short,0.0,0.0,1.0,ok asked money far,0.11203319502074689
ham,Okie...,0,7,short,0.0,0.0,1.0,okie,0.020746887966804982
ham,"Yeah I think my usual guy's still passed out from last night, if you get ahold of anybody let me know and I'll throw down",0,121,long,1.0,0.0,0.0,yeah think usual guys still passed last night get ahold anybody let know ill throw,0.4937759336099585
ham,"K, I might come by tonight then if my class lets out early",0,58,medium,0.0,1.0,0.0,might come tonight class lets early,0.23236514522821577
ham,Ok..,0,4,short,0.0,0.0,1.0,ok,0.008298755186721992
ham,hi baby im cruisin with my girl friend what r u up 2? give me a call in and hour at home if thats alright or fone me on this fone now love jenny xxx,0,148,long,1.0,0.0,0.0,hi baby im cruisin girl friend give call hour home thats alright fone fone love jenny xxx,0.6058091286307055
ham,"My life Means a lot to me, Not because I love my life, But because I love the people in my life, The world calls them friends, I call them my World:-).. Ge:-)..",0,160,long,1.0,0.0,0.0,life means lot love life love people life world calls friends call world ge,0.6556016597510373
ham,"Dear,shall mail tonite.busy in the street,shall update you tonite.things are looking ok.varunnathu edukkukayee raksha ollu.but a good one in real sense.",0,152,long,1.0,0.0,0.0,dearshall mail tonitebusy streetshall update tonitethings looking okvarunnathu edukkukayee raksha ollubut good one real sense,0.6224066390041494
ham,Hey you told your name to gautham ah?,0,37,short,0.0,0.0,1.0,hey told name gautham ah,0.14522821576763487
ham,Haf u found him? I feel so stupid da v cam was working.,0,55,medium,0.0,1.0,0.0,haf found feel stupid da cam working,0.21991701244813278
ham,Oops. 4 got that bit.,0,21,short,0.0,0.0,1.0,oops got bit,0.07883817427385892
ham,Are you this much buzy,0,22,short,0.0,0.0,1.0,much buzy,0.08298755186721991
ham,I accidentally deleted the message. Resend please.,0,50,medium,0.0,1.0,0.0,accidentally deleted message resend please,0.19917012448132781
spam,T-Mobile customer you may now claim your FREE CAMERA PHONE upgrade & a pay & go sim card for your loyalty. Call on 0845 021 3680.Offer ends 28thFeb.T&C's apply,1,159,long,1.0,0.0,0.0,tmobile customer may claim free camera phone upgrade pay go sim card loyalty call offer ends thfebtcs apply,0.6514522821576764
ham,Unless it's a situation where YOU GO GURL would be more appropriate,0,67,medium,0.0,1.0,0.0,unless situation go gurl would appropriate,0.2697095435684647
ham,Hurt me... Tease me... Make me cry... But in the end of my life when i die plz keep one rose on my grave and say STUPID I MISS U.. HAVE A NICE DAY BSLVYL,0,153,long,1.0,0.0,0.0,hurt tease make cry end life die plz keep one rose grave say stupid miss nice day bslvyl,0.6265560165975104
ham,I cant pick the phone right now. Pls send a message,0,51,medium,0.0,1.0,0.0,cant pick phone right pls send message,0.2033195020746888
ham,Need a coffee run tomo?Can't believe it's that time of week already,0,67,medium,0.0,1.0,0.0,need coffee run tomocant believe time week already,0.2697095435684647
ham,"Awesome, I remember the last time we got somebody high for the first time with diesel :V",0,88,medium,0.0,1.0,0.0,awesome remember last time got somebody high first time diesel,0.3568464730290456
ham,"Shit that is really shocking and scary, cant imagine for a second. Def up for night out. Do u think there is somewhere i could crash for night, save on taxi?",0,157,long,1.0,0.0,0.0,shit really shocking scary cant imagine second def night think somewhere could crash night save taxi,0.6431535269709544
ham,Oh and by the way you do have more food in your fridge! Want to go out for a meal tonight? ,0,91,medium,0.0,1.0,0.0,oh way food fridge want go meal tonight,0.3692946058091286
ham,He is a womdarfull actor,0,24,short,0.0,0.0,1.0,womdarfull actor,0.09128630705394192
spam,"SMS. ac Blind Date 4U!: Rodds1 is 21/m from Aberdeen, United Kingdom. Check Him out http://img. sms. ac/W/icmb3cktz8r7!-4 no Blind Dates send HIDE",1,146,long,1.0,0.0,0.0,sms ac blind date rodds aberdeen united kingdom check sms acwicmb cktz blind dates send hide,0.5975103734439834
ham,Yup... From what i remb... I think should be can book... ,0,57,medium,0.0,1.0,0.0,yup remb think book,0.22821576763485477
ham,Jos ask if u wana meet up?,0,26,short,0.0,0.0,1.0,jos ask wana meet,0.09958506224066391
ham,Lol yes. Our friendship is hanging on a thread cause u won't buy stuff.,0,71,medium,0.0,1.0,0.0,lol yes friendship hanging thread cause wont buy stuff,0.2863070539419087
spam,"TheMob> Check out our newest selection of content, Games, Tones, Gossip, babes and sport, Keep your mobile fit and funky text WAP to 82468",1,138,long,1.0,0.0,0.0,themob check newest selection content games tones gossip babes sport keep mobile fit funky text wap,0.5643153526970954
ham,Where are the garage keys? They aren't on the bookshelf,0,55,medium,0.0,1.0,0.0,garage keys arent bookshelf,0.21991701244813278
ham,Today is ACCEPT DAY..U Accept me as? Brother Sister Lover Dear1 Best1 Clos1 Lvblefrnd Jstfrnd Cutefrnd Lifpartnr Belovd Swtheart Bstfrnd No rply means enemy,0,156,long,1.0,0.0,0.0,today accept dayu accept brother sister lover dear best clos lvblefrnd jstfrnd cutefrnd lifpartnr belovd swtheart bstfrnd rply means enemy,0.6390041493775934
spam,"Think ur smart ? Win å£200 this week in our weekly quiz, text PLAY to 85222 now!T&Cs WinnersClub PO BOX 84, M26 3UZ. 16+. GBP1.50/week",1,134,long,1.0,0.0,0.0,think ur smart win å£ week weekly quiz text play nowtcs winnersclub po box uz gbp week,0.5477178423236515
ham,He says he'll give me a call when his friend's got the money but that he's definitely buying before the end of the week,0,119,long,1.0,0.0,0.0,says hell give call friends got money hes definitely buying end week,0.4854771784232365
ham,"Hi the way I was with u 2day, is the normal way&this is the real me. UR unique&I hope I know u 4 the rest of mylife. Hope u find wot was lost.",0,142,long,1.0,0.0,0.0,hi way day normal waythis real ur uniquei hope know rest mylife hope find wot lost,0.5809128630705395
ham,You made my day. Do have a great day too.,0,41,medium,0.0,1.0,0.0,made day great day,0.16182572614107885
ham,K.k:)advance happy pongal.,0,26,short,0.0,0.0,1.0,kkadvance happy pongal,0.09958506224066391
ham,"Hmmm... Guess we can go 4 kb n power yoga... Haha, dunno we can tahan power yoga anot... Thk got lo oso, forgot liao...",0,119,long,1.0,0.0,0.0,hmmm guess go kb power yoga haha dunno tahan power yoga anot thk got lo oso forgot liao,0.4854771784232365
ham,"Not really dude, have no friends i'm afraid :(",0,46,medium,0.0,1.0,0.0,really dude friends im afraid,0.1825726141078838
spam,December only! Had your mobile 11mths+? You are entitled to update to the latest colour camera mobile for Free! Call The Mobile Update Co FREE on 08002986906,1,157,long,1.0,0.0,0.0,december mobile mths entitled update latest colour camera mobile free call mobile update co free,0.6431535269709544
ham,"Coffee cake, i guess...",0,23,short,0.0,0.0,1.0,coffee cake guess,0.08713692946058091
ham,"Merry Christmas to you too babe, i love ya *kisses*",0,51,medium,0.0,1.0,0.0,merry christmas babe love ya kisses,0.2033195020746888
ham,Hey... Why dont we just go watch x men and have lunch... Haha ,0,62,medium,0.0,1.0,0.0,hey dont go watch men lunch haha,0.24896265560165973
ham,cud u tell ppl im gona b a bit l8 cos 2 buses hav gon past cos they were full & im still waitin 4 1. Pete x,0,107,long,1.0,0.0,0.0,cud tell ppl im gona bit cos buses hav gon past cos full im still waitin pete,0.4356846473029045
ham,That would be great. We'll be at the Guild. Could meet on Bristol road or somewhere - will get in touch over weekend. Our plans take flight! Have a good week,0,157,long,1.0,0.0,0.0,would great well guild could meet bristol road somewhere get touch weekend plans take flight good week,0.6431535269709544
ham,No problem. How are you doing?,0,30,short,0.0,0.0,1.0,problem,0.11618257261410789
ham,Hi da:)how is the todays class?,0,31,short,0.0,0.0,1.0,hi dahow todays class,0.12033195020746887
ham,"I'd say that's a good sign but, well, you know my track record at reading women",0,79,medium,0.0,1.0,0.0,id say thats good sign well know track record reading women,0.31950207468879666
ham,"Cool, text me when you're parked",0,32,short,0.0,0.0,1.0,cool text youre parked,0.12448132780082988
ham,I'm reading the text i just sent you. Its meant to be a joke. So read it in that light,0,86,medium,0.0,1.0,0.0,im reading text sent meant joke read light,0.34854771784232363
ham,K.k:)apo k.good movie.,0,22,short,0.0,0.0,1.0,kkapo kgood movie,0.08298755186721991
ham,Maybe i could get book out tomo then return it immediately ..? Or something.,0,76,medium,0.0,1.0,0.0,maybe could get book tomo return immediately something,0.30705394190871366
spam,Call Germany for only 1 pence per minute! Call from a fixed line via access number 0844 861 85 85. No prepayment. Direct access!,1,128,long,1.0,0.0,0.0,call germany pence per minute call fixed line via access number prepayment direct access,0.5228215767634855
ham,Any chance you might have had with me evaporated as soon as you violated my privacy by stealing my phone number from your employer's paperwork. Not cool at all. Please do not contact me again or I will report you to your supervisor.,0,232,long,1.0,0.0,0.0,chance might evaporated soon violated privacy stealing phone number employers paperwork cool please contact report supervisor,0.9543568464730291
spam,Valentines Day Special! Win over å£1000 in our quiz and take your partner on the trip of a lifetime! Send GO to 83600 now. 150p/msg rcvd. CustCare:08718720201.,1,159,long,1.0,0.0,0.0,valentines day special win å£ quiz take partner trip lifetime send go pmsg rcvd custcare,0.6514522821576764
ham,"Ta-Daaaaa! I am home babe, are you still up ?",0,45,medium,0.0,1.0,0.0,tadaaaaa home babe still,0.17842323651452283
ham,Cool. So how come you havent been wined and dined before?,0,57,medium,0.0,1.0,0.0,cool come havent wined dined,0.22821576763485477
ham,Just sleeping..and surfing,0,26,short,0.0,0.0,1.0,sleepingand surfing,0.09958506224066391
ham,U calling me right? Call my hand phone...,0,41,medium,0.0,1.0,0.0,calling right call hand phone,0.16182572614107885
ham,Ok that's great thanx a lot.,0,28,short,0.0,0.0,1.0,ok thats great thanx lot,0.1078838174273859
ham,I take it the post has come then! You must have 1000s of texts now! Happy reading. My one from wiv hello caroline at the end is my favourite. Bless him,0,151,long,1.0,0.0,0.0,take post come must texts happy reading one wiv hello caroline end favourite bless,0.6182572614107884
ham,Where u been hiding stranger?,0,29,short,0.0,0.0,1.0,hiding stranger,0.11203319502074689
ham,Am not interested to do like that.,0,34,short,0.0,0.0,1.0,interested like,0.13278008298755187
ham,My sister cleared two round in birla soft yesterday.,0,52,medium,0.0,1.0,0.0,sister cleared two round birla soft yesterday,0.2074688796680498
ham,Gudnite....tc...practice going on,0,33,short,0.0,0.0,1.0,gudnitetcpractice going,0.1286307053941909
ham,Dis is yijue. I jus saw ur mail. In case huiming havent sent u my num. Dis is my num.,0,85,medium,0.0,1.0,0.0,dis yijue jus saw ur mail case huiming havent sent num dis num,0.34439834024896265
ham,One small prestige problem now.,0,31,short,0.0,0.0,1.0,one small prestige problem,0.12033195020746887
spam,Fancy a shag? I do.Interested? sextextuk.com txt XXUK SUZY to 69876. Txts cost 1.50 per msg. TnCs on website. X,1,111,long,1.0,0.0,0.0,fancy shag dointerested sextextukcom txt xxuk suzy txts cost per msg tncs website,0.4522821576763485
ham,Just checking in on you. Really do miss seeing Jeremiah. Do have a great month,0,78,medium,0.0,1.0,0.0,checking really miss seeing jeremiah great month,0.3153526970954357
ham,"Nah can't help you there, I've never had an iphone",0,50,medium,0.0,1.0,0.0,nah cant help ive never iphone,0.19917012448132781
ham,If you're not in my car in an hour and a half I'm going apeshit,0,63,medium,0.0,1.0,0.0,youre car hour half im going apeshit,0.25311203319502074
ham,"TODAY is Sorry day.! If ever i was angry with you, if ever i misbehaved or hurt you? plz plz JUST SLAP URSELF Bcoz, Its ur fault, I'm basically GOOD",0,148,long,1.0,0.0,0.0,today sorry day ever angry ever misbehaved hurt plz plz slap urself bcoz ur fault im basically good,0.6058091286307055
ham,Yo you guys ever figure out how much we need for alcohol? Jay and I are trying to figure out how much we can safely spend on weed,0,129,long,1.0,0.0,0.0,yo guys ever figure much need alcohol jay trying figure much safely spend weed,0.5269709543568465
ham,&lt;#&gt; ISH MINUTES WAS 5 MINUTES AGO. WTF.,0,45,medium,0.0,1.0,0.0,ltgt ish minutes minutes ago wtf,0.17842323651452283
ham,"Thank You for calling.Forgot to say Happy Onam to you Sirji.I am fine here and remembered you when i met an insurance person.Meet You in Qatar Insha Allah.Rakhesh, ex Tata AIG who joined TISSCO,Tayseer.",0,202,long,1.0,0.0,0.0,thank callingforgot say happy onam sirjii fine remembered met insurance personmeet qatar insha allahrakhesh ex tata aig joined tisscotayseer,0.8298755186721992
spam,Ur cash-balance is currently 500 pounds - to maximize ur cash-in now send CASH to 86688 only 150p/msg. CC: 08708800282 HG/Suite342/2Lands Row/W1J6HL,1,148,long,1.0,0.0,0.0,ur cashbalance currently pounds maximize ur cashin send cash pmsg cc hgsuite lands roww hl,0.6058091286307055
ham,"I'm an actor. When i work, i work in the evening and sleep late. Since i'm unemployed at the moment, i ALWAYS sleep late. When you're unemployed, every day is saturday.",0,168,long,1.0,0.0,0.0,im actor work work evening sleep late since im unemployed moment always sleep late youre unemployed every day saturday,0.6887966804979253
ham,"Hello! Just got here, st andrews-boy its a long way! Its cold. I will keep you posted",0,85,medium,0.0,1.0,0.0,hello got st andrewsboy long way cold keep posted,0.34439834024896265
ham,Ha ha cool cool chikku chikku:-):-DB-),0,38,short,0.0,0.0,1.0,ha ha cool cool chikku chikkudb,0.14937759336099585
ham,Oh ok no prob..,0,15,short,0.0,0.0,1.0,oh ok prob,0.05394190871369295
ham,Check audrey's status right now,0,31,short,0.0,0.0,1.0,check audreys status right,0.12033195020746887
ham,Busy here. Trying to finish for new year. I am looking forward to finally meeting you...,0,88,medium,0.0,1.0,0.0,busy trying finish new year looking forward finally meeting,0.3568464730290456
ham,"Good afternoon sunshine! How dawns that day ? Are we refreshed and happy to be alive? Do we breathe in the air and smile ? I think of you, my love ... As always",0,160,long,1.0,0.0,0.0,good afternoon sunshine dawns day refreshed happy alive breathe air smile think love always,0.6556016597510373
ham,Well i know Z will take care of me. So no worries.,0,50,medium,0.0,1.0,0.0,well know take care worries,0.19917012448132781
spam,"Update_Now - Xmas Offer! Latest Motorola, SonyEricsson & Nokia & FREE Bluetooth! Double Mins & 1000 Txt on Orange. Call MobileUpd8 on 08000839402 or call2optout/F4Q=",1,165,long,1.0,0.0,0.0,updatenow xmas offer latest motorola sonyericsson nokia free bluetooth double mins txt orange call mobileupd call optoutf,0.6763485477178424
spam,Here is your discount code RP176781. To stop further messages reply stop. www.regalportfolio.co.uk. Customer Services 08717205546,1,129,long,1.0,0.0,0.0,discount code rp stop messages reply stop customer services,0.5269709543568465
ham,Wat uniform? In where get?,0,26,short,0.0,0.0,1.0,wat uniform get,0.09958506224066391
ham,"Cool, text me when you're ready",0,31,short,0.0,0.0,1.0,cool text youre ready,0.12033195020746887
ham,"Hello my boytoy ... Geeee I miss you already and I just woke up. I wish you were here in bed with me, cuddling me. I love you ...",0,129,long,1.0,0.0,0.0,hello boytoy geeee miss already woke wish bed cuddling love,0.5269709543568465
ham,I will spoil you in bed as well :),0,34,short,0.0,0.0,1.0,spoil bed well,0.13278008298755187
ham,I'm going for bath will msg you next  &lt;#&gt;  min..,0,54,medium,0.0,1.0,0.0,im going bath msg next ltgt min,0.2157676348547718
ham,I cant keep talking to people if am not sure i can pay them if they agree to price. So pls tell me what you want to really buy and how much you are willing to pay,0,162,long,1.0,0.0,0.0,cant keep talking people sure pay agree price pls tell want really buy much willing pay,0.6639004149377594
spam,"Thanks for your Ringtone Order, Reference T91. You will be charged GBP 4 per week. You can unsubscribe at anytime by calling customer services on 09057039994",1,157,long,1.0,0.0,0.0,thanks ringtone order reference charged gbp per week unsubscribe anytime calling customer services,0.6431535269709544
ham,Can you say what happen,0,23,short,0.0,0.0,1.0,say happen,0.08713692946058091
ham,You could have seen me..i did't recognise you Face.:),0,53,medium,0.0,1.0,0.0,could seen mei didt recognise face,0.21161825726141079
ham,Well there's not a lot of things happening in Lindsay on New years *sighs* Some bars in Ptbo and the blue heron has something going,0,131,long,1.0,0.0,0.0,well theres lot things happening lindsay new years sighs bars ptbo blue heron something going,0.5352697095435685
ham,Keep my payasam there if rinu brings,0,36,short,0.0,0.0,1.0,keep payasam rinu brings,0.14107883817427386
ham,I taught that Ranjith sir called me. So only i sms like that. Becaus hes verifying about project. Prabu told today so only pa dont mistake me..,0,143,long,1.0,0.0,0.0,taught ranjith sir called sms like becaus hes verifying project prabu told today pa dont mistake,0.5850622406639004
ham,"Yeah sure, give me a couple minutes to track down my wallet",0,59,medium,0.0,1.0,0.0,yeah sure give couple minutes track wallet,0.23651452282157676
ham,Hey leave it. not a big deal:-) take care.,0,42,medium,0.0,1.0,0.0,hey leave big deal take care,0.16597510373443983
ham,Hey i will be late ah... Meet you at 945+,0,41,medium,0.0,1.0,0.0,hey late ah meet,0.16182572614107885
spam,"Double mins and txts 4 6months FREE Bluetooth on Orange. Available on Sony, Nokia Motorola phones. Call MobileUpd8 on 08000839402 or call2optout/N9DX",1,149,long,1.0,0.0,0.0,double mins txts months free bluetooth orange available sony nokia motorola phones call mobileupd call optoutn dx,0.6099585062240664
ham,It took Mr owl 3 licks,0,22,short,0.0,0.0,1.0,took mr owl licks,0.08298755186721991
ham,Customer place i will call you.,0,31,short,0.0,0.0,1.0,customer place call,0.12033195020746887
ham,Mm that time you dont like fun,0,30,short,0.0,0.0,1.0,mm time dont like fun,0.11618257261410789
spam,4mths half price Orange line rental & latest camera phones 4 FREE. Had your phone 11mths ? Call MobilesDirect free on 08000938767 to update now! or2stoptxt,1,155,long,1.0,0.0,0.0,mths half price orange line rental latest camera phones free phone mths call mobilesdirect free update stoptxt,0.6348547717842324
ham,Yup having my lunch buffet now.. U eat already?,0,47,medium,0.0,1.0,0.0,yup lunch buffet eat already,0.18672199170124482
ham,Huh so late... Fr dinner?,0,25,short,0.0,0.0,1.0,huh late fr dinner,0.09543568464730291
ham,Hey so this sat are we going for the intro pilates only? Or the kickboxing too? ,0,80,medium,0.0,1.0,0.0,hey sat going intro pilates kickboxing,0.32365145228215764
ham,Morning only i can ok.,0,22,short,0.0,0.0,1.0,morning ok,0.08298755186721991
ham,Yes i think so. I am in office but my lap is in room i think thats on for the last few days. I didnt shut that down,0,115,long,1.0,0.0,0.0,yes think office lap room think thats last days didnt shut,0.46887966804979253
ham,Pick you up bout 7.30ish? What time are  and that going?,0,56,medium,0.0,1.0,0.0,pick bout ish time going,0.22406639004149378
ham,From here after The performance award is calculated every two month.not for current one month period..,0,102,long,1.0,0.0,0.0,performance award calculated every two monthnot current one month period,0.41493775933609955
ham,Was actually sleeping and still might when u call back. So a text is gr8. You rock sis. Will send u a text wen i wake.,0,118,long,1.0,0.0,0.0,actually sleeping still might call back text gr rock sis send text wen wake,0.4813278008298755
ham,"You are always putting your business out there. You put pictures of your ass on facebook. You are one of the most open people i've ever met. Why would i think a picture of your room would hurt you, make you feel violated.",0,221,long,1.0,0.0,0.0,always putting business put pictures ass facebook one open people ive ever met would think picture room would hurt make feel violated,0.9087136929460581
ham,"Good evening Sir, Al Salam Wahleykkum.sharing a happy news.By the grace of God, i got an offer from Tayseer,TISSCO and i joined.Hope you are fine.Inshah Allah,meet you sometime.Rakhesh,visitor from India.",0,204,long,1.0,0.0,0.0,good evening sir al salam wahleykkumsharing happy newsby grace god got offer tayseertissco joinedhope fineinshah allahmeet sometimerakheshvisitor india,0.8381742738589212
ham,Hmmm...k...but i want to change the field quickly da:-)i wanna get system administrator or network administrator..,0,114,long,1.0,0.0,0.0,hmmmkbut want change field quickly dai wanna get system administrator network administrator,0.4647302904564315
spam,"FREE RINGTONE text FIRST to 87131 for a poly or text GET to 87131 for a true tone! Help? 0845 2814032 16 after 1st free, tones are 3xå£150pw to eå£nd txt stop",1,158,long,1.0,0.0,0.0,free ringtone text first poly text get true tone help st free tones xå£ pw eå£nd txt stop,0.6473029045643154
ham,Dear how is chechi. Did you talk to her,0,39,short,0.0,0.0,1.0,dear chechi talk,0.15352697095435686
ham,The hair cream has not been shipped.,0,36,short,0.0,0.0,1.0,hair cream shipped,0.14107883817427386
ham,None of that's happening til you get here though,0,48,medium,0.0,1.0,0.0,none thats happening til get though,0.19087136929460582
ham,"Yep, the great loxahatchee xmas tree burning of  &lt;#&gt;  starts in an hour",0,77,medium,0.0,1.0,0.0,yep great loxahatchee xmas tree burning ltgt starts hour,0.31120331950207464
ham,"Haha get used to driving to usf man, I know a lot of stoners",0,60,medium,0.0,1.0,0.0,haha get used driving usf man know lot stoners,0.24066390041493776
ham,All was well until slightly disastrous class this pm with my fav darlings! Hope day off ok. Coffee wld be good as can't stay late tomorrow. Same time + place as always?,0,168,long,1.0,0.0,0.0,well slightly disastrous class pm fav darlings hope day ok coffee wld good cant stay late tomorrow time place always,0.6887966804979253
ham,Hello! Good week? Fancy a drink or something later?,0,51,medium,0.0,1.0,0.0,hello good week fancy drink something later,0.2033195020746888
ham,Headin towards busetop,0,22,short,0.0,0.0,1.0,headin towards busetop,0.08298755186721991
ham,Message:some text missing* Sender:Name Missing* *Number Missing *Sent:Date missing *Missing U a lot thats y everything is missing sent via fullonsms.com,0,152,long,1.0,0.0,0.0,messagesome text missing sendername missing number missing sentdate missing missing lot thats everything missing sent via fullonsmscom,0.6224066390041494
ham,Come by our room at some point so we can iron out the plan for this weekend,0,75,medium,0.0,1.0,0.0,come room point iron plan weekend,0.3029045643153527
ham,Cos i want it to be your thing,0,30,short,0.0,0.0,1.0,cos want thing,0.11618257261410789
ham,"Okies... I'll go yan jiu too... We can skip ard oso, go cine den go mrt one, blah blah blah... ",0,95,medium,0.0,1.0,0.0,okies ill go yan jiu skip ard oso go cine den go mrt one blah blah blah,0.3858921161825726
ham,Bring home some Wendy =D,0,24,short,0.0,0.0,1.0,bring home wendy,0.09128630705394192
spam,100 dating service cal;l 09064012103 box334sk38ch,1,49,medium,0.0,1.0,0.0,dating service call box sk ch,0.1950207468879668
ham,Whatsup there. Dont u want to sleep,0,35,short,0.0,0.0,1.0,whatsup dont want sleep,0.13692946058091288
ham,Alright i have a new goal now,0,29,short,0.0,0.0,1.0,alright new goal,0.11203319502074689
spam,FREE entry into our å£250 weekly competition just text the word WIN to 80086 NOW. 18 T&C www.txttowin.co.uk,1,107,long,1.0,0.0,0.0,free entry å£ weekly competition text word win tc,0.4356846473029045
ham,"Alright, I'll head out in a few minutes, text me where to meet you",0,66,medium,0.0,1.0,0.0,alright ill head minutes text meet,0.26556016597510373
spam,Send a logo 2 ur lover - 2 names joined by a heart. Txt LOVE NAME1 NAME2 MOBNO eg LOVE ADAM EVE 07123456789 to 87077 Yahoo! POBox36504W45WQ TxtNO 4 no ads 150p,1,159,long,1.0,0.0,0.0,send logo ur lover names joined heart txt love name name mobno eg love adam eve yahoo pobox wq txtno ads,0.6514522821576764
ham,Yes:)from last week itself i'm taking live call.,0,48,medium,0.0,1.0,0.0,yesfrom last week im taking live call,0.19087136929460582
spam,Someone has contacted our dating service and entered your phone because they fancy you! To find out who it is call from a landline 09111032124 . PoBox12n146tf150p,1,162,long,1.0,0.0,0.0,someone contacted dating service entered phone fancy find call landline pobox tf,0.6639004149377594
ham,Siva is in hostel aha:-.,0,24,short,0.0,0.0,1.0,siva hostel aha,0.09128630705394192
spam,URGENT! Your Mobile number has been awarded with a å£2000 prize GUARANTEED. Call 09058094455 from land line. Claim 3030. Valid 12hrs only,1,137,long,1.0,0.0,0.0,urgent mobile number awarded å£ prize guaranteed call land line claim valid hrs,0.5601659751037344
ham,Ok. She'll be ok. I guess,0,25,short,0.0,0.0,1.0,ok shell ok guess,0.09543568464730291
ham,aathi..where are you dear..,0,27,short,0.0,0.0,1.0,aathiwhere dear,0.1037344398340249
ham,Any pain on urination any thing else?,0,37,short,0.0,0.0,1.0,pain urination thing else,0.14522821576763487
ham,7 at esplanade.. Do Ì_ mind giving me a lift cos i got no car today..,0,69,medium,0.0,1.0,0.0,esplanade mind giving lift cos got car today,0.2780082987551867
ham,I wnt to buy a BMW car urgently..its vry urgent.but hv a shortage of  &lt;#&gt; Lacs.there is no source to arng dis amt. &lt;#&gt; lacs..thats my prob,0,150,long,1.0,0.0,0.0,wnt buy bmw car urgentlyits vry urgentbut hv shortage ltgt lacsthere source arng dis amt ltgt lacsthats prob,0.6141078838174274
ham,At home watching tv lor.,0,24,short,0.0,0.0,1.0,home watching tv lor,0.09128630705394192
ham,Does she usually take fifteen fucking minutes to respond to a yes or no question,0,80,medium,0.0,1.0,0.0,usually take fifteen fucking minutes respond yes question,0.32365145228215764
spam,Congrats! Nokia 3650 video camera phone is your Call 09066382422 Calls cost 150ppm Ave call 3mins vary from mobiles 16+ Close 300603 post BCM4284 Ldn WC1N3XX,1,157,long,1.0,0.0,0.0,congrats nokia video camera phone call calls cost ppm ave call mins vary mobiles close post bcm ldn wc xx,0.6431535269709544
ham,Booked ticket for pongal?,0,25,short,0.0,0.0,1.0,booked ticket pongal,0.09543568464730291
ham,You available now? I'm like right around hillsborough &amp;  &lt;#&gt; th,0,73,medium,0.0,1.0,0.0,available im like right around hillsborough amp ltgt th,0.29460580912863066
ham,The message sent is askin for  &lt;#&gt; dollars. Shoul i pay  &lt;#&gt;  or  &lt;#&gt; ?,0,89,medium,0.0,1.0,0.0,message sent askin ltgt dollars shoul pay ltgt ltgt,0.36099585062240663
ham,"Ask g or iouri, I've told the story like ten times already",0,58,medium,0.0,1.0,0.0,ask iouri ive told story like ten times already,0.23236514522821577
ham,How long does applebees fucking take,0,36,short,0.0,0.0,1.0,long applebees fucking take,0.14107883817427386
ham,"Hi hope u get this txt~journey hasnt been gd,now about 50 mins late I think.",0,76,medium,0.0,1.0,0.0,hi hope get txtjourney hasnt gdnow mins late think,0.30705394190871366
ham,But i have to. I like to have love and arrange.,0,47,medium,0.0,1.0,0.0,like love arrange,0.18672199170124482
ham,Yes..he is really great..bhaji told kallis best cricketer after sachin in world:).very tough to get out.,0,104,long,1.0,0.0,0.0,yeshe really greatbhaji told kallis best cricketer sachin worldvery tough get,0.42323651452282157
ham,You were supposed to wake ME up &gt;:(,0,38,short,0.0,0.0,1.0,supposed wake gt,0.14937759336099585
ham,Oic... I saw him too but i tot he din c me... I found a group liao...,0,69,medium,0.0,1.0,0.0,oic saw tot din found group liao,0.2780082987551867
ham,"\HEY HEY WERETHE MONKEESPEOPLE SAY WE MONKEYAROUND! HOWDY GORGEOUS  HOWU DOIN? FOUNDURSELF A JOBYET SAUSAGE?LOVE JEN XXX\""""",0,123,long,1.0,0.0,0.0,hey hey werethe monkeespeople say monkeyaround howdy gorgeous howu doin foundurself jobyet sausagelove jen xxx,0.5020746887966805
ham,"Sorry, my battery died, I can come by but I'm only getting a gram for now, where's your place?",0,94,medium,0.0,1.0,0.0,sorry battery died come im getting gram wheres place,0.3817427385892116
ham,"Well done, blimey, exercise, yeah, i kinda remember wot that is, hmm. ",0,70,medium,0.0,1.0,0.0,well done blimey exercise yeah kinda remember wot hmm,0.2821576763485477
ham,I wont get concentration dear you know you are my mind and everything :-),0,73,medium,0.0,1.0,0.0,wont get concentration dear know mind everything,0.29460580912863066
ham,LOL ... Have you made plans for new years?,0,42,medium,0.0,1.0,0.0,lol made plans new years,0.16597510373443983
ham,10 min later k...,0,17,short,0.0,0.0,1.0,min later,0.06224066390041494
ham,hanks lotsly!,0,13,short,0.0,0.0,1.0,hanks lotsly,0.04564315352697096
ham,Thanks for this hope you had a good day today,0,45,medium,0.0,1.0,0.0,thanks hope good day today,0.17842323651452283
ham,K:)k:)what are detail you want to transfer?acc no enough?,0,57,medium,0.0,1.0,0.0,kkwhat detail want transferacc enough,0.22821576763485477
ham,Ok i will tell her to stay out. Yeah its been tough but we are optimistic things will improve this month.,0,105,long,1.0,0.0,0.0,ok tell stay yeah tough optimistic things improve month,0.42738589211618255
spam,"Loan for any purpose å£500 - å£75,000. Homeowners + Tenants welcome. Have you been previously refused? We can still help. Call Free 0800 1956669 or text back 'help'",1,164,long,1.0,0.0,0.0,loan purpose å£ å£ homeowners tenants welcome previously refused still help call free text back help,0.6721991701244814
ham,Si si. I think ill go make those oreo truffles.,0,47,medium,0.0,1.0,0.0,si si think ill go make oreo truffles,0.18672199170124482
ham,"LOOK AT AMY URE A BEAUTIFUL, INTELLIGENT WOMAN AND I LIKE U A LOT. I KNOW U DONåÕT LIKE ME LIKE THAT SO DONåÕT WORRY.",0,117,long,1.0,0.0,0.0,look amy ure beautiful intelligent woman like lot know donåõt like like donåõt worry,0.4771784232365145
ham,I hope you that's the result of being consistently intelligent and kind. Start asking him about practicum links and keep your ears open and all the best. ttyl,0,158,long,1.0,0.0,0.0,hope thats result consistently intelligent kind start asking practicum links keep ears open best ttyl,0.6473029045643154
ham,"1.20 that call cost. Which i guess isnt bad. Miss ya, need ya, want ya, love ya",0,79,medium,0.0,1.0,0.0,call cost guess isnt bad miss ya need ya want ya love ya,0.31950207468879666
ham,Going thru a very different feeling.wavering decisions and coping up with the same is the same individual.time will heal everything i believe.,0,142,long,1.0,0.0,0.0,going thru different feelingwavering decisions coping individualtime heal everything believe,0.5809128630705395
ham,Where did u go? My phone is gonna die you have to stay in here,0,62,medium,0.0,1.0,0.0,go phone gonna die stay,0.24896265560165973
ham,Great. Never been better. Each day gives even more reasons to thank God,0,71,medium,0.0,1.0,0.0,great never better day gives even reasons thank god,0.2863070539419087
spam,"UpgrdCentre Orange customer, you may now claim your FREE CAMERA PHONE upgrade for your loyalty. Call now on 0207 153 9153. Offer ends 26th July. T&C's apply. Opt-out available",1,175,long,1.0,0.0,0.0,upgrdcentre orange customer may claim free camera phone upgrade loyalty call offer ends th july tcs apply optout available,0.7178423236514523
ham,"Sorry, I'll call later ok bye",0,29,short,0.0,0.0,1.0,sorry ill call later ok bye,0.11203319502074689
ham,Ok i am on the way to railway,0,29,short,0.0,0.0,1.0,ok way railway,0.11203319502074689
ham,great princess! I love giving and receiving oral. Doggy style is my fave position. How about you? I enjoy making love  &lt;#&gt;  times per night :),0,148,long,1.0,0.0,0.0,great princess love giving receiving oral doggy style fave position enjoy making love ltgt times per night,0.6058091286307055
ham,They don't put that stuff on the roads to keep it from getting slippery over there?,0,83,medium,0.0,1.0,0.0,dont put stuff roads keep getting slippery,0.33609958506224064
ham,When are you going to ride your bike?,0,37,short,0.0,0.0,1.0,going ride bike,0.14522821576763487
ham,"Yup, no need. I'll jus wait 4 e rain 2 stop.",0,44,medium,0.0,1.0,0.0,yup need ill jus wait rain stop,0.17427385892116182
ham,There are many company. Tell me the language.,0,45,medium,0.0,1.0,0.0,many company tell language,0.17842323651452283
spam,okmail: Dear Dave this is your final notice to collect your 4* Tenerife Holiday or #5000 CASH award! Call 09061743806 from landline. TCs SAE Box326 CW25WX 150ppm,1,161,long,1.0,0.0,0.0,okmail dear dave final notice collect tenerife holiday cash award call landline tcs sae box cw wx ppm,0.6597510373443983
ham,"How long has it been since you screamed, princess?",0,50,medium,0.0,1.0,0.0,long since screamed princess,0.19917012448132781
spam,Want 2 get laid tonight? Want real Dogging locations sent direct 2 ur Mob? Join the UK's largest Dogging Network by txting MOAN to 69888Nyt. ec2a. 31p.msg@150p,1,159,long,1.0,0.0,0.0,want get laid tonight want real dogging locations sent direct ur mob join uks largest dogging network txting moan nyt ec pmsg,0.6514522821576764
ham,Nice line said by a broken heart- Plz don't cum 1 more times infront of me... Other wise once again I ll trust U... Good 9t:),0,125,long,1.0,0.0,0.0,nice line said broken heart plz dont cum times infront wise trust good,0.5103734439834026
ham,Ok I'm gonna head up to usf in like fifteen minutes,0,51,medium,0.0,1.0,0.0,ok im gonna head usf like fifteen minutes,0.2033195020746888
ham,Love you aathi..love u lot..,0,28,short,0.0,0.0,1.0,love aathilove lot,0.1078838174273859
ham,Tension ah?what machi?any problem?,0,34,short,0.0,0.0,1.0,tension ahwhat machiany problem,0.13278008298755187
ham,"K, can I pick up another 8th when you're done?",0,46,medium,0.0,1.0,0.0,pick another th youre done,0.1825726141078838
ham,When're you guys getting back? G said you were thinking about not staying for mcr,0,81,medium,0.0,1.0,0.0,whenre guys getting back said thinking staying mcr,0.3278008298755187
ham,"Almost there, see u in a sec",0,28,short,0.0,0.0,1.0,almost see sec,0.1078838174273859
ham,"Yo carlos, a few friends are already asking me about you, you working at all this weekend?",0,90,medium,0.0,1.0,0.0,yo carlos friends already asking working weekend,0.3651452282157676
ham,Watching tv lor...,0,18,short,0.0,0.0,1.0,watching tv lor,0.06639004149377593
ham,Thank you baby! I cant wait to taste the real thing...,0,54,medium,0.0,1.0,0.0,thank baby cant wait taste real thing,0.2157676348547718
ham,You should change your fb to jaykwon thuglyfe falconerf,0,55,medium,0.0,1.0,0.0,change fb jaykwon thuglyfe falconerf,0.21991701244813278
ham,If we win its really no 1 side for long time.,0,45,medium,0.0,1.0,0.0,win really side long time,0.17842323651452283
spam,"FREE MESSAGE Activate your 500 FREE Text Messages by replying to this message with the word FREE For terms & conditions, visit www.07781482378.com",1,146,long,1.0,0.0,0.0,free message activate free text messages replying message word free terms conditions visit,0.5975103734439834
ham,Dear reached railway. What happen to you,0,40,medium,0.0,1.0,0.0,dear reached railway happen,0.15767634854771784
ham,"Depends on quality. If you want the type i sent boye, faded glory, then about 6. If you want ralphs maybe 2",0,107,long,1.0,0.0,0.0,depends quality want type sent boye faded glory want ralphs maybe,0.4356846473029045
ham,I think i've fixed it can you send a test message?,0,50,medium,0.0,1.0,0.0,think ive fixed send test message,0.19917012448132781
ham,"Sorry man my account's dry or I would, if you want we could trade back half or I could buy some shit with my credit card",0,120,long,1.0,0.0,0.0,sorry man accounts dry would want could trade back half could buy shit credit card,0.4896265560165975
spam,"Congrats! 1 year special cinema pass for 2 is yours. call 09061209465 now! C Suprman V, Matrix3, StarWars3, etc all 4 FREE! bx420-ip4-5we. 150pm. Dont miss out!",1,160,long,1.0,0.0,0.0,congrats year special cinema pass call suprman matrix starwars etc free bx ip pm dont miss,0.6556016597510373
ham,"Sorry,in meeting I'll call later",0,32,short,0.0,0.0,1.0,sorryin meeting ill call later,0.12448132780082988
ham,What class of  &lt;#&gt;  reunion?,0,34,short,0.0,0.0,1.0,class ltgt reunion,0.13278008298755187
ham,Are you free now?can i call now?,0,32,short,0.0,0.0,1.0,free nowcan call,0.12448132780082988
ham,Got meh... When?,0,16,short,0.0,0.0,1.0,got meh,0.058091286307053944
ham,Nope... Think i will go for it on monday... Sorry i replied so late,0,67,medium,0.0,1.0,0.0,nope think go monday sorry replied late,0.2697095435684647
ham,Some of them told accenture is not confirm. Is it true.,0,55,medium,0.0,1.0,0.0,told accenture confirm true,0.21991701244813278
ham,"Kate jackson rec center before 7ish, right?",0,43,medium,0.0,1.0,0.0,kate jackson rec center ish right,0.17012448132780084
ham,Dear i have reache room,0,23,short,0.0,0.0,1.0,dear reache room,0.08713692946058091
ham,"Fighting with the world is easy, u either win or lose bt fightng with some1 who is close to u is dificult if u lose - u lose if u win - u still lose.",0,149,long,1.0,0.0,0.0,fighting world easy either win lose bt fightng close dificult lose lose win still lose,0.6099585062240664
ham,When can Ì_ come out?,0,21,short,0.0,0.0,1.0,come,0.07883817427385892
ham,Check with nuerologist.,0,23,short,0.0,0.0,1.0,check nuerologist,0.08713692946058091
ham,Lolnice. I went from a fish to ..water.?,0,40,medium,0.0,1.0,0.0,lolnice went fish water,0.15767634854771784
spam,+123 Congratulations - in this week's competition draw u have won the å£1450 prize to claim just call 09050002311 b4280703. T&Cs/stop SMS 08718727868. Over 18 only 150ppm,1,170,long,1.0,0.0,0.0,congratulations weeks competition draw å£ prize claim call tcsstop sms ppm,0.6970954356846474
ham,No it's waiting in e car dat's bored wat. Cos wait outside got nothing 2 do. At home can do my stuff or watch tv wat.,0,117,long,1.0,0.0,0.0,waiting car dats bored wat cos wait outside got nothing home stuff watch tv wat,0.4771784232365145
ham,"Maybe westshore or hyde park village, the place near my house?",0,62,medium,0.0,1.0,0.0,maybe westshore hyde park village place near house,0.24896265560165973
ham,You should know now. So how's anthony. Are you bringing money. I've school fees to pay and rent and stuff like that. Thats why i need your help. A friend in need....|,0,166,long,1.0,0.0,0.0,know hows anthony bringing money ive school fees pay rent stuff like thats need help friend need,0.6804979253112033
ham,What's the significance?,0,24,short,0.0,0.0,1.0,whats significance,0.09128630705394192
ham,Your opinion about me? 1. Over 2. Jada 3. Kusruthi 4. Lovable 5. Silent 6. Spl character 7. Not matured 8. Stylish 9. Simple Pls reply..,0,136,long,1.0,0.0,0.0,opinion jada kusruthi lovable silent spl character matured stylish simple pls reply,0.5560165975103735
ham,"8 at the latest, g's still there if you can scrounge up some ammo and want to give the new ak a try",0,99,medium,0.0,1.0,0.0,latest gs still scrounge ammo want give new ak try,0.40248962655601656
ham,Prabha..i'm soryda..realy..frm heart i'm sory,0,45,medium,0.0,1.0,0.0,prabhaim sorydarealyfrm heart im sory,0.17842323651452283
ham,Lol ok your forgiven :),0,23,short,0.0,0.0,1.0,lol ok forgiven,0.08713692946058091
ham,No..jst change tat only..,0,25,short,0.0,0.0,1.0,nojst change tat,0.09543568464730291
spam,"You are guaranteed the latest Nokia Phone, a 40GB iPod MP3 player or a å£500 prize! Txt word: COLLECT to No: 83355! IBHltd LdnW15H 150p/Mtmsgrcvd18+",1,148,long,1.0,0.0,0.0,guaranteed latest nokia phone gb ipod mp player å£ prize txt word collect ibhltd ldnw pmtmsgrcvd,0.6058091286307055
ham,S:)no competition for him.,0,26,short,0.0,0.0,1.0,sno competition,0.09958506224066391
spam,Boltblue tones for 150p Reply POLY# or MONO# eg POLY3 1. Cha Cha Slide 2. Yeah 3. Slow Jamz 6. Toxic 8. Come With Me or STOP 4 more tones txt MORE,1,146,long,1.0,0.0,0.0,boltblue tones reply poly mono eg poly cha cha slide yeah slow jamz toxic come stop tones txt,0.5975103734439834
spam,Your credits have been topped up for http://www.bubbletext.com Your renewal Pin is tgxxrz,1,89,medium,0.0,1.0,0.0,credits topped renewal pin tgxxrz,0.36099585062240663
ham,"That way transport is less problematic than on sat night. By the way, if u want to ask  n  to join my bday, feel free. But need to know definite nos as booking on fri. ",0,168,long,1.0,0.0,0.0,way transport less problematic sat night way want ask join bday feel free need know definite nos booking fri,0.6887966804979253
ham,Usually the person is unconscious that's in children but in adults they may just behave abnormally. I.ll call you now,0,117,long,1.0,0.0,0.0,usually person unconscious thats children adults may behave abnormally ill call,0.4771784232365145
ham,But that's on ebay it might be less elsewhere.,0,46,medium,0.0,1.0,0.0,thats ebay might less elsewhere,0.1825726141078838
ham,Shall i come to get pickle,0,26,short,0.0,0.0,1.0,shall come get pickle,0.09958506224066391
ham,Were gonna go get some tacos,0,28,short,0.0,0.0,1.0,gonna go get tacos,0.1078838174273859
ham,"That's very rude, you on campus?",0,32,short,0.0,0.0,1.0,thats rude campus,0.12448132780082988
spam,"URGENT!: Your Mobile No. was awarded a å£2,000 Bonus Caller Prize on 02/09/03! This is our 2nd attempt to contact YOU! Call 0871-872-9755 BOX95QU",1,145,long,1.0,0.0,0.0,urgent mobile awarded å£ bonus caller prize nd attempt contact call box qu,0.5933609958506224
ham,Hi i won't b ard 4 christmas. But do enjoy n merry x'mas.,0,57,medium,0.0,1.0,0.0,hi wont ard christmas enjoy merry xmas,0.22821576763485477
spam,"Today's Offer! Claim ur å£150 worth of discount vouchers! Text YES to 85023 now! SavaMob, member offers mobile! T Cs 08717898035. å£3.00 Sub. 16 . Unsub reply X",1,160,long,1.0,0.0,0.0,todays offer claim ur å£ worth discount vouchers text yes savamob member offers mobile cs å£ sub unsub reply,0.6556016597510373
ham,Yes! How is a pretty lady like you single?,0,42,medium,0.0,1.0,0.0,yes pretty lady like single,0.16597510373443983
spam,You will recieve your tone within the next 24hrs. For Terms and conditions please see Channel U Teletext Pg 750,1,111,long,1.0,0.0,0.0,recieve tone within next hrs terms conditions please see channel teletext pg,0.4522821576763485
ham,Jay says that you're a double-faggot,0,36,short,0.0,0.0,1.0,jay says youre doublefaggot,0.14107883817427386
spam,PRIVATE! Your 2003 Account Statement for 07815296484 shows 800 un-redeemed S.I.M. points. Call 08718738001 Identifier Code 41782 Expires 18/11/04 ,1,146,long,1.0,0.0,0.0,private account statement shows unredeemed sim points call identifier code expires,0.5975103734439834
ham,What Today-sunday..sunday is holiday..so no work..,0,50,medium,0.0,1.0,0.0,todaysundaysunday holidayso work,0.19917012448132781
ham,I'll be late...,0,15,short,0.0,0.0,1.0,ill late,0.05394190871369295
ham,"I've not called you in a while. This is hoping it was l8r malaria and that you know that we miss you guys. I miss Bani big, so pls give her my love especially. Have a great day.",0,177,long,1.0,0.0,0.0,ive called hoping malaria know miss guys miss bani big pls give love especially great day,0.7261410788381744
ham,"Good afternoon, my love! How goes that day ? I hope maybe you got some leads on a job. I think of you, boytoy and send you a passionate kiss from across the sea",0,160,long,1.0,0.0,0.0,good afternoon love goes day hope maybe got leads job think boytoy send passionate kiss across sea,0.6556016597510373
ham,"Probably gonna be here for a while, see you later tonight &lt;)",0,63,medium,0.0,1.0,0.0,probably gonna see later tonight lt,0.25311203319502074
ham,Or maybe my fat fingers just press all these buttons and it doesn't know what to do.,0,84,medium,0.0,1.0,0.0,maybe fat fingers press buttons doesnt know,0.3402489626556016
ham,Ummmmmaah Many many happy returns of d day my dear sweet heart.. HAPPY BIRTHDAY dear,0,84,medium,0.0,1.0,0.0,ummmmmaah many many happy returns day dear sweet heart happy birthday dear,0.3402489626556016
ham,"I am in tirupur da, once you started from office call me.",0,57,medium,0.0,1.0,0.0,tirupur da started office call,0.22821576763485477
spam,from www.Applausestore.com MonthlySubscription@50p/msg max6/month T&CsC web age16 2stop txt stop,1,96,medium,0.0,1.0,0.0,monthlysubscription pmsg max month tcsc web age stop txt stop,0.3900414937759336
ham,"A famous quote : when you develop the ability to listen to 'anything' unconditionally without losing your temper or self confidence, it means you are ......... 'MARRIED'",0,169,long,1.0,0.0,0.0,famous quote develop ability listen anything unconditionally without losing temper self confidence means married,0.6929460580912863
ham,But am going to college pa. What to do. are else ill come there it self. Pa.,0,76,medium,0.0,1.0,0.0,going college pa else ill come self pa,0.30705394190871366
ham,4 oclock at mine. Just to bash out a flat plan.,0,47,medium,0.0,1.0,0.0,oclock mine bash flat plan,0.18672199170124482
ham,This girl does not stay in bed. This girl doesn't need recovery time. Id rather pass out while having fun then be cooped up in bed,0,130,long,1.0,0.0,0.0,girl stay bed girl doesnt need recovery time id rather pass fun cooped bed,0.5311203319502075
ham,Then any special there?,0,23,short,0.0,0.0,1.0,special,0.08713692946058091
ham,I know but you need to get hotel now. I just got my invitation but i had to apologise. Cali is to sweet for me to come to some english bloke's weddin,0,149,long,1.0,0.0,0.0,know need get hotel got invitation apologise cali sweet come english blokes weddin,0.6099585062240664
ham,"Sorry that took so long, omw now",0,32,short,0.0,0.0,1.0,sorry took long omw,0.12448132780082988
ham,Wait  &lt;#&gt;  min..,0,22,short,0.0,0.0,1.0,wait ltgt min,0.08298755186721991
ham,Ok give me 5 minutes I think I see her. BTW you're my alibi. You were cutting my hair the whole time.,0,101,long,1.0,0.0,0.0,ok give minutes think see btw youre alibi cutting hair whole time,0.4107883817427386
ham,"Hurry up, I've been weed-deficient for like three days",0,54,medium,0.0,1.0,0.0,hurry ive weeddeficient like three days,0.2157676348547718
ham,"Sure, if I get an acknowledgement from you that it's astoundingly tactless and generally faggy to demand a blood oath fo",0,120,long,1.0,0.0,0.0,sure get acknowledgement astoundingly tactless generally faggy demand blood oath fo,0.4896265560165975
ham,Ok. Every night take a warm bath drink a cup of milk and you'll see a work of magic. You still need to loose weight. Just so that you know,0,138,long,1.0,0.0,0.0,ok every night take warm bath drink cup milk youll see work magic still need loose weight know,0.5643153526970954
ham,IÛ÷ll have a look at the frying pan in case itÛ÷s cheap or a book perhaps. No thatÛ÷s silly a frying pan isnÛ÷t likely to be a book,0,135,long,1.0,0.0,0.0,iû÷ll look frying pan case itû÷s cheap book perhaps thatû÷s silly frying pan isnû÷t likely book,0.5518672199170125
ham,O. Well uv causes mutations. Sunscreen is like essential thesedays,0,66,medium,0.0,1.0,0.0,well uv causes mutations sunscreen like essential thesedays,0.26556016597510373
ham,Having lunch:)you are not in online?why?,0,40,medium,0.0,1.0,0.0,lunchyou onlinewhy,0.15767634854771784
ham,I know that my friend already told that.,0,40,medium,0.0,1.0,0.0,know friend already told,0.15767634854771784
ham,Hi Princess! Thank you for the pics. You are very pretty. How are you?,0,70,medium,0.0,1.0,0.0,hi princess thank pics pretty,0.2821576763485477
ham,"Aiyo... U always c our ex one... I dunno abt mei, she haven reply... First time u reply so fast... Y so lucky not workin huh, got bao by ur sugardad ah...gee.. ",0,160,long,1.0,0.0,0.0,aiyo always ex one dunno abt mei reply first time reply fast lucky workin huh got bao ur sugardad ahgee,0.6556016597510373
ham,Hi msg me:)i'm in office..,0,26,short,0.0,0.0,1.0,hi msg meim office,0.09958506224066391
ham,Thanx 4 e brownie it's v nice...,0,32,short,0.0,0.0,1.0,thanx brownie nice,0.12448132780082988
ham,Geeeee ... I love you so much I can barely stand it,0,51,medium,0.0,1.0,0.0,geeeee love much barely stand,0.2033195020746888
spam,GENT! We are trying to contact you. Last weekends draw shows that you won a å£1000 prize GUARANTEED. Call 09064012160. Claim Code K52. Valid 12hrs only. 150ppm ,1,160,long,1.0,0.0,0.0,gent trying contact last weekends draw shows å£ prize guaranteed call claim code valid hrs ppm,0.6556016597510373
ham,"Fuck babe ... I miss you already, you know ? Can't you let me send you some money towards your net ? I need you ... I want you ... I crave you ...",0,146,long,1.0,0.0,0.0,fuck babe miss already know cant let send money towards net need want crave,0.5975103734439834
ham,"Ill call u 2mrw at ninish, with my address that icky American freek wont stop callin me 2 bad Jen k eh?",0,103,long,1.0,0.0,0.0,ill call mrw ninish address icky american freek wont stop callin bad jen eh,0.41908713692946054
ham,Oooh bed ridden ey? What are YOU thinking of?,0,45,medium,0.0,1.0,0.0,oooh bed ridden ey thinking,0.17842323651452283
ham,"So anyways, you can just go to your gym or whatever, my love *smiles* I hope your ok and having a good day babe ... I miss you so much already",0,142,long,1.0,0.0,0.0,anyways go gym whatever love smiles hope ok good day babe miss much already,0.5809128630705395
ham,Love it! Daddy will make you scream with pleasure! I am going to slap your ass with my dick!,0,92,medium,0.0,1.0,0.0,love daddy make scream pleasure going slap ass dick,0.3734439834024896
ham,WOT U WANNA DO THEN MISSY?,0,26,short,0.0,0.0,1.0,wot wanna missy,0.09958506224066391
ham,Yar lor wait 4 my mum 2 finish sch then have lunch lor... I whole morning stay at home clean my room now my room quite clean... Hee...,0,134,long,1.0,0.0,0.0,yar lor wait mum finish sch lunch lor whole morning stay home clean room room quite clean hee,0.5477178423236515
ham,Do you know where my lab goggles went,0,37,short,0.0,0.0,1.0,know lab goggles went,0.14522821576763487
ham,Can you open the door?,0,22,short,0.0,0.0,1.0,open door,0.08298755186721991
ham,Waiting for your call.,0,22,short,0.0,0.0,1.0,waiting call,0.08298755186721991
ham,Nope i waiting in sch 4 daddy... ,0,33,short,0.0,0.0,1.0,nope waiting sch daddy,0.1286307053941909
spam,"You have won ?1,000 cash or a ?2,000 prize! To claim, call09050000327",1,69,medium,0.0,1.0,0.0,cash prize claim call,0.2780082987551867
ham,"I'm tired of arguing with you about this week after week. Do what you want and from now on, i'll do the same.",0,109,long,1.0,0.0,0.0,im tired arguing week week want ill,0.44398340248962653
ham,ÌÏ wait 4 me in sch i finish ard 5..,0,36,short,0.0,0.0,1.0,ìï wait sch finish ard,0.14107883817427386
spam,"our mobile number has won å£5000, to claim calls us back or ring the claims hot line on 09050005321.",1,100,long,1.0,0.0,0.0,mobile number å£ claim calls us back ring claims hot line,0.4066390041493776
ham,"Arngd marriage is while u r walkin unfortuntly a snake bites u. bt love marriage is dancing in frnt of d snake &amp; sayin Bite me, bite me.",0,140,long,1.0,0.0,0.0,arngd marriage walkin unfortuntly snake bites bt love marriage dancing frnt snake amp sayin bite bite,0.5726141078838175
ham,Huh so early.. Then Ì_ having dinner outside izzit?,0,51,medium,0.0,1.0,0.0,huh early dinner outside izzit,0.2033195020746888
ham,Ok anyway no need to change with what you said,0,46,medium,0.0,1.0,0.0,ok anyway need change said,0.1825726141078838
spam,We tried to contact you re your reply to our offer of 750 mins 150 textand a new video phone call 08002988890 now or reply for free delivery tomorrow,1,149,long,1.0,0.0,0.0,tried contact reply offer mins textand new video phone call reply free delivery tomorrow,0.6099585062240664
ham,my ex-wife was not able to have kids. Do you want kids one day?,0,63,medium,0.0,1.0,0.0,exwife able kids want kids one day,0.25311203319502074
ham,So how's scotland. Hope you are not over showing your JJC tendencies. Take care. Live the dream,0,95,medium,0.0,1.0,0.0,hows scotland hope showing jjc tendencies take care live dream,0.3858921161825726
ham,Tell them u have a headache and just want to use 1 hour of sick time.,0,69,medium,0.0,1.0,0.0,tell headache want use hour sick time,0.2780082987551867
ham,"I dun thk i'll quit yet... Hmmm, can go jazz ? Yogasana oso can... We can go meet em after our lessons den... ",0,110,long,1.0,0.0,0.0,dun thk ill quit yet hmmm go jazz yogasana oso go meet em lessons den,0.4481327800829875
ham,"\Pete can you please ring meive hardly gotany credit\""""",0,55,medium,0.0,1.0,0.0,pete please ring meive hardly gotany credit,0.21991701244813278
ham,Ya srsly better than yi tho,0,27,short,0.0,0.0,1.0,ya srsly better yi tho,0.1037344398340249
ham,"I'm in a meeting, call me later at",0,34,short,0.0,0.0,1.0,im meeting call later,0.13278008298755187
spam,"For ur chance to win a å£250 wkly shopping spree TXT: SHOP to 80878. T's&C's www.txt-2-shop.com custcare 08715705022, 1x150p/wk",1,127,long,1.0,0.0,0.0,ur chance win å£ wkly shopping spree txt shop tscs custcare pwk,0.5186721991701245
spam,You have been specially selected to receive a 2000 pound award! Call 08712402050 BEFORE the lines close. Cost 10ppm. 16+. T&Cs apply. AG Promo,1,142,long,1.0,0.0,0.0,specially selected receive pound award call lines close cost ppm tcs apply ag promo,0.5809128630705395
spam,PRIVATE! Your 2003 Account Statement for 07753741225 shows 800 un-redeemed S. I. M. points. Call 08715203677 Identifier Code: 42478 Expires 24/10/04,1,148,long,1.0,0.0,0.0,private account statement shows unredeemed points call identifier code expires,0.6058091286307055
ham,You still at grand prix?,0,24,short,0.0,0.0,1.0,still grand prix,0.09128630705394192
ham,"I met you as a stranger and choose you as my friend. As long as the world stands, our friendship never ends. Lets be Friends forever!!! Gud nitz...",0,147,long,1.0,0.0,0.0,met stranger choose friend long world stands friendship never ends lets friends forever gud nitz,0.6016597510373445
ham,I am great! How are you?,0,24,short,0.0,0.0,1.0,great,0.09128630705394192
ham,Gud mrng dear have a nice day,0,29,short,0.0,0.0,1.0,gud mrng dear nice day,0.11203319502074689
spam,You have an important customer service announcement. Call FREEPHONE 0800 542 0825 now!,1,86,medium,0.0,1.0,0.0,important customer service announcement call freephone,0.34854771784232363
ham,Will do. Was exhausted on train this morning. Too much wine and pie. You sleep well too,0,87,medium,0.0,1.0,0.0,exhausted train morning much wine pie sleep well,0.3526970954356846
ham,I'm going out to buy mum's present ar.,0,38,short,0.0,0.0,1.0,im going buy mums present ar,0.14937759336099585
ham,Mind blastin.. No more Tsunamis will occur from now on.. Rajnikant stopped swimming in Indian Ocean..:-D,0,104,long,1.0,0.0,0.0,mind blastin tsunamis occur rajnikant stopped swimming indian oceand,0.42323651452282157
ham,If u sending her home first it's ok lor. I'm not ready yet.,0,59,medium,0.0,1.0,0.0,sending home first ok lor im ready yet,0.23651452282157676
ham,Speaking of does he have any cash yet?,0,38,short,0.0,0.0,1.0,speaking cash yet,0.14937759336099585
ham,Be happy there. I will come after noon,0,38,short,0.0,0.0,1.0,happy come noon,0.14937759336099585
ham,Meet after lunch la...,0,22,short,0.0,0.0,1.0,meet lunch la,0.08298755186721991
ham,TaKe CaRE n gET WeLL sOOn,0,25,short,0.0,0.0,1.0,take care get well soon,0.09543568464730291
spam,XCLUSIVE@CLUBSAISAI 2MOROW 28/5 SOIREE SPECIALE ZOUK WITH NICHOLS FROM PARIS.FREE ROSES 2 ALL LADIES !!! info: 07946746291/07880867867 ,1,135,long,1.0,0.0,0.0,xclusiveclubsaisai morow soiree speciale zouk nichols parisfree roses ladies info,0.5518672199170125
ham,what I meant to say is cant wait to see u again getting bored of this bridgwater banter,0,87,medium,0.0,1.0,0.0,meant say cant wait see getting bored bridgwater banter,0.3526970954356846
ham,Neva mind it's ok..,0,19,short,0.0,0.0,1.0,neva mind ok,0.07053941908713693
ham,"It's fine, imma get a drink or somethin. Want me to come find you?",0,66,medium,0.0,1.0,0.0,fine imma get drink somethin want come find,0.26556016597510373
spam,22 days to kick off! For Euro2004 U will be kept up to date with the latest news and results daily. To be removed send GET TXT STOP to 83222,1,140,long,1.0,0.0,0.0,days kick euro kept date latest news results daily removed send get txt stop,0.5726141078838175
ham,Its a valentine game. . . Send dis msg to all ur friends. .. If 5 answers r d same then someone really loves u. Ques- which colour suits me the best?rply me,0,156,long,1.0,0.0,0.0,valentine game send dis msg ur friends answers someone really loves ques colour suits bestrply,0.6390041493775934
ham,I have many dependents,0,22,short,0.0,0.0,1.0,many dependents,0.08298755186721991
ham,THANX4 TODAY CER IT WAS NICE 2 CATCH UP BUT WE AVE 2 FIND MORE TIME MORE OFTEN OH WELL TAKE CARE C U SOON.C,0,107,long,1.0,0.0,0.0,thanx today cer nice catch ave find time often oh well take care soonc,0.4356846473029045
ham,I called and said all to him:)then he have to choose this future.,0,65,medium,0.0,1.0,0.0,called said himthen choose future,0.2614107883817427
ham,"\Happy valentines day\"" I know its early but i have hundreds of handsomes and beauties to wish. So i thought to finish off aunties and uncles 1st...""",0,149,long,1.0,0.0,0.0,happy valentines day know early hundreds handsomes beauties wish thought finish aunties uncles st,0.6099585062240664
ham,He like not v shock leh. Cos telling shuhui is like telling leona also. Like dat almost all know liao. He got ask me abt ur reaction lor.,0,137,long,1.0,0.0,0.0,like shock leh cos telling shuhui like telling leona also like dat almost know liao got ask abt ur reaction lor,0.5601659751037344
ham,For my family happiness..,0,25,short,0.0,0.0,1.0,family happiness,0.09543568464730291
ham,I come n pick Ì_ up... Come out immediately aft ur lesson...,0,60,medium,0.0,1.0,0.0,come pick come immediately aft ur lesson,0.24066390041493776
ham,Let there be snow. Let there be snow. This kind of weather brings ppl together so friendships can grow.,0,103,long,1.0,0.0,0.0,let snow let snow kind weather brings ppl together friendships grow,0.41908713692946054
ham,Dear we got  &lt;#&gt;  dollars hi hi,0,37,short,0.0,0.0,1.0,dear got ltgt dollars hi hi,0.14522821576763487
ham,Good words.... But words may leave u in dismay many times.,0,58,medium,0.0,1.0,0.0,good words words may leave dismay many times,0.23236514522821577
ham,MAKE SURE ALEX KNOWS HIS BIRTHDAY IS OVER IN FIFTEEN MINUTES AS FAR AS YOU'RE CONCERNED,0,87,medium,0.0,1.0,0.0,make sure alex knows birthday fifteen minutes far youre concerned,0.3526970954356846
ham,"sorry, no, have got few things to do. may be in pub later.",0,58,medium,0.0,1.0,0.0,sorry got things may pub later,0.23236514522821577
ham,"Nah it's straight, if you can just bring bud or drinks or something that's actually a little more useful than straight cash",0,123,long,1.0,0.0,0.0,nah straight bring bud drinks something thats actually little useful straight cash,0.5020746887966805
ham,"Haha good to hear, I'm officially paid and on the market for an 8th",0,67,medium,0.0,1.0,0.0,haha good hear im officially paid market th,0.2697095435684647
ham,How many licks does it take to get to the center of a tootsie pop?,0,66,medium,0.0,1.0,0.0,many licks take get center tootsie pop,0.26556016597510373
ham,Yup i thk they r e teacher said that will make my face look longer. Darren ask me not 2 cut too short.,0,102,long,1.0,0.0,0.0,yup thk teacher said make face look longer darren ask cut short,0.41493775933609955
spam,New TEXTBUDDY Chat 2 horny guys in ur area 4 just 25p Free 2 receive Search postcode or at gaytextbuddy.com. TXT ONE name to 89693,1,130,long,1.0,0.0,0.0,new textbuddy chat horny guys ur area free receive search postcode gaytextbuddycom txt one name,0.5311203319502075
spam,Todays Vodafone numbers ending with 4882 are selected to a receive a å£350 award. If your number matches call 09064019014 to receive your å£350 award.,1,150,long,1.0,0.0,0.0,todays vodafone numbers ending selected receive å£ award number matches call receive å£ award,0.6141078838174274
ham,Please dont say like that. Hi hi hi,0,35,short,0.0,0.0,1.0,please dont say like hi hi hi,0.13692946058091288
ham,Thank u!,0,8,short,0.0,0.0,1.0,thank,0.024896265560165977
ham,Oh that was a forwarded message. I thought you send that to me,0,62,medium,0.0,1.0,0.0,oh forwarded message thought send,0.24896265560165973
ham,Got it. Seventeen pounds for seven hundred ml ÛÒ hope ok.,0,58,medium,0.0,1.0,0.0,got seventeen pounds seven hundred ml ûò hope ok,0.23236514522821577
spam,"Dear Voucher Holder, 2 claim this weeks offer, at your PC go to http://www.e-tlp.co.uk/expressoffer Ts&Cs apply.2 stop texts txt STOP to 80062.",1,143,long,1.0,0.0,0.0,dear voucher holder claim weeks offer pc go tscs apply stop texts txt stop,0.5850622406639004
ham,Me n him so funny...,0,20,short,0.0,0.0,1.0,funny,0.07468879668049792
ham,"Sweetheart, hope you are not having that kind of day! Have one with loads of reasons to smile. Biola",0,100,long,1.0,0.0,0.0,sweetheart hope kind day one loads reasons smile biola,0.4066390041493776
ham,When Ì_ login dat time... Dad fetching Ì_ home now?,0,51,medium,0.0,1.0,0.0,login dat time dad fetching home,0.2033195020746888
ham,"What will we do in the shower, baby?",0,36,short,0.0,0.0,1.0,shower baby,0.14107883817427386
ham,I had askd u a question some hours before. Its answer,0,53,medium,0.0,1.0,0.0,askd question hours answer,0.21161825726141079
ham,"Well imma definitely need to restock before thanksgiving, I'll let you know when I'm out",0,88,medium,0.0,1.0,0.0,well imma definitely need restock thanksgiving ill let know im,0.3568464730290456
ham," said kiss, kiss, i can't do the sound effects! He is a gorgeous man isn't he! Kind of person who needs a smile to brighten his day! ",0,133,long,1.0,0.0,0.0,said kiss kiss cant sound effects gorgeous man isnt kind person needs smile brighten day,0.5435684647302905
ham,Probably gonna swing by in a wee bit,0,36,short,0.0,0.0,1.0,probably gonna swing wee bit,0.14107883817427386
ham,Ya very nice. . .be ready on thursday,0,37,short,0.0,0.0,1.0,ya nice ready thursday,0.14522821576763487
ham,Allo! We have braved the buses and taken on the trains and triumphed. I mean weÛ÷re in bÛ÷ham. Have a jolly good rest of week,0,127,long,1.0,0.0,0.0,allo braved buses taken trains triumphed mean weû÷re bû÷ham jolly good rest week,0.5186721991701245
ham,"Watching cartoon, listening music &amp; at eve had to go temple &amp; church.. What about u?",0,92,medium,0.0,1.0,0.0,watching cartoon listening music amp eve go temple amp church,0.3734439834024896
ham,Do you mind if I ask what happened? You dont have to say if it is uncomfortable.,0,80,medium,0.0,1.0,0.0,mind ask happened dont say uncomfortable,0.32365145228215764
spam,PRIVATE! Your 2003 Account Statement for shows 800 un-redeemed S. I. M. points. Call 08715203694 Identifier Code: 40533 Expires 31/10/04,1,136,long,1.0,0.0,0.0,private account statement shows unredeemed points call identifier code expires,0.5560165975103735
ham,No prob. I will send to your email.,0,35,short,0.0,0.0,1.0,prob send email,0.13692946058091288
spam,"You have won ?1,000 cash or a ?2,000 prize! To claim, call09050000327. T&C: RSTM, SW7 3SS. 150ppm",1,97,medium,0.0,1.0,0.0,cash prize claim call tc rstm sw ss ppm,0.3941908713692946
ham,Thats cool! Sometimes slow and gentle. Sonetimes rough and hard :),0,66,medium,0.0,1.0,0.0,thats cool sometimes slow gentle sonetimes rough hard,0.26556016597510373
ham,I'm gonna say no. Sorry. I would but as normal am starting to panic about time. Sorry again! Are you seeing on Tuesday?,0,119,long,1.0,0.0,0.0,im gonna say sorry would normal starting panic time sorry seeing tuesday,0.4854771784232365
ham,"Wait, do you know if wesleys in town? I bet she does hella drugs!",0,65,medium,0.0,1.0,0.0,wait know wesleys town bet hella drugs,0.2614107883817427
ham,Fine i miss you very much.,0,26,short,0.0,0.0,1.0,fine miss much,0.09958506224066391
ham,Tell them the drug dealer's getting impatient,0,45,medium,0.0,1.0,0.0,tell drug dealers getting impatient,0.17842323651452283
ham,"Sun cant come to earth but send luv as rays. cloud cant come to river but send luv as rain. I cant come to meet U, but can send my care as msg to U. Gud evng",0,157,long,1.0,0.0,0.0,sun cant come earth send luv rays cloud cant come river send luv rain cant come meet send care msg gud evng,0.6431535269709544
ham,"It doesnt make sense to take it there unless its free. If you need to know more, wikipedia.com",0,94,medium,0.0,1.0,0.0,doesnt make sense take unless free need know wikipediacom,0.3817427385892116
spam,88800 and 89034 are premium phone services call 08718711108,1,59,medium,0.0,1.0,0.0,premium phone services call,0.23651452282157676
ham,"Under the sea, there lays a rock. In the rock, there is an envelope. In the envelope, there is a paper. On the paper, there are 3 words... '",0,140,long,1.0,0.0,0.0,sea lays rock rock envelope envelope paper paper words,0.5726141078838175
ham,Then mum's repent how?,0,22,short,0.0,0.0,1.0,mums repent,0.08298755186721991
ham,Sorry me going home first... Daddy come fetch Ì_ later...,0,57,medium,0.0,1.0,0.0,sorry going home first daddy come fetch later,0.22821576763485477
ham,Leave it de:-). Start Prepare for next:-)..,0,43,medium,0.0,1.0,0.0,leave de start prepare next,0.17012448132780084
ham,Yes baby! We can study all the positions of the kama sutra ;),0,61,medium,0.0,1.0,0.0,yes baby study positions kama sutra,0.24481327800829875
ham,En chikku nange bakra msg kalstiya..then had tea/coffee?,0,56,medium,0.0,1.0,0.0,en chikku nange bakra msg kalstiyathen teacoffee,0.22406639004149378
ham,Carlos'll be here in a minute if you still need to buy,0,54,medium,0.0,1.0,0.0,carlosll minute still need buy,0.2157676348547718
ham,This pay is  &lt;DECIMAL&gt;  lakhs:),0,37,short,0.0,0.0,1.0,pay ltdecimalgt lakhs,0.14522821576763487
ham,Have a good evening! Ttyl,0,25,short,0.0,0.0,1.0,good evening ttyl,0.09543568464730291
ham,Did u receive my msg?,0,21,short,0.0,0.0,1.0,receive msg,0.07883817427385892
ham,Ho ho - big belly laugh! See ya tomo,0,36,short,0.0,0.0,1.0,ho ho big belly laugh see ya tomo,0.14107883817427386
spam,"SMS. ac sun0819 posts HELLO:\You seem cool  wanted to say hi. HI!!!\"" Stop? Send STOP to 62468""",1,95,medium,0.0,1.0,0.0,sms ac sun posts helloyou seem cool wanted say hi hi stop send stop,0.3858921161825726
spam,Get ur 1st RINGTONE FREE NOW! Reply to this msg with TONE. Gr8 TOP 20 tones to your phone every week just å£1.50 per wk 2 opt out send STOP 08452810071 16,1,154,long,1.0,0.0,0.0,get ur st ringtone free reply msg tone gr top tones phone every week å£ per wk opt send stop,0.6307053941908713
ham,"Ditto. And you won't have to worry about me saying ANYTHING to you anymore. Like i said last night, you do whatever you want and i'll do the same. Peace.",0,153,long,1.0,0.0,0.0,ditto wont worry saying anything anymore like said last night whatever want ill peace,0.6265560165975104
ham,"I've got  &lt;#&gt; , any way I could pick up?",0,46,medium,0.0,1.0,0.0,ive got ltgt way could pick,0.1825726141078838
ham,"I dont knw pa, i just drink milk..",0,34,short,0.0,0.0,1.0,dont knw pa drink milk,0.13278008298755187
ham,Maybe?! Say hi to  and find out if  got his card. Great escape or wetherspoons? ,0,80,medium,0.0,1.0,0.0,maybe say hi find got card great escape wetherspoons,0.32365145228215764
ham,"Piggy, r u awake? I bet u're still sleeping. I'm going 4 lunch now...",0,69,medium,0.0,1.0,0.0,piggy awake bet ure still sleeping im going lunch,0.2780082987551867
ham,Cause I'm not freaky lol,0,24,short,0.0,0.0,1.0,cause im freaky lol,0.09128630705394192
ham,Missed your call cause I was yelling at scrappy. Miss u. Can't wait for u to come home. I'm so lonely today.,0,108,long,1.0,0.0,0.0,missed call cause yelling scrappy miss cant wait come home im lonely today,0.43983402489626555
ham,What is this 'hex' place you talk of? Explain!,0,46,medium,0.0,1.0,0.0,hex place talk explain,0.1825726141078838
ham,ÌÏ log off 4 wat. It's sdryb8i,0,30,short,0.0,0.0,1.0,ìï log wat sdryb,0.11618257261410789
ham,Is xy going 4 e lunch?,0,22,short,0.0,0.0,1.0,xy going lunch,0.08298755186721991
spam,Hi I'm sue. I am 20 years old and work as a lapdancer. I love sex. Text me live - I'm i my bedroom now. text SUE to 89555. By TextOperator G2 1DA 150ppmsg 18+,1,158,long,1.0,0.0,0.0,hi im sue years old work lapdancer love sex text live im bedroom text sue textoperator da ppmsg,0.6473029045643154
ham,I wanted to ask Ì_ to wait 4 me to finish lect. Cos my lect finishes in an hour anyway.,0,87,medium,0.0,1.0,0.0,wanted ask wait finish lect cos lect finishes hour anyway,0.3526970954356846
ham,Have you finished work yet? :),0,30,short,0.0,0.0,1.0,finished work yet,0.11618257261410789
ham,"Every King Was Once A Crying Baby And Every Great Building Was Once A Map.. Not Imprtant Where U r TODAY, BUT Where U Wil Reach TOMORW. Gud ni8",0,143,long,1.0,0.0,0.0,every king crying baby every great building map imprtant today wil reach tomorw gud ni,0.5850622406639004
ham,"Dear,Me at cherthala.in case u r coming cochin pls call bfore u start.i shall also reach accordingly.or tell me which day u r coming.tmorow i am engaged ans its holiday.",0,169,long,1.0,0.0,0.0,dearme cherthalain case coming cochin pls call bfore starti shall also reach accordinglyor tell day comingtmorow engaged ans holiday,0.6929460580912863
ham,Thanks love. But am i doing torch or bold.,0,42,medium,0.0,1.0,0.0,thanks love torch bold,0.16597510373443983
spam,<Forwarded from 448712404000>Please CALL 08712404000 immediately as there is an urgent message waiting for you.,1,111,long,1.0,0.0,0.0,forwarded please call immediately urgent message waiting,0.4522821576763485
ham,Was the farm open?,0,18,short,0.0,0.0,1.0,farm open,0.06639004149377593
ham,"Sorry to trouble u again. Can buy 4d for my dad again? 1405, 1680, 1843. All 2 big 1 small, sat n sun. Thanx.",0,109,long,1.0,0.0,0.0,sorry trouble buy dad big small sat sun thanx,0.44398340248962653
ham,"My sister in law, hope you are having a great month. Just saying hey. Abiola",0,76,medium,0.0,1.0,0.0,sister law hope great month saying hey abiola,0.30705394190871366
ham,Will purchase d stuff today and mail to you. Do you have a po box number?,0,73,medium,0.0,1.0,0.0,purchase stuff today mail po box number,0.29460580912863066
ham,Ah poop. Looks like ill prob have to send in my laptop to get fixed cuz it has a gpu problem,0,92,medium,0.0,1.0,0.0,ah poop looks like ill prob send laptop get fixed cuz gpu problem,0.3734439834024896
ham,Good. Good job. I like entrepreneurs,0,36,short,0.0,0.0,1.0,good good job like entrepreneurs,0.14107883817427386
ham,"Aight, you close by or still down around alex's place?",0,54,medium,0.0,1.0,0.0,aight close still around alexs place,0.2157676348547718
ham,meet you in corporation st outside gap Û_ you can see how my mind is working!,0,78,medium,0.0,1.0,0.0,meet corporation st outside gap û see mind working,0.3153526970954357
ham,Mum ask Ì_ to buy food home...,0,30,short,0.0,0.0,1.0,mum ask buy food home,0.11618257261410789
ham,K..u also dont msg or reply to his msg..,0,40,medium,0.0,1.0,0.0,ku also dont msg reply msg,0.15767634854771784
ham,How much r Ì_ willing to pay?,0,29,short,0.0,0.0,1.0,much willing pay,0.11203319502074689
ham,What is important is that you prevent dehydration by giving her enough fluids,0,77,medium,0.0,1.0,0.0,important prevent dehydration giving enough fluids,0.31120331950207464
ham,"Thats a bit weird, even ?- where is the do supposed to be happening? But good idea, sure they will be in pub!",0,109,long,1.0,0.0,0.0,thats bit weird even supposed happening good idea sure pub,0.44398340248962653
ham,True dear..i sat to pray evening and felt so.so i sms'd you in some time...,0,75,medium,0.0,1.0,0.0,true deari sat pray evening felt soso smsd time,0.3029045643153527
ham,"I don't think I can get away for a trek that long with family in town, sorry",0,76,medium,0.0,1.0,0.0,dont think get away trek long family town sorry,0.30705394190871366
ham,So when do you wanna gym harri,0,30,short,0.0,0.0,1.0,wanna gym harri,0.11618257261410789
ham,Quite late lar... Ard 12 anyway i wun b drivin...,0,49,medium,0.0,1.0,0.0,quite late lar ard anyway wun drivin,0.1950207468879668
spam,"To review and KEEP the fantastic Nokia N-Gage game deck with Club Nokia, go 2 www.cnupdates.com/newsletter. unsubscribe from alerts reply with the word OUT",1,155,long,1.0,0.0,0.0,review keep fantastic nokia ngage game deck club nokia go unsubscribe alerts reply word,0.6348547717842324
spam,4mths half price Orange line rental & latest camera phones 4 FREE. Had your phone 11mths+? Call MobilesDirect free on 08000938767 to update now! or2stoptxt T&Cs,1,160,long,1.0,0.0,0.0,mths half price orange line rental latest camera phones free phone mths call mobilesdirect free update stoptxt tcs,0.6556016597510373
ham,It just seems like weird timing that the night that all you and g want is for me to come smoke is the same day as when a shitstorm is attributed to me always coming over and making everyone smoke,0,195,long,1.0,0.0,0.0,seems like weird timing night want come smoke day shitstorm attributed always coming making everyone smoke,0.8008298755186722
spam,08714712388 between 10am-7pm Cost 10p,1,37,short,0.0,0.0,1.0,pm cost,0.14522821576763487
ham,"Save yourself the stress. If the person has a dorm account, just send your account details and the money will be sent to you.",0,125,long,1.0,0.0,0.0,save stress person dorm account send account details money sent,0.5103734439834026
ham,He also knows about lunch menu only da. . I know,0,48,medium,0.0,1.0,0.0,also knows lunch menu da know,0.19087136929460582
ham,When i have stuff to sell i.ll tell you,0,39,short,0.0,0.0,1.0,stuff sell ill tell,0.15352697095435686
spam,+449071512431 URGENT! This is the 2nd attempt to contact U!U have WON å£1250 CALL 09071512433 b4 050703 T&CsBCM4235WC1N3XX. callcost 150ppm mobilesvary. maxå£7. 50,1,163,long,1.0,0.0,0.0,urgent nd attempt contact uu å£ call tcsbcm wc xx callcost ppm mobilesvary maxå£,0.6680497925311204
ham,Book which lesson? then you msg me... I will call up after work or sth... I'm going to get specs. My membership is PX3748,0,121,long,1.0,0.0,0.0,book lesson msg call work sth im going get specs membership px,0.4937759336099585
spam,You have WON a guaranteed å£1000 cash or a å£2000 prize. To claim yr prize call our customer service representative on 08714712394 between 10am-7pm,1,147,long,1.0,0.0,0.0,guaranteed å£ cash å£ prize claim yr prize call customer service representative pm,0.6016597510373445
ham,Macha dont feel upset.i can assume your mindset.believe me one evening with me and i have some wonderful plans for both of us.LET LIFE BEGIN AGAIN.call me anytime,0,162,long,1.0,0.0,0.0,macha dont feel upseti assume mindsetbelieve one evening wonderful plans uslet life begin againcall anytime,0.6639004149377594
ham,Oh is it? Send me the address,0,29,short,0.0,0.0,1.0,oh send address,0.11203319502074689
ham,S'fine. Anytime. All the best with it.,0,38,short,0.0,0.0,1.0,sfine anytime best,0.14937759336099585
ham,That is wondar full flim.,0,25,short,0.0,0.0,1.0,wondar full flim,0.09543568464730291
ham,Ya even those cookies have jelly on them,0,40,medium,0.0,1.0,0.0,ya even cookies jelly,0.15767634854771784
ham,"The world is running and i am still.maybe all are feeling the same,so be it.or i have to admit,i am mad.then where is the correction?or let me call this is life.and keep running with the world,may be u r also running.lets run.",0,226,long,1.0,0.0,0.0,world running stillmaybe feeling sameso itor admiti madthen correctionor let call lifeand keep running worldmay also runninglets run,0.9294605809128631
ham,Got it! It looks scrumptious... daddy wants to eat you all night long!,0,70,medium,0.0,1.0,0.0,got looks scrumptious daddy wants eat night long,0.2821576763485477
ham,Of cos can lar i'm not so ba dao ok... 1 pm lor... Y u never ask where we go ah... I said u would ask on fri but he said u will ask today...,0,140,long,1.0,0.0,0.0,cos lar im ba dao ok pm lor never ask go ah said would ask fri said ask today,0.5726141078838175
ham,"Alright omw, gotta change my order to a half8th",0,47,medium,0.0,1.0,0.0,alright omw gotta change order half th,0.18672199170124482
ham,Exactly. Anyways how far. Is jide her to study or just visiting,0,63,medium,0.0,1.0,0.0,exactly anyways far jide study visiting,0.25311203319502074
ham,Dunno y u ask me.,0,17,short,0.0,0.0,1.0,dunno ask,0.06224066390041494
spam,Email AlertFrom: Jeri StewartSize: 2KBSubject: Low-cost prescripiton drvgsTo listen to email call 123,1,101,long,1.0,0.0,0.0,email alertfrom jeri stewartsize kbsubject lowcost prescripiton drvgsto listen email call,0.4107883817427386
ham,No he didn't. Spring is coming early yay!,0,41,medium,0.0,1.0,0.0,didnt spring coming early yay,0.16182572614107885
ham,Lol you won't feel bad when I use her money to take you out to a steak dinner =D,0,80,medium,0.0,1.0,0.0,lol wont feel bad use money take steak dinner,0.32365145228215764
ham,Even u dont get in trouble while convincing..just tel him once or twice and just tel neglect his msgs dont c and read it..just dont reply,0,137,long,1.0,0.0,0.0,even dont get trouble convincingjust tel twice tel neglect msgs dont read itjust dont reply,0.5601659751037344
ham,Leaving to qatar tonite in search of an opportunity.all went fast.pls add me in ur prayers dear.Rakhesh,0,103,long,1.0,0.0,0.0,leaving qatar tonite search opportunityall went fastpls add ur prayers dearrakhesh,0.41908713692946054
ham,Then why no one talking to me,0,29,short,0.0,0.0,1.0,one talking,0.11203319502074689
ham,Thanks for looking out for me. I really appreciate.,0,51,medium,0.0,1.0,0.0,thanks looking really appreciate,0.2033195020746888
spam,Hi. Customer Loyalty Offer:The NEW Nokia6650 Mobile from ONLY å£10 at TXTAUCTION! Txt word: START to No: 81151 & get yours Now! 4T&Ctxt TC 150p/MTmsg,1,149,long,1.0,0.0,0.0,hi customer loyalty offerthe new nokia mobile å£ txtauction txt word start get tctxt tc pmtmsg,0.6099585062240664
ham,Wish i were with you now!,0,25,short,0.0,0.0,1.0,wish,0.09543568464730291
ham,Haha mayb u're rite... U know me well. Da feeling of being liked by someone is gd lor. U faster go find one then all gals in our group attached liao.,0,149,long,1.0,0.0,0.0,haha mayb ure rite know well da feeling liked someone gd lor faster go find one gals group attached liao,0.6099585062240664
ham,Yes i will be there. Glad you made it.,0,38,short,0.0,0.0,1.0,yes glad made,0.14937759336099585
ham,Do well :)all will for little time. Thing of good times ahead:,0,62,medium,0.0,1.0,0.0,well little time thing good times ahead,0.24896265560165973
ham,Just got up. have to be out of the room very soon. Û_. i hadn't put the clocks back til at 8 i shouted at everyone to get up and then realised it was 7. wahay. another hour in bed.,0,181,long,1.0,0.0,0.0,got room soon û hadnt put clocks back til shouted everyone get realised wahay another hour bed,0.7427385892116183
ham,Ok. There may be a free gym about.,0,34,short,0.0,0.0,1.0,ok may free gym,0.13278008298755187
ham,Men like shorter ladies. Gaze up into his eyes.,0,47,medium,0.0,1.0,0.0,men like shorter ladies gaze eyes,0.18672199170124482
ham,Dunno he jus say go lido. Same time 930.,0,40,medium,0.0,1.0,0.0,dunno jus say go lido time,0.15767634854771784
ham,"I promise to take good care of you, princess. I have to run now. Please send pics when you get a chance. Ttyl!",0,110,long,1.0,0.0,0.0,promise take good care princess run please send pics get chance ttyl,0.4481327800829875
spam,U are subscribed to the best Mobile Content Service in the UK for å£3 per 10 days until you send STOP to 82324. Helpline 08706091795,1,132,long,1.0,0.0,0.0,subscribed best mobile content service uk å£ per days send stop helpline,0.5394190871369295
ham,Is there a reason we've not spoken this year? Anyways have a great week and all the best in your exam,0,101,long,1.0,0.0,0.0,reason weve spoken year anyways great week best exam,0.4107883817427386
ham,By monday next week. Give me the full gist,0,42,medium,0.0,1.0,0.0,monday next week give full gist,0.16597510373443983
spam,"Do you realize that in about 40 years, we'll have thousands of old ladies running around with tattoos?",1,102,long,1.0,0.0,0.0,realize years well thousands old ladies running around tattoos,0.41493775933609955
spam,You have an important customer service announcement from PREMIER.,1,65,medium,0.0,1.0,0.0,important customer service announcement premier,0.2614107883817427
ham,Dont gimme that lip caveboy,0,27,short,0.0,0.0,1.0,dont gimme lip caveboy,0.1037344398340249
ham,When did you get to the library,0,31,short,0.0,0.0,1.0,get library,0.12033195020746887
ham,Realy sorry-i don't recognise this number and am now confused :) who r u please?! ,0,82,medium,0.0,1.0,0.0,realy sorryi dont recognise number confused please,0.33195020746887965
ham,So why didnt you holla?,0,23,short,0.0,0.0,1.0,didnt holla,0.08713692946058091
ham,Cant think of anyone with * spare room off * top of my head,0,59,medium,0.0,1.0,0.0,cant think anyone spare room top head,0.23651452282157676
ham,"Faith makes things possible,Hope makes things work,Love makes things beautiful,May you have all three this Christmas!Merry Christmas!",0,133,long,1.0,0.0,0.0,faith makes things possiblehope makes things worklove makes things beautifulmay three christmasmerry christmas,0.5435684647302905
ham,U should have made an appointment,0,33,short,0.0,0.0,1.0,made appointment,0.1286307053941909
ham,"Call me when you/carlos is/are here, my phone's vibrate is acting up and I might not hear texts",0,95,medium,0.0,1.0,0.0,call youcarlos isare phones vibrate acting might hear texts,0.3858921161825726
spam,"Romantic Paris. 2 nights, 2 flights from å£79 Book now 4 next year. Call 08704439680Ts&Cs apply.",1,96,medium,0.0,1.0,0.0,romantic paris nights flights å£ book next year call tscs apply,0.3900414937759336
ham,"We are at grandmas. Oh dear, u still ill? I felt Shit this morning but i think i am just hungover! Another night then. We leave on sat.",0,135,long,1.0,0.0,0.0,grandmas oh dear still ill felt shit morning think hungover another night leave sat,0.5518672199170125
spam,Urgent Ur å£500 guaranteed award is still unclaimed! Call 09066368327 NOW closingdate04/09/02 claimcode M39M51 å£1.50pmmorefrommobile2Bremoved-MobyPOBox734LS27YF,1,161,long,1.0,0.0,0.0,urgent ur å£ guaranteed award still unclaimed call closingdate claimcode å£ pmmorefrommobile bremovedmobypobox ls yf,0.6597510373443983
ham,Nothing but we jus tot u would ask cos u ba gua... But we went mt faber yest... Yest jus went out already mah so today not going out... Jus call lor...,0,151,long,1.0,0.0,0.0,nothing jus tot would ask cos ba gua went mt faber yest yest jus went already mah today going jus call lor,0.6182572614107884
ham,"Wishing you and your family Merry \X\"" mas and HAPPY NEW Year in advance..""",0,75,medium,0.0,1.0,0.0,wishing family merry mas happy new year advance,0.3029045643153527
spam,UR awarded a City Break and could WIN a å£200 Summer Shopping spree every WK. Txt STORE to 88039 . SkilGme. TsCs087147403231Winawk!Age16 å£1.50perWKsub,1,151,long,1.0,0.0,0.0,ur awarded city break could win å£ summer shopping spree every wk txt store skilgme tscs winawkage å£ perwksub,0.6182572614107884
ham,"I'm nt goin, got somethin on, unless they meetin 4 dinner lor... Haha, i wonder who will go tis time...",0,103,long,1.0,0.0,0.0,im nt goin got somethin unless meetin dinner lor haha wonder go tis time,0.41908713692946054
ham,Lol I know! They're so dramatic. Schools already closed for tomorrow. Apparently we can't drive in the inch of snow were supposed to get.,0,137,long,1.0,0.0,0.0,lol know theyre dramatic schools already closed tomorrow apparently cant drive inch snow supposed get,0.5601659751037344
ham,Not getting anywhere with this damn job hunting over here!,0,58,medium,0.0,1.0,0.0,getting anywhere damn job hunting,0.23236514522821577
ham,Lol! U drunkard! Just doing my hair at d moment. Yeah still up 4 tonight. Wats the plan? ,0,89,medium,0.0,1.0,0.0,lol drunkard hair moment yeah still tonight wats plan,0.36099585062240663
ham,"idc get over here, you are not weaseling your way out of this shit twice in a row",0,81,medium,0.0,1.0,0.0,idc get weaseling way shit twice row,0.3278008298755187
ham,I wil be there with in  &lt;#&gt;  minutes. Got any space,0,57,medium,0.0,1.0,0.0,wil ltgt minutes got space,0.22821576763485477
ham,Thanks for picking up the trash.,0,32,short,0.0,0.0,1.0,thanks picking trash,0.12448132780082988
ham,Why don't you go tell your friend you're not sure you want to live with him because he smokes too much then spend hours begging him to come smoke,0,145,long,1.0,0.0,0.0,dont go tell friend youre sure want live smokes much spend hours begging come smoke,0.5933609958506224
ham,"\Hi its Kate it was lovely to see you tonight and ill phone you tomorrow. I got to sing and a guy gave me his card! xxx\""""",0,122,long,1.0,0.0,0.0,hi kate lovely see tonight ill phone tomorrow got sing guy gave card xxx,0.49792531120331945
ham,Happy New year my dear brother. I really do miss you. Just got your number and decided to send you this text wishing you only happiness. Abiola,0,143,long,1.0,0.0,0.0,happy new year dear brother really miss got number decided send text wishing happiness abiola,0.5850622406639004
ham,That means get the door,0,23,short,0.0,0.0,1.0,means get door,0.08713692946058091
ham,"Hmmm ... I thought we said 2 hours slave, not 3 ... You are late ... How should I punish you ?",0,94,medium,0.0,1.0,0.0,hmmm thought said hours slave late punish,0.3817427385892116
ham,Beerage?,0,8,short,0.0,0.0,1.0,beerage,0.024896265560165977
spam,You have an important customer service announcement from PREMIER. Call FREEPHONE 0800 542 0578 now!,1,99,medium,0.0,1.0,0.0,important customer service announcement premier call freephone,0.40248962655601656
ham,Dont think so. It turns off like randomlly within 5min of opening,0,65,medium,0.0,1.0,0.0,dont think turns like randomlly within min opening,0.2614107883817427
ham,"She was supposed to be but couldn't make it, she's still in town though",0,71,medium,0.0,1.0,0.0,supposed couldnt make shes still town though,0.2863070539419087
ham,It does it on its own. Most of the time it fixes my spelling. But sometimes it gets a completely diff word. Go figure,0,117,long,1.0,0.0,0.0,time fixes spelling sometimes gets completely diff word go figure,0.4771784232365145
spam,Ever thought about living a good life with a perfect partner? Just txt back NAME and AGE to join the mobile community. (100p/SMS),1,129,long,1.0,0.0,0.0,ever thought living good life perfect partner txt back name age join mobile community psms,0.5269709543568465
spam,"5 Free Top Polyphonic Tones call 087018728737, National Rate. Get a toppoly tune sent every week, just text SUBPOLY to 81618, å£3 per pole. UnSub 08718727870.",1,158,long,1.0,0.0,0.0,free top polyphonic tones call national rate get toppoly tune sent every week text subpoly å£ per pole unsub,0.6473029045643154
ham,This is hoping you enjoyed your game yesterday. Sorry i've not been in touch but pls know that you are fondly bein thot off. Have a great week. Abiola,0,150,long,1.0,0.0,0.0,hoping enjoyed game yesterday sorry ive touch pls know fondly bein thot great week abiola,0.6141078838174274
ham,All e best 4 ur driving tmr :-),0,31,short,0.0,0.0,1.0,best ur driving tmr,0.12033195020746887
ham,Y?WHERE U AT DOGBREATH? ITS JUST SOUNDING LIKE JAN C THATåÕS AL!!!!!!!!!,0,72,medium,0.0,1.0,0.0,ywhere dogbreath sounding like jan thatåõs al,0.2904564315352697
ham,Omg I want to scream. I weighed myself and I lost more weight! Woohoo!,0,70,medium,0.0,1.0,0.0,omg want scream weighed lost weight woohoo,0.2821576763485477
ham,There generally isn't one. It's an uncountable noun - u in the dictionary. pieces of research?,0,94,medium,0.0,1.0,0.0,generally isnt one uncountable noun dictionary pieces research,0.3817427385892116
ham,it's really getting me down just hanging around.,0,48,medium,0.0,1.0,0.0,really getting hanging around,0.19087136929460582
spam,"Orange customer, you may now claim your FREE CAMERA PHONE upgrade for your loyalty. Call now on 0207 153 9996. Offer ends 14thMarch. T&C's apply. Opt-out availa",1,160,long,1.0,0.0,0.0,orange customer may claim free camera phone upgrade loyalty call offer ends thmarch tcs apply optout availa,0.6556016597510373
ham,"\Petey boy whereare you me and all your friendsare in theKingshead come down if you canlove Nic\""""",0,98,medium,0.0,1.0,0.0,petey boy whereare friendsare thekingshead come canlove nic,0.3983402489626556
ham,Ok i msg u b4 i leave my house.,0,31,short,0.0,0.0,1.0,ok msg leave house,0.12033195020746887
ham,"\Gimme a few\"" was  &lt;#&gt;  minutes ago""",0,43,medium,0.0,1.0,0.0,gimme ltgt minutes ago,0.17012448132780084
spam,"Last Chance! Claim ur å£150 worth of discount vouchers today! Text SHOP to 85023 now! SavaMob, offers mobile! T Cs SavaMob POBOX84, M263UZ. å£3.00 Sub. 16",1,154,long,1.0,0.0,0.0,last chance claim ur å£ worth discount vouchers today text shop savamob offers mobile cs savamob pobox uz å£ sub,0.6307053941908713
ham,Appt is at &lt;TIME&gt; am. Not my fault u don't listen. I told u twice,0,71,medium,0.0,1.0,0.0,appt lttimegt fault dont listen told twice,0.2863070539419087
spam,FREE for 1st week! No1 Nokia tone 4 ur mobile every week just txt NOKIA to 8077 Get txting and tell ur mates. www.getzed.co.uk POBox 36504 W45WQ 16+ norm150p/tone,1,162,long,1.0,0.0,0.0,free st week nokia tone ur mobile every week txt nokia get txting tell ur mates pobox wq norm ptone,0.6639004149377594
spam,You have won a guaranteed å£200 award or even å£1000 cashto claim UR award call free on 08000407165 (18+) 2 stop getstop on 88222 PHP. RG21 4JX,1,143,long,1.0,0.0,0.0,guaranteed å£ award even å£ cashto claim ur award call free stop getstop php rg jx,0.5850622406639004
ham,K I'll be there before 4.,0,25,short,0.0,0.0,1.0,ill,0.09543568464730291
ham,I dled 3d its very imp,0,22,short,0.0,0.0,1.0,dled imp,0.08298755186721991
ham,"sure, but make sure he knows we ain't smokin yet",0,48,medium,0.0,1.0,0.0,sure make sure knows aint smokin yet,0.19087136929460582
ham,Boooo you always work. Just quit.,0,33,short,0.0,0.0,1.0,boooo always work quit,0.1286307053941909
ham,I am taking half day leave bec i am not well,0,44,medium,0.0,1.0,0.0,taking half day leave bec well,0.17427385892116182
ham,Ugh I don't wanna get out of bed. It's so warm.,0,47,medium,0.0,1.0,0.0,ugh dont wanna get bed warm,0.18672199170124482
ham,S:)s.nervous  &lt;#&gt; :),0,26,short,0.0,0.0,1.0,ssnervous ltgt,0.09958506224066391
ham,So there's a ring that comes with the guys costumes. It's there so they can gift their future yowifes. Hint hint,0,112,long,1.0,0.0,0.0,theres ring comes guys costumes gift future yowifes hint hint,0.45643153526970953
spam,Congratulations ur awarded either å£500 of CD gift vouchers & Free entry 2 our å£100 weekly draw txt MUSIC to 87066 TnCs www.Ldew.com1win150ppmx3age16,1,150,long,1.0,0.0,0.0,congratulations ur awarded either å£ cd gift vouchers free entry å£ weekly draw txt music tncs,0.6141078838174274
ham,I borrow ur bag ok.,0,19,short,0.0,0.0,1.0,borrow ur bag ok,0.07053941908713693
spam,"U were outbid by simonwatson5120 on the Shinco DVD Plyr. 2 bid again, visit sms. ac/smsrewards 2 end bid notifications, reply END OUT",1,133,long,1.0,0.0,0.0,outbid simonwatson shinco dvd plyr bid visit sms acsmsrewards end bid notifications reply end,0.5435684647302905
ham,Where's my boytoy? I miss you ... What happened?,0,48,medium,0.0,1.0,0.0,wheres boytoy miss happened,0.19087136929460582
ham,"He has lots of used ones babe, but the model doesn't help. Youi have to bring it over and he'll match it up",0,107,long,1.0,0.0,0.0,lots used ones babe model doesnt help youi bring hell match,0.4356846473029045
ham,Also are you bringing galileo or dobby,0,38,short,0.0,0.0,1.0,also bringing galileo dobby,0.14937759336099585
ham,Then why you not responding,0,27,short,0.0,0.0,1.0,responding,0.1037344398340249
ham,"\BOO BABE! U ENJOYIN YOURJOB? U SEEMED 2 B GETTIN ON WELL HUNNY!HOPE URE OK?TAKE CARE & IåÕLLSPEAK 2U SOONLOTS OF LOVEME XXXX.\""""",0,129,long,1.0,0.0,0.0,boo babe enjoyin yourjob seemed gettin well hunnyhope ure oktake care iåõllspeak soonlots loveme xxxx,0.5269709543568465
ham,Good afternoon starshine! How's my boytoy? Does he crave me yet? Ache to fuck me ? *sips cappuccino* I miss you babe *teasing kiss*,0,131,long,1.0,0.0,0.0,good afternoon starshine hows boytoy crave yet ache fuck sips cappuccino miss babe teasing kiss,0.5352697095435685
ham,On the road so cant txt,0,23,short,0.0,0.0,1.0,road cant txt,0.08713692946058091
spam,"SMSSERVICES. for yourinclusive text credits, pls goto www.comuk.net login= 3qxj9 unsubscribe with STOP, no extra charge. help 08702840625.COMUK. 220-CM2 9AE",1,156,long,1.0,0.0,0.0,smsservices yourinclusive text credits pls goto login qxj unsubscribe stop extra charge help comuk cm ae,0.6390041493775934
spam,25p 4 alfie Moon's Children in need song on ur mob. Tell ur m8s. Txt Tone charity to 8007 for Nokias or Poly charity for polys: zed 08701417012 profit 2 charity.,1,161,long,1.0,0.0,0.0,alfie moons children need song ur mob tell ur txt tone charity nokias poly charity polys zed profit charity,0.6597510373443983
ham,Hmm .. Bits and pieces lol ... *sighs* ...,0,42,medium,0.0,1.0,0.0,hmm bits pieces lol sighs,0.16597510373443983
ham,Hahaha..use your brain dear,0,27,short,0.0,0.0,1.0,hahahause brain dear,0.1037344398340249
ham,Hey. You got any mail?,0,22,short,0.0,0.0,1.0,hey got mail,0.08298755186721991
ham,"Sorry light turned green, I meant another friend wanted  &lt;#&gt;  worth but he may not be around",0,98,medium,0.0,1.0,0.0,sorry light turned green meant another friend wanted ltgt worth may around,0.3983402489626556
ham,Thanks for yesterday sir. You have been wonderful. Hope you enjoyed the burial. MojiBiola,0,89,medium,0.0,1.0,0.0,thanks yesterday sir wonderful hope enjoyed burial mojibiola,0.36099585062240663
spam,U have a secret admirer. REVEAL who thinks U R So special. Call 09065174042. To opt out Reply REVEAL STOP. 1.50 per msg recd. Cust care 07821230901,1,147,long,1.0,0.0,0.0,secret admirer reveal thinks special call opt reply reveal stop per msg recd cust care,0.6016597510373445
ham,Hi mate its RV did u hav a nice hol just a message 3 say hello coz havenåÕt sent u 1 in ages started driving so stay off roads!RVx,0,130,long,1.0,0.0,0.0,hi mate rv hav nice hol message say hello coz havenåõt sent ages started driving stay roadsrvx,0.5311203319502075
spam,"Dear Voucher Holder, To claim this weeks offer, at you PC please go to http://www.e-tlp.co.uk/expressoffer Ts&Cs apply. To stop texts, txt STOP to 80062",1,152,long,1.0,0.0,0.0,dear voucher holder claim weeks offer pc please go tscs apply stop texts txt stop,0.6224066390041494
ham,"Thank you so much. When we skyped wit kz and sura, we didnt get the pleasure of your company. Hope you are good. We've given you ultimatum oh! We are countin down to aburo. Enjoy! This is the message i sent days ago",0,215,long,1.0,0.0,0.0,thank much skyped wit kz sura didnt get pleasure company hope good weve given ultimatum oh countin aburo enjoy message sent days ago,0.8838174273858922
ham,Surely result will offer:),0,26,short,0.0,0.0,1.0,surely result offer,0.09958506224066391
ham,Good Morning my Dear........... Have a great &amp; successful day.,0,66,medium,0.0,1.0,0.0,good morning dear great amp successful day,0.26556016597510373
spam,Do you want 750 anytime any network mins 150 text and a NEW VIDEO phone for only five pounds per week call 08002888812 or reply for delivery tomorrow,1,149,long,1.0,0.0,0.0,want anytime network mins text new video phone five pounds per week call reply delivery tomorrow,0.6099585062240664
spam,We tried to contact you re our offer of New Video Phone 750 anytime any network mins HALF PRICE Rental camcorder call 08000930705 or reply for delivery Wed,1,155,long,1.0,0.0,0.0,tried contact offer new video phone anytime network mins half price rental camcorder call reply delivery wed,0.6348547717842324
spam,Last chance 2 claim ur å£150 worth of discount vouchers-Text YES to 85023 now!SavaMob-member offers mobile T Cs 08717898035. å£3.00 Sub. 16 . Remove txt X or STOP,1,162,long,1.0,0.0,0.0,last chance claim ur å£ worth discount voucherstext yes nowsavamobmember offers mobile cs å£ sub remove txt stop,0.6639004149377594
ham,I luv u soo much u donåÕt understand how special u r 2 me ring u 2morrow luv u xxx,0,82,medium,0.0,1.0,0.0,luv soo much donåõt understand special ring morrow luv xxx,0.33195020746887965
ham,"Pls send me a comprehensive mail about who i'm paying, when and how much.",0,73,medium,0.0,1.0,0.0,pls send comprehensive mail im paying much,0.29460580912863066
ham,Our Prashanthettan's mother passed away last night. pray for her and family.,0,76,medium,0.0,1.0,0.0,prashanthettans mother passed away last night pray family,0.30705394190871366
spam,"Urgent! call 09066350750 from your landline. Your complimentary 4* Ibiza Holiday or 10,000 cash await collection SAE T&Cs PO BOX 434 SK3 8WP 150 ppm 18+ ",1,153,long,1.0,0.0,0.0,urgent call landline complimentary ibiza holiday cash await collection sae tcs po box sk wp ppm,0.6265560165975104
ham,K.k:)when are you going?,0,24,short,0.0,0.0,1.0,kkwhen going,0.09128630705394192
ham,Meanwhile in the shit suite: xavier decided to give us  &lt;#&gt;  seconds of warning that samantha was coming over and is playing jay's guitar to impress her or some shit. Also I don't think doug realizes I don't live here anymore,0,231,long,1.0,0.0,0.0,meanwhile shit suite xavier decided give us ltgt seconds warning samantha coming playing jays guitar impress shit also dont think doug realizes dont live anymore,0.9502074688796681
ham,My stomach has been thru so much trauma I swear I just can't eat. I better lose weight.,0,87,medium,0.0,1.0,0.0,stomach thru much trauma swear cant eat better lose weight,0.3526970954356846
ham,I am in office:)whats the matter..msg me now.i will call you at break:).,0,72,medium,0.0,1.0,0.0,officewhats mattermsg nowi call break,0.2904564315352697
ham,"Yeah there's barely enough room for the two of us, x has too many fucking shoes. Sorry man, see you later",0,105,long,1.0,0.0,0.0,yeah theres barely enough room two us many fucking shoes sorry man see later,0.42738589211618255
ham,U reach orchard already? U wan 2 go buy tickets first?,0,54,medium,0.0,1.0,0.0,reach orchard already wan go buy tickets first,0.2157676348547718
ham,"I am real, baby! I want to bring out your inner tigress...",0,58,medium,0.0,1.0,0.0,real baby want bring inner tigress,0.23236514522821577
ham,No da if you run that it activate the full version da.,0,54,medium,0.0,1.0,0.0,da run activate full version da,0.2157676348547718
ham,"\AH POOR BABY!HOPE URFEELING BETTERSN LUV! PROBTHAT OVERDOSE OF WORK HEY GO CAREFUL SPK 2 U SN LOTS OF LOVEJEN XXX.\""""",0,118,long,1.0,0.0,0.0,ah poor babyhope urfeeling bettersn luv probthat overdose work hey go careful spk sn lots lovejen xxx,0.4813278008298755
ham,Stop the story. I've told him i've returned it and he's saying i should not re order it.,0,88,medium,0.0,1.0,0.0,stop story ive told ive returned hes saying order,0.3568464730290456
spam,Talk sexy!! Make new friends or fall in love in the worlds most discreet text dating service. Just text VIP to 83110 and see who you could meet.,1,144,long,1.0,0.0,0.0,talk sexy make new friends fall love worlds discreet text dating service text vip see could meet,0.5892116182572614
ham,Going to take your babe out ?,0,29,short,0.0,0.0,1.0,going take babe,0.11203319502074689
ham,Hai ana tomarrow am coming on morning.  &lt;DECIMAL&gt;  ill be there in sathy then we ll go to RTO office. Reply me after came to home.,0,136,long,1.0,0.0,0.0,hai ana tomarrow coming morning ltdecimalgt ill sathy go rto office reply came home,0.5560165975103735
ham,Spoons it is then okay?,0,23,short,0.0,0.0,1.0,spoons okay,0.08713692946058091
ham,Did he just say somebody is named tampa,0,39,short,0.0,0.0,1.0,say somebody named tampa,0.15352697095435686
ham,In work now. Going have in few min.,0,35,short,0.0,0.0,1.0,work going min,0.13692946058091288
ham,Your brother is a genius,0,24,short,0.0,0.0,1.0,brother genius,0.09128630705394192
ham,"Sorry, I guess whenever I can get a hold of my connections, maybe an hour or two? I'll text you",0,95,medium,0.0,1.0,0.0,sorry guess whenever get hold connections maybe hour two ill text,0.3858921161825726
ham,Did u find out what time the bus is at coz i need to sort some stuff out.,0,73,medium,0.0,1.0,0.0,find time bus coz need sort stuff,0.29460580912863066
ham,Dude ive been seeing a lotta corvettes lately,0,45,medium,0.0,1.0,0.0,dude ive seeing lotta corvettes lately,0.17842323651452283
spam,Congratulations ur awarded either a yrs supply of CDs from Virgin Records or a Mystery Gift GUARANTEED Call 09061104283 Ts&Cs www.smsco.net å£1.50pm approx 3mins,1,161,long,1.0,0.0,0.0,congratulations ur awarded either yrs supply cds virgin records mystery gift guaranteed call tscs å£ pm approx mins,0.6597510373443983
ham,"Same here, but I consider walls and bunkers and shit important just because I never play on peaceful but I guess your place is high enough that it don't matter",0,159,long,1.0,0.0,0.0,consider walls bunkers shit important never play peaceful guess place high enough dont matter,0.6514522821576764
spam,PRIVATE! Your 2003 Account Statement for 07808 XXXXXX shows 800 un-redeemed S. I. M. points. Call 08719899217 Identifier Code: 41685 Expires 07/11/04,1,149,long,1.0,0.0,0.0,private account statement xxxxxx shows unredeemed points call identifier code expires,0.6099585062240664
spam,Hello. We need some posh birds and chaps to user trial prods for champneys. Can i put you down? I need your address and dob asap. Ta r,1,134,long,1.0,0.0,0.0,hello need posh birds chaps user trial prods champneys put need address dob asap ta,0.5477178423236515
spam,What do U want for Xmas? How about 100 free text messages & a new video phone with half price line rental? Call free now on 0800 0721072 to find out more!,1,154,long,1.0,0.0,0.0,want xmas free text messages new video phone half price line rental call free find,0.6307053941908713
ham,"Well am officially in a philosophical hole, so if u wanna call am at home ready to be saved!",0,92,medium,0.0,1.0,0.0,well officially philosophical hole wanna call home ready saved,0.3734439834024896
ham,Its going good...no problem..but still need little experience to understand american customer voice...,0,102,long,1.0,0.0,0.0,going goodno problembut still need little experience understand american customer voice,0.41493775933609955
ham,I'll text you when I drop x off,0,31,short,0.0,0.0,1.0,ill text drop,0.12033195020746887
ham,Ugh its been a long day. I'm exhausted. Just want to cuddle up and take a nap,0,77,medium,0.0,1.0,0.0,ugh long day im exhausted want cuddle take nap,0.31120331950207464
ham,Talk With Yourself Atleast Once In A Day...!!! Otherwise You Will Miss Your Best FRIEND In This WORLD...!!! -Shakespeare- SHESIL  &lt;#&gt;,0,139,long,1.0,0.0,0.0,talk atleast day otherwise miss best friend world shakespeare shesil ltgt,0.5684647302904564
spam,"Shop till u Drop, IS IT YOU, either 10K, 5K, å£500 Cash or å£100 Travel voucher, Call now, 09064011000. NTT PO Box CR01327BT fixedline Cost 150ppm mobile vary",1,158,long,1.0,0.0,0.0,shop till drop either å£ cash å£ travel voucher call ntt po box cr bt fixedline cost ppm mobile vary,0.6473029045643154
ham,Are you in castor? You need to see something,0,44,medium,0.0,1.0,0.0,castor need see something,0.17427385892116182
spam,Sunshine Quiz Wkly Q! Win a top Sony DVD player if u know which country Liverpool played in mid week? Txt ansr to 82277. å£1.50 SP:Tyrone,1,137,long,1.0,0.0,0.0,sunshine quiz wkly win top sony dvd player know country liverpool played mid week txt ansr å£ sptyrone,0.5601659751037344
spam,U have a secret admirer who is looking 2 make contact with U-find out who they R*reveal who thinks UR so special-call on 09058094565,1,132,long,1.0,0.0,0.0,secret admirer looking make contact ufind rreveal thinks ur specialcall,0.5394190871369295
spam,U have a Secret Admirer who is looking 2 make contact with U-find out who they R*reveal who thinks UR so special-call on 09065171142-stopsms-08,1,143,long,1.0,0.0,0.0,secret admirer looking make contact ufind rreveal thinks ur specialcall stopsms,0.5850622406639004
spam,Reminder: You have not downloaded the content you have already paid for. Goto http://doit. mymoby. tv/ to collect your content.,1,127,long,1.0,0.0,0.0,reminder downloaded content already paid goto mymoby tv collect content,0.5186721991701245
ham,I love to give massages. I use lots of baby oil... What is your fave position?,0,78,medium,0.0,1.0,0.0,love give massages use lots baby oil fave position,0.3153526970954357
ham,Dude we should go sup again,0,27,short,0.0,0.0,1.0,dude go sup,0.1037344398340249
ham,Yoyyooo u know how to change permissions for a drive in mac. My usb flash drive,0,79,medium,0.0,1.0,0.0,yoyyooo know change permissions drive mac usb flash drive,0.31950207468879666
ham,Gibbs unsold.mike hussey,0,24,short,0.0,0.0,1.0,gibbs unsoldmike hussey,0.09128630705394192
ham,I like to talk pa but am not able to. I dont know y.,0,52,medium,0.0,1.0,0.0,like talk pa able dont know,0.2074688796680498
ham,Y dun cut too short leh. U dun like ah? She failed. She's quite sad.,0,68,medium,0.0,1.0,0.0,dun cut short leh dun like ah failed shes quite sad,0.2738589211618257
ham,You unbelievable faglord,0,24,short,0.0,0.0,1.0,unbelievable faglord,0.09128630705394192
ham,Wife.how she knew the time of murder exactly,0,44,medium,0.0,1.0,0.0,wifehow knew time murder exactly,0.17427385892116182
ham,Why do you ask princess?,0,24,short,0.0,0.0,1.0,ask princess,0.09128630705394192
ham,I am great princess! What are you thinking about me? :),0,55,medium,0.0,1.0,0.0,great princess thinking,0.21991701244813278
ham,Nutter. Cutter. Ctter. Cttergg. Cttargg. Ctargg. Ctagg. ie you,0,62,medium,0.0,1.0,0.0,nutter cutter ctter cttergg cttargg ctargg ctagg ie,0.24896265560165973
ham,It's ok i noe u're busy but i'm really too bored so i msg u. I oso dunno wat colour she choose 4 me one.,0,104,long,1.0,0.0,0.0,ok noe ure busy im really bored msg oso dunno wat colour choose one,0.42323651452282157
ham,Doesn't g have class early tomorrow and thus shouldn't be trying to smoke at  &lt;#&gt;,0,87,medium,0.0,1.0,0.0,doesnt class early tomorrow thus shouldnt trying smoke ltgt,0.3526970954356846
ham,"Superb Thought- \Be grateful that u dont have everything u want. That means u still have an opportunity to be happier tomorrow than u are today.\"":-)""",0,150,long,1.0,0.0,0.0,superb thought grateful dont everything want means still opportunity happier tomorrow today,0.6141078838174274
ham,Hope you are having a good week. Just checking in,0,49,medium,0.0,1.0,0.0,hope good week checking,0.1950207468879668
ham,"I'm used to it. I just hope my agents don't drop me since i've only booked a few things this year. This whole me in boston, them in nyc was an experiment.",0,154,long,1.0,0.0,0.0,im used hope agents dont drop since ive booked things year whole boston nyc experiment,0.6307053941908713
ham,"Thursday night? Yeah, sure thing, we'll work it out then",0,56,medium,0.0,1.0,0.0,thursday night yeah sure thing well work,0.22406639004149378
ham,Probably money worries. Things are coming due and i have several outstanding invoices for work i did two and three months ago.,0,126,long,1.0,0.0,0.0,probably money worries things coming due several outstanding invoices work two three months ago,0.5145228215767635
ham,How is it possible to teach you. And where.,0,43,medium,0.0,1.0,0.0,possible teach,0.17012448132780084
ham,"I wonder if your phone battery went dead ? I had to tell you, I love you babe",0,77,medium,0.0,1.0,0.0,wonder phone battery went dead tell love babe,0.31120331950207464
ham,Lovely smell on this bus and it ain't tobacco... ,0,49,medium,0.0,1.0,0.0,lovely smell bus aint tobacco,0.1950207468879668
ham,"We're all getting worried over here, derek and taylor have already assumed the worst",0,84,medium,0.0,1.0,0.0,getting worried derek taylor already assumed worst,0.3402489626556016
ham,Hey what's up charles sorry about the late reply.,0,49,medium,0.0,1.0,0.0,hey whats charles sorry late reply,0.1950207468879668
spam,"all the lastest from Stereophonics, Marley, Dizzee Racal, Libertines and The Strokes! Win Nookii games with Flirt!! Click TheMob WAP Bookmark or text WAP to 82468",1,162,long,1.0,0.0,0.0,lastest stereophonics marley dizzee racal libertines strokes win nookii games flirt click themob wap bookmark text wap,0.6639004149377594
ham,I.ll give her once i have it. Plus she said grinule greet you whenever we speak,0,79,medium,0.0,1.0,0.0,ill give plus said grinule greet whenever speak,0.31950207468879666
ham,WHITE FUDGE OREOS ARE IN STORES,0,31,short,0.0,0.0,1.0,white fudge oreos stores,0.12033195020746887
spam,"January Male Sale! Hot Gay chat now cheaper, call 08709222922. National rate from 1.5p/min cheap to 7.8p/min peak! To stop texts call 08712460324 (10p/min)",1,155,long,1.0,0.0,0.0,january male sale hot gay chat cheaper call national rate pmin cheap pmin peak stop texts call pmin,0.6348547717842324
ham,My love ! How come it took you so long to leave for Zaher's? I got your words on ym and was happy to see them but was sad you had left. I miss you,0,146,long,1.0,0.0,0.0,love come took long leave zahers got words ym happy see sad left miss,0.5975103734439834
ham,I am sorry it hurt you.,0,23,short,0.0,0.0,1.0,sorry hurt,0.08713692946058091
ham,Can't. I feel nauseous. I'm so pissed. I didn't eat any sweets all week cause today I was planning to pig out. I was dieting all week. And now I'm not hungry :/,0,160,long,1.0,0.0,0.0,cant feel nauseous im pissed didnt eat sweets week cause today planning pig dieting week im hungry,0.6556016597510373
ham,Ok lor but not too early. Me still having project meeting now.,0,62,medium,0.0,1.0,0.0,ok lor early still project meeting,0.24896265560165973
ham,"Call me da, i am waiting for your call.",0,39,short,0.0,0.0,1.0,call da waiting call,0.15352697095435686
ham,I could ask carlos if we could get more if anybody else can chip in,0,67,medium,0.0,1.0,0.0,could ask carlos could get anybody else chip,0.2697095435684647
ham,Was actually about to send you a reminder today. Have a wonderful weekend,0,73,medium,0.0,1.0,0.0,actually send reminder today wonderful weekend,0.29460580912863066
ham,"When people see my msgs, They think Iam addicted to msging... They are wrong, Bcoz They don\'t know that Iam addicted to my sweet Friends..!! BSLVYL",0,148,long,1.0,0.0,0.0,people see msgs think iam addicted msging wrong bcoz dont know iam addicted sweet friends bslvyl,0.6058091286307055
ham,Hey you gave them your photo when you registered for driving ah? Tmr wanna meet at yck? ,0,88,medium,0.0,1.0,0.0,hey gave photo registered driving ah tmr wanna meet yck,0.3568464730290456
ham,Dont talk to him ever ok its my word.,0,37,short,0.0,0.0,1.0,dont talk ever ok word,0.14522821576763487
ham,When u wana see it then,0,23,short,0.0,0.0,1.0,wana see,0.08713692946058091
ham,On ma way to school. Can you pls send me ashley's number,0,56,medium,0.0,1.0,0.0,way school pls send ashleys number,0.22406639004149378
ham,It shall be fine. I have avalarr now. Will hollalater,0,53,medium,0.0,1.0,0.0,shall fine avalarr hollalater,0.21161825726141079
ham,She went to attend another two rounds today..but still did't reach home..,0,73,medium,0.0,1.0,0.0,went attend another two rounds todaybut still didt reach home,0.29460580912863066
ham,Actually i deleted my old website..now i m blogging at magicalsongs.blogspot.com,0,80,medium,0.0,1.0,0.0,actually deleted old websitenow blogging magicalsongsblogspotcom,0.32365145228215764
ham,"K, wait chikku..il send aftr  &lt;#&gt; mins",0,44,medium,0.0,1.0,0.0,wait chikkuil send aftr ltgt mins,0.17427385892116182
ham,But I'm on a diet. And I ate 1 too many slices of pizza yesterday. Ugh I'm ALWAYS on a diet.,0,92,medium,0.0,1.0,0.0,im diet ate many slices pizza yesterday ugh im always diet,0.3734439834024896
ham,K:)i will give my kvb acc details:),0,35,short,0.0,0.0,1.0,ki give kvb acc details,0.13692946058091288
ham,Oh all have to come ah?,0,23,short,0.0,0.0,1.0,oh come ah,0.08713692946058091
spam,money!!! you r a lucky winner ! 2 claim your prize text money 2 88600 over å£1million to give away ! ppt150x3+normal text rate box403 w1t1jy,1,140,long,1.0,0.0,0.0,money lucky winner claim prize text money å£ million give away ppt normal text rate box jy,0.5726141078838175
ham,I'm really sorry i won't b able 2 do this friday.hope u can find an alternative.hope yr term's going ok:-),0,106,long,1.0,0.0,0.0,im really sorry wont able fridayhope find alternativehope yr terms going ok,0.43153526970954353
ham,Congratulations ore mo owo re wa. Enjoy it and i wish you many happy moments to and fro wherever you go,0,103,long,1.0,0.0,0.0,congratulations ore mo owo wa enjoy wish many happy moments fro wherever go,0.41908713692946054
ham,So do you have samus shoulders yet,0,34,short,0.0,0.0,1.0,samus shoulders yet,0.13278008298755187
ham,What time you think you'll have it? Need to know when I should be near campus,0,77,medium,0.0,1.0,0.0,time think youll need know near campus,0.31120331950207464
spam,"Dear Matthew please call 09063440451 from a landline, your complimentary 4*Lux Tenerife holiday or å£1000 CASH await collection. ppm150 SAE T&Cs Box334 SK38XH.",1,159,long,1.0,0.0,0.0,dear matthew please call landline complimentary lux tenerife holiday å£ cash await collection ppm sae tcs box sk xh,0.6514522821576764
ham,Then dun wear jeans lor...,0,26,short,0.0,0.0,1.0,dun wear jeans lor,0.09958506224066391
ham,"Since when, which side, any fever, any vomitin.",0,47,medium,0.0,1.0,0.0,since side fever vomitin,0.18672199170124482
ham,K:)k.are you in college?,0,24,short,0.0,0.0,1.0,kkare college,0.09128630705394192
spam,"Urgent! call 09061749602 from Landline. Your complimentary 4* Tenerife Holiday or å£10,000 cash await collection SAE T&Cs BOX 528 HP20 1YF 150ppm 18+",1,149,long,1.0,0.0,0.0,urgent call landline complimentary tenerife holiday å£ cash await collection sae tcs box hp yf ppm,0.6099585062240664
ham,Better. Made up for Friday and stuffed myself like a pig yesterday. Now I feel bleh. But at least its not writhing pain kind of bleh.,0,133,long,1.0,0.0,0.0,better made friday stuffed like pig yesterday feel bleh least writhing pain kind bleh,0.5435684647302905
ham,No we sell it all so we'll have tons if coins. Then sell our coins to someone thru paypal. Voila! Money back in life pockets:),0,126,long,1.0,0.0,0.0,sell well tons coins sell coins someone thru paypal voila money back life pockets,0.5145228215767635
ham,Theyre doing it to lots of places. Only hospitals and medical places are safe.,0,78,medium,0.0,1.0,0.0,theyre lots places hospitals medical places safe,0.3153526970954357
spam,How about getting in touch with folks waiting for company? Just txt back your NAME and AGE to opt in! Enjoy the community (150p/SMS),1,132,long,1.0,0.0,0.0,getting touch folks waiting company txt back name age opt enjoy community psms,0.5394190871369295
ham,And also I've sorta blown him off a couple times recently so id rather not text him out of the blue looking for weed,0,116,long,1.0,0.0,0.0,also ive sorta blown couple times recently id rather text blue looking weed,0.4730290456431535
ham,"I sent my scores to sophas and i had to do secondary application for a few schools. I think if you are thinking of applying, do a research on cost also. Contact joke ogunrinde, her school is one me the less expensive ones",0,221,long,1.0,0.0,0.0,sent scores sophas secondary application schools think thinking applying research cost also contact joke ogunrinde school one less expensive ones,0.9087136929460581
ham,I cant wait to see you! How were the photos were useful? :),0,59,medium,0.0,1.0,0.0,cant wait see photos useful,0.23651452282157676
spam,Ur cash-balance is currently 500 pounds - to maximize ur cash-in now send GO to 86688 only 150p/msg. CC: 08718720201 PO BOX 114/14 TCR/W1,1,137,long,1.0,0.0,0.0,ur cashbalance currently pounds maximize ur cashin send go pmsg cc po box tcrw,0.5601659751037344
ham,Hey i booked the kb on sat already... what other lessons are we going for ah? Keep your sat night free we need to meet and confirm our lodging ,0,143,long,1.0,0.0,0.0,hey booked kb sat already lessons going ah keep sat night free need meet confirm lodging,0.5850622406639004
ham,Chk in ur belovd ms dict,0,24,short,0.0,0.0,1.0,chk ur belovd ms dict,0.09128630705394192
ham,Is that what time you want me to come?,0,38,short,0.0,0.0,1.0,time want come,0.14937759336099585
ham,"Awesome, lemme know whenever you're around",0,42,medium,0.0,1.0,0.0,awesome lemme know whenever youre around,0.16597510373443983
ham,Shb b ok lor... Thanx...,0,24,short,0.0,0.0,1.0,shb ok lor thanx,0.09128630705394192
ham,"Beautiful Truth against Gravity.. Read carefully: \Our heart feels light when someone is in it.. But it feels very heavy when someone leaves it..\"" GOOD NIGHT""",0,159,long,1.0,0.0,0.0,beautiful truth gravity read carefully heart feels light someone feels heavy someone leaves good night,0.6514522821576764
ham,Also remember to get dobby's bowl from your car,0,47,medium,0.0,1.0,0.0,also remember get dobbys bowl car,0.18672199170124482
spam,Filthy stories and GIRLS waiting for your,1,41,medium,0.0,1.0,0.0,filthy stories girls waiting,0.16182572614107885
ham,Sorry i now then c ur msg... Yar lor so poor thing... But only 4 one night... Tmr u'll have a brand new room 2 sleep in...,0,122,long,1.0,0.0,0.0,sorry ur msg yar lor poor thing one night tmr ull brand new room sleep,0.49792531120331945
ham,"Love isn't a decision, it's a feeling. If we could decide who to love, then, life would be much simpler, but then less magical",0,126,long,1.0,0.0,0.0,love isnt decision feeling could decide love life would much simpler less magical,0.5145228215767635
ham,Welp apparently he retired,0,26,short,0.0,0.0,1.0,welp apparently retired,0.09958506224066391
ham,My sort code is  and acc no is . The bank is natwest. Can you reply to confirm i've sent this to the right person!,0,114,long,1.0,0.0,0.0,sort code acc bank natwest reply confirm ive sent right person,0.4647302904564315
ham,Where @,0,7,short,0.0,0.0,1.0,,0.020746887966804982
ham,U sure u can't take any sick time?,0,34,short,0.0,0.0,1.0,sure cant take sick time,0.13278008298755187
spam,URGENT! We are trying to contact U. Todays draw shows that you have won a å£800 prize GUARANTEED. Call 09050001808 from land line. Claim M95. Valid12hrs only,1,157,long,1.0,0.0,0.0,urgent trying contact todays draw shows å£ prize guaranteed call land line claim valid hrs,0.6431535269709544
ham,Yo chad which gymnastics class do you wanna take? The site says Christians class is full..,0,90,medium,0.0,1.0,0.0,yo chad gymnastics class wanna take site says christians class full,0.3651452282157676
ham,Or better still can you catch her and let ask her if she can sell  &lt;#&gt;  for me.,0,85,medium,0.0,1.0,0.0,better still catch let ask sell ltgt,0.34439834024896265
ham,I am not sure about night menu. . . I know only about noon menu,0,63,medium,0.0,1.0,0.0,sure night menu know noon menu,0.25311203319502074
ham,What do u want when i come back?.a beautiful necklace as a token of my heart for you.thats what i will give but ONLY to MY WIFE OF MY LIKING.BE THAT AND SEE..NO ONE can give you that.dont call me.i will wait till i come.,0,220,long,1.0,0.0,0.0,want come backa beautiful necklace token heart youthats give wife likingbe seeno one give thatdont call mei wait till come,0.9045643153526971
ham,Are you willing to go for aptitude class.,0,41,medium,0.0,1.0,0.0,willing go aptitude class,0.16182572614107885
ham,"It wont b until 2.15 as trying 2 sort house out, is that ok?",0,60,medium,0.0,1.0,0.0,wont trying sort house ok,0.24066390041493776
ham,"Yar lor he wan 2 go c horse racing today mah, so eat earlier lor. I ate chicken rice. U?",0,88,medium,0.0,1.0,0.0,yar lor wan go horse racing today mah eat earlier lor ate chicken rice,0.3568464730290456
ham,"Haha awesome, omw back now then",0,31,short,0.0,0.0,1.0,haha awesome omw back,0.12033195020746887
ham,Yup i thk so until e shop closes lor.,0,37,short,0.0,0.0,1.0,yup thk shop closes lor,0.14522821576763487
ham,what is your account number?,0,28,short,0.0,0.0,1.0,account number,0.1078838174273859
ham,Eh u send wrongly lar...,0,24,short,0.0,0.0,1.0,eh send wrongly lar,0.09128630705394192
ham,Hey no I ad a crap nite was borin without ya 2 boggy with me u boring biatch! Thanx but u wait til nxt time il ave ya ,0,118,long,1.0,0.0,0.0,hey ad crap nite borin without ya boggy boring biatch thanx wait til nxt time il ave ya,0.4813278008298755
ham,Ok i shall talk to him,0,22,short,0.0,0.0,1.0,ok shall talk,0.08298755186721991
ham,Dont hesitate. You know this is the second time she has had weakness like that. So keep i notebook of what she eat and did the day before or if anything changed the day before so that we can be sure its nothing,0,210,long,1.0,0.0,0.0,dont hesitate know second time weakness like keep notebook eat day anything changed day sure nothing,0.8630705394190872
ham,Hey you can pay. With salary de. Only  &lt;#&gt; .,0,50,medium,0.0,1.0,0.0,hey pay salary de ltgt,0.19917012448132781
ham,Another month. I need chocolate weed and alcohol.,0,49,medium,0.0,1.0,0.0,another month need chocolate weed alcohol,0.1950207468879668
ham,If he started searching he will get job in few days.he have great potential and talent.,0,87,medium,0.0,1.0,0.0,started searching get job dayshe great potential talent,0.3526970954356846
ham,Reckon need to be in town by eightish to walk from * carpark.,0,61,medium,0.0,1.0,0.0,reckon need town eightish walk carpark,0.24481327800829875
spam,"Congrats! 2 mobile 3G Videophones R yours. call 09063458130 now! videochat wid your mates, play java games, Dload polyPH music, noline rentl.",1,141,long,1.0,0.0,0.0,congrats mobile videophones call videochat wid mates play java games dload polyph music noline rentl,0.5767634854771785
ham,LOOK AT THE FUCKIN TIME. WHAT THE FUCK YOU THINK IS UP,0,54,medium,0.0,1.0,0.0,look fuckin time fuck think,0.2157676348547718
ham,Yo guess what I just dropped,0,28,short,0.0,0.0,1.0,yo guess dropped,0.1078838174273859
ham,Carlos says he'll be at mu in  &lt;#&gt;  minutes,0,49,medium,0.0,1.0,0.0,carlos says hell mu ltgt minutes,0.1950207468879668
ham,I'm in office now . I will call you  &lt;#&gt;  min:),0,53,medium,0.0,1.0,0.0,im office call ltgt min,0.21161825726141079
ham,"Geeee ... I miss you already, you know ? Your all I can think about. Fuck, I can't wait till next year when we will be together ... *loving kiss*",0,145,long,1.0,0.0,0.0,geeee miss already know think fuck cant wait till next year together loving kiss,0.5933609958506224
ham,"Yun ah.the ubi one say if Ì_ wan call by tomorrow.call 67441233 look for irene.ere only got bus8,22,65,61,66,382. Ubi cres,ubi tech park.6ph for 1st 5wkg days.Ì¬n",0,162,long,1.0,0.0,0.0,yun ahthe ubi one say wan call tomorrowcall look ireneere got bus ubi cresubi tech park ph st wkg daysì¬n,0.6639004149377594
ham,Ugh. Gotta drive back to sd from la. My butt is sore.,0,53,medium,0.0,1.0,0.0,ugh gotta drive back sd la butt sore,0.21161825726141079
ham,26th OF JULY,0,12,short,0.0,0.0,1.0,th july,0.041493775933609964
ham,Hi im having the most relaxing time ever! we have to get up at 7am every day! was the party good the other night? I get home tomorrow at 5ish.,0,142,long,1.0,0.0,0.0,hi im relaxing time ever get every day party good night get home tomorrow ish,0.5809128630705395
ham,Up to Ì_... ÌÏ wan come then come lor... But i din c any stripes skirt...,0,73,medium,0.0,1.0,0.0,ìï wan come come lor din stripes skirt,0.29460580912863066
ham,The Xmas story is peace.. The Xmas msg is love.. The Xmas miracle is jesus.. Hav a blessed month ahead &amp; wish U Merry Xmas...,0,129,long,1.0,0.0,0.0,xmas story peace xmas msg love xmas miracle jesus hav blessed month ahead amp wish merry xmas,0.5269709543568465
ham,"I can't, I don't have her number!",0,33,short,0.0,0.0,1.0,cant dont number,0.1286307053941909
ham,Change again... It's e one next to escalator...,0,47,medium,0.0,1.0,0.0,change one next escalator,0.18672199170124482
ham,Yetunde i'm in class can you not run water on it to make it ok. Pls now.,0,72,medium,0.0,1.0,0.0,yetunde im class run water make ok pls,0.2904564315352697
ham,Not a lot has happened here. Feels very quiet. Beth is at her aunts and charlie is working lots. Just me and helen in at the mo. How have you been? ,0,148,long,1.0,0.0,0.0,lot happened feels quiet beth aunts charlie working lots helen mo,0.6058091286307055
ham,Then Ì_ wait 4 me at bus stop aft ur lect lar. If i dun c Ì_ then i go get my car then come back n pick Ì_.,0,107,long,1.0,0.0,0.0,wait bus stop aft ur lect lar dun go get car come back pick,0.4356846473029045
ham,"Aight will do, thanks again for comin out",0,41,medium,0.0,1.0,0.0,aight thanks comin,0.16182572614107885
ham,No..but heard abt tat..,0,23,short,0.0,0.0,1.0,nobut heard abt tat,0.08713692946058091
ham,&lt;#&gt;  am I think? Should say on syllabus,0,45,medium,0.0,1.0,0.0,ltgt think say syllabus,0.17842323651452283
ham,Umma. Did she say anything,0,26,short,0.0,0.0,1.0,umma say anything,0.09958506224066391
ham,Give me a sec to think think about it,0,37,short,0.0,0.0,1.0,give sec think think,0.14522821576763487
spam,Panasonic & BluetoothHdset FREE. Nokia FREE. Motorola FREE & DoubleMins & DoubleTxt on Orange contract. Call MobileUpd8 on 08000839402 or call 2optout,1,150,long,1.0,0.0,0.0,panasonic bluetoothhdset free nokia free motorola free doublemins doubletxt orange contract call mobileupd call optout,0.6141078838174274
ham,I don't quite know what to do. I still can't get hold of anyone. I cud pick you up bout 7.30pm and we can see if they're in the pub?,0,132,long,1.0,0.0,0.0,dont quite know still cant get hold anyone cud pick bout pm see theyre pub,0.5394190871369295
ham,"Poyyarikatur,kolathupalayam,unjalur post,erode dis, &lt;#&gt; .",0,63,medium,0.0,1.0,0.0,poyyarikaturkolathupalayamunjalur posterode dis ltgt,0.25311203319502074
ham,"Dear Hero,i am leaving to qatar tonite for an apt opportunity.pls do keep in touch at  &lt;EMAIL&gt; ,kerala",0,108,long,1.0,0.0,0.0,dear heroi leaving qatar tonite apt opportunitypls keep touch ltemailgt kerala,0.43983402489626555
ham,Lol I would but my mom would have a fit and tell the whole family how crazy and terrible I am,0,93,medium,0.0,1.0,0.0,lol would mom would fit tell whole family crazy terrible,0.3775933609958506
ham,"I just got home babe, are you still awake ?",0,43,medium,0.0,1.0,0.0,got home babe still awake,0.17012448132780084
ham,I dunno they close oredi not... ÌÏ v ma fan...,0,46,medium,0.0,1.0,0.0,dunno close oredi ìï fan,0.1825726141078838
ham,Just buy a pizza. Meat lovers or supreme. U get to pick.,0,56,medium,0.0,1.0,0.0,buy pizza meat lovers supreme get pick,0.22406639004149378
ham,"Ya, told..she was asking wats matter?",0,37,short,0.0,0.0,1.0,ya toldshe asking wats matter,0.14522821576763487
ham,"Dear,regret i cudnt pick call.drove down frm ctla now at cochin home.left mobile in car..ente style ishtamayoo?happy bakrid!",0,124,long,1.0,0.0,0.0,dearregret cudnt pick calldrove frm ctla cochin homeleft mobile carente style ishtamayoohappy bakrid,0.5062240663900415
spam,FREE for 1st week! No1 Nokia tone 4 ur mob every week just txt NOKIA to 8007 Get txting and tell ur mates www.getzed.co.uk POBox 36504 W45WQ norm150p/tone 16+,1,158,long,1.0,0.0,0.0,free st week nokia tone ur mob every week txt nokia get txting tell ur mates pobox wq norm ptone,0.6473029045643154
ham,Shall i send that exe to your mail id.,0,38,short,0.0,0.0,1.0,shall send exe mail id,0.14937759336099585
ham,Nope watching tv at home... Not going out. V bored...,0,53,medium,0.0,1.0,0.0,nope watching tv home going bored,0.21161825726141079
ham,Don know..wait i will check it.,0,31,short,0.0,0.0,1.0,knowwait check,0.12033195020746887
ham,"Good afternoon on this glorious anniversary day, my sweet J !! I hope this finds you happy and content, my Prey. I think of you and send a teasing kiss from across the sea coaxing images of fond souveniers ... You Cougar-Pen",0,224,long,1.0,0.0,0.0,good afternoon glorious anniversary day sweet hope finds happy content prey think send teasing kiss across sea coaxing images fond souveniers cougarpen,0.9211618257261411
spam,Guess what! Somebody you know secretly fancies you! Wanna find out who it is? Give us a call on 09065394514 From Landline DATEBox1282EssexCM61XN 150p/min 18,1,156,long,1.0,0.0,0.0,guess somebody know secretly fancies wanna find give us call landline datebox essexcm xn pmin,0.6390041493775934
ham,We still on for tonight?,0,24,short,0.0,0.0,1.0,still tonight,0.09128630705394192
ham,May i call You later Pls,0,24,short,0.0,0.0,1.0,may call later pls,0.09128630705394192
ham,Hasn't that been the pattern recently crap weekends?,0,52,medium,0.0,1.0,0.0,hasnt pattern recently crap weekends,0.2074688796680498
ham,I have a sore throat. It's scratches when I talk,0,48,medium,0.0,1.0,0.0,sore throat scratches talk,0.19087136929460582
ham,Yes da. Any plm at ur office,0,28,short,0.0,0.0,1.0,yes da plm ur office,0.1078838174273859
ham,Are you not around or just still asleep? :V,0,43,medium,0.0,1.0,0.0,around still asleep,0.17012448132780084
ham,"Lol you forgot it eh ? Yes, I'll bring it in babe",0,49,medium,0.0,1.0,0.0,lol forgot eh yes ill bring babe,0.1950207468879668
ham,"Its good, we'll find a way",0,26,short,0.0,0.0,1.0,good well find way,0.09958506224066391
ham,Can not use foreign stamps in this country. Good lecture .,0,58,medium,0.0,1.0,0.0,use foreign stamps country good lecture,0.23236514522821577
ham,Yup bathe liao...,0,17,short,0.0,0.0,1.0,yup bathe liao,0.06224066390041494
ham,HAPPY NEW YEAR MY NO.1 MAN,0,26,short,0.0,0.0,1.0,happy new year man,0.09958506224066391
ham,"OH MR SHEFFIELD! You wanna play THAT game, okay. You're the boss and I'm the nanny. You give me a raise and I'll give YOU one!!",0,127,long,1.0,0.0,0.0,oh mr sheffield wanna play game okay youre boss im nanny give raise ill give one,0.5186721991701245
ham,ZOE IT JUST HIT ME 2 IM FUCKING SHITIN MYSELF IL DEFO TRY MY HARDEST 2 CUM 2MOROW LUV U MILLIONS LEKDOG,0,103,long,1.0,0.0,0.0,zoe hit im fucking shitin il defo try hardest cum morow luv millions lekdog,0.41908713692946054
ham,"Hello baby, did you get back to your mom's ? Are you setting up the computer now ? Filling your belly ? How goes it loverboy ? I miss you already ... *sighs*",0,157,long,1.0,0.0,0.0,hello baby get back moms setting computer filling belly goes loverboy miss already sighs,0.6431535269709544
ham,"No my blankets are sufficient, thx",0,34,short,0.0,0.0,1.0,blankets sufficient thx,0.13278008298755187
ham,"naughty little thought: 'its better to flirt, flirt n flirt, rather than loving someone n gettin hurt, hurt n hurt...:-) Gud nyt",0,128,long,1.0,0.0,0.0,naughty little thought better flirt flirt flirt rather loving someone gettin hurt hurt hurt gud nyt,0.5228215767634855
ham,"Edison has rightly said, \A fool can ask more questions than a wise man can answer\"" Now you know why all of us are speechless during ViVa.. GM GN GE GNT:-)""",0,157,long,1.0,0.0,0.0,edison rightly said fool ask questions wise man answer know us speechless viva gm gn ge gnt,0.6431535269709544
ham,They just talking thats it de. They wont any other.,0,51,medium,0.0,1.0,0.0,talking thats de wont,0.2033195020746888
ham,Today am going to college so am not able to atten the class.,0,60,medium,0.0,1.0,0.0,today going college able atten class,0.24066390041493776
ham,I'm in class. Will holla later,0,30,short,0.0,0.0,1.0,im class holla later,0.11618257261410789
ham,Mmm thats better now i got a roast down me! iåÕd b better if i had a few drinks down me 2! Good indian?,0,103,long,1.0,0.0,0.0,mmm thats better got roast iåõd better drinks good indian,0.41908713692946054
spam,"We know someone who you know that fancies you. Call 09058097218 to find out who. POBox 6, LS15HB 150p",1,101,long,1.0,0.0,0.0,know someone know fancies call find pobox ls hb,0.4107883817427386
ham,"Come round, it's . ",0,19,short,0.0,0.0,1.0,come round,0.07053941908713693
ham,"Do 1 thing! Change that sentence into: \Because i want 2 concentrate in my educational career im leaving here..\""""",0,114,long,1.0,0.0,0.0,thing change sentence want concentrate educational career im leaving,0.4647302904564315
spam,"1000's flirting NOW! Txt GIRL or BLOKE & ur NAME & AGE, eg GIRL ZOE 18 to 8007 to join and get chatting!",1,104,long,1.0,0.0,0.0,flirting txt girl bloke ur name age eg girl zoe join get chatting,0.42323651452282157
ham,I walked an hour 2 c u! doesnåÕt that show I care y wont u believe im serious?,0,78,medium,0.0,1.0,0.0,walked hour doesnåõt show care wont believe im serious,0.3153526970954357
spam,18 days to Euro2004 kickoff! U will be kept informed of all the latest news and results daily. Unsubscribe send GET EURO STOP to 83222.,1,135,long,1.0,0.0,0.0,days euro kickoff kept informed latest news results daily unsubscribe send get euro stop,0.5518672199170125
ham,Are you available for soiree on June 3rd?,0,41,medium,0.0,1.0,0.0,available soiree june rd,0.16182572614107885
ham,Do u noe wat time e place dat sells 4d closes?,0,46,medium,0.0,1.0,0.0,noe wat time place dat sells closes,0.1825726141078838
ham,"I got another job! The one at the hospital doing data analysis or something, starts on monday! Not sure when my thesis will got finished",0,136,long,1.0,0.0,0.0,got another job one hospital data analysis something starts monday sure thesis got finished,0.5560165975103735
ham,Jay's getting really impatient and belligerent,0,46,medium,0.0,1.0,0.0,jays getting really impatient belligerent,0.1825726141078838
ham,HIYA COMIN 2 BRISTOL 1 ST WEEK IN APRIL. LES GOT OFF + RUDI ON NEW YRS EVE BUT I WAS SNORING.THEY WERE DRUNK! U BAK AT COLLEGE YET? MY WORK SENDS INK 2 BATH.,0,157,long,1.0,0.0,0.0,hiya comin bristol st week april les got rudi new yrs eve snoringthey drunk bak college yet work sends ink bath,0.6431535269709544
ham,I'm at work. Please call,0,24,short,0.0,0.0,1.0,im work please call,0.09128630705394192
ham,Then u drive lor.,0,17,short,0.0,0.0,1.0,drive lor,0.06224066390041494
ham,Ard 515 like dat. Y?,0,20,short,0.0,0.0,1.0,ard like dat,0.07468879668049792
ham,Tell me they're female :V how're you throwing in? We're deciding what all to get now,0,84,medium,0.0,1.0,0.0,tell theyre female howre throwing deciding get,0.3402489626556016
spam,EASTENDERS TV Quiz. What FLOWER does DOT compare herself to? D= VIOLET E= TULIP F= LILY txt D E or F to 84025 NOW 4 chance 2 WIN å£100 Cash WKENT/150P16+,1,153,long,1.0,0.0,0.0,eastenders tv quiz flower dot compare violet tulip lily txt chance win å£ cash wkent,0.6265560165975104
ham,I'm working technical support :)voice process.networking field.,0,63,medium,0.0,1.0,0.0,im working technical support voice processnetworking field,0.25311203319502074
ham,I might come to kerala for 2 days.so you can be prepared to take a leave once i finalise .dont plan any travel during my visit.need to finish urgent works.,0,155,long,1.0,0.0,0.0,might come kerala daysso prepared take leave finalise dont plan travel visitneed finish urgent works,0.6348547717842324
ham,Ok. Not sure what time tho as not sure if can get to library before class. Will try. See you at some point! Have good eve.,0,122,long,1.0,0.0,0.0,ok sure time tho sure get library class try see point good eve,0.49792531120331945
spam,We have new local dates in your area - Lots of new people registered in YOUR AREA. Reply DATE to start now! 18 only www.flirtparty.us REPLYS150,1,143,long,1.0,0.0,0.0,new local dates area lots new people registered area reply date start replys,0.5850622406639004
ham,"That's fine, I'll bitch at you about it later then",0,50,medium,0.0,1.0,0.0,thats fine ill bitch later,0.19917012448132781
ham,No my mum went 2 dentist.,0,25,short,0.0,0.0,1.0,mum went dentist,0.09543568464730291
ham,Once free call me sir. I am waiting for you.,0,44,medium,0.0,1.0,0.0,free call sir waiting,0.17427385892116182
ham,Meeting u is my work. . . Tel me when shall i do my work tomorrow,0,65,medium,0.0,1.0,0.0,meeting work tel shall work tomorrow,0.2614107883817427
spam,Someone U know has asked our dating service 2 contact you! Cant Guess who? CALL 09058091854 NOW all will be revealed. PO BOX385 M6 6WU,1,134,long,1.0,0.0,0.0,someone know asked dating service contact cant guess call revealed po box wu,0.5477178423236515
ham,Jus finish bathing...,0,21,short,0.0,0.0,1.0,jus finish bathing,0.07883817427385892
ham,"alright, I'll make sure the car is back tonight",0,47,medium,0.0,1.0,0.0,alright ill make sure car back tonight,0.18672199170124482
spam,URGENT! We are trying to contact U. Todays draw shows that you have won a å£800 prize GUARANTEED. Call 09050003091 from land line. Claim C52. Valid12hrs only,1,157,long,1.0,0.0,0.0,urgent trying contact todays draw shows å£ prize guaranteed call land line claim valid hrs,0.6431535269709544
spam,Dear U've been invited to XCHAT. This is our final attempt to contact u! Txt CHAT to 86688,1,90,medium,0.0,1.0,0.0,dear uve invited xchat final attempt contact txt chat,0.3651452282157676
ham,Lul im gettin some juicy gossip at the hospital. Two nurses are talking about how fat they are gettin. And one thinks shes obese. Oyea.,0,135,long,1.0,0.0,0.0,lul im gettin juicy gossip hospital two nurses talking fat gettin one thinks shes obese oyea,0.5518672199170125
ham,Aight ill get on fb in a couple minutes,0,39,short,0.0,0.0,1.0,aight ill get fb couple minutes,0.15352697095435686
ham,Oi. Ami parchi na re. Kicchu kaaj korte iccha korche na. Phone ta tul na. Plz. Plz.,0,83,medium,0.0,1.0,0.0,oi ami parchi na kicchu kaaj korte iccha korche na phone ta tul na plz plz,0.33609958506224064
ham,Where can download clear movies. Dvd copies.,0,44,medium,0.0,1.0,0.0,download clear movies dvd copies,0.17427385892116182
ham,"Yep, by the pretty sculpture",0,28,short,0.0,0.0,1.0,yep pretty sculpture,0.1078838174273859
ham,Convey my regards to him,0,24,short,0.0,0.0,1.0,convey regards,0.09128630705394192
ham,Me too watching surya movie only. . .after 6 pm vijay movie POKKIRI,0,67,medium,0.0,1.0,0.0,watching surya movie pm vijay movie pokkiri,0.2697095435684647
ham,You tell what happen dont behave like this to me. Ok no need to say,0,67,medium,0.0,1.0,0.0,tell happen dont behave like ok need say,0.2697095435684647
ham,Can u get pic msgs to your phone?,0,33,short,0.0,0.0,1.0,get pic msgs phone,0.1286307053941909
ham,Send to someone else :-),0,24,short,0.0,0.0,1.0,send someone else,0.09128630705394192
ham,Wat makes some people dearer is not just de happiness dat u feel when u meet them but de pain u feel when u miss dem!!!,0,119,long,1.0,0.0,0.0,wat makes people dearer de happiness dat feel meet de pain feel miss dem,0.4854771784232365
ham,"FR'NDSHIP is like a needle of a clock. Though V r in d same clock, V r nt able 2 met. Evn if V meet,itz only 4few seconds. Bt V alwys stay conected. Gud 9t;-)",0,158,long,1.0,0.0,0.0,frndship like needle clock though clock nt able met evn meetitz seconds bt alwys stay conected gud,0.6473029045643154
ham,I don't think he has spatula hands!,0,35,short,0.0,0.0,1.0,dont think spatula hands,0.13692946058091288
ham,You can never do NOTHING,0,24,short,0.0,0.0,1.0,never nothing,0.09128630705394192
spam,You are awarded a SiPix Digital Camera! call 09061221061 from landline. Delivery within 28days. T Cs Box177. M221BP. 2yr warranty. 150ppm. 16 . p på£3.99,1,153,long,1.0,0.0,0.0,awarded sipix digital camera call landline delivery within days cs box bp yr warranty ppm på£,0.6265560165975104
ham,Goodmorning today i am late for  &lt;DECIMAL&gt; min.,0,53,medium,0.0,1.0,0.0,goodmorning today late ltdecimalgt min,0.21161825726141079
spam,WIN URGENT! Your mobile number has been awarded with a å£2000 prize GUARANTEED call 09061790121 from land line. claim 3030 valid 12hrs only 150ppm ,1,147,long,1.0,0.0,0.0,win urgent mobile number awarded å£ prize guaranteed call land line claim valid hrs ppm,0.6016597510373445
ham,Please da call me any mistake from my side sorry da. Pls da goto doctor.,0,72,medium,0.0,1.0,0.0,please da call mistake side sorry da pls da goto doctor,0.2904564315352697
ham,Where r we meeting?,0,19,short,0.0,0.0,1.0,meeting,0.07053941908713693
ham,"Well the weather in cali's great. But its complexities are great. You need a car to move freely, its taxes are outrageous. But all in all its a great place. The sad part is i missing home.",0,188,long,1.0,0.0,0.0,well weather calis great complexities great need car move freely taxes outrageous great place sad part missing home,0.7717842323651453
ham,Now only i reached home. . . I am very tired now. . I will come tomorro,0,71,medium,0.0,1.0,0.0,reached home tired come tomorro,0.2863070539419087
ham,Ryder unsold.now gibbs.,0,23,short,0.0,0.0,1.0,ryder unsoldnow gibbs,0.08713692946058091
spam,Dear Subscriber ur draw 4 å£100 gift voucher will b entered on receipt of a correct ans. When was Elvis Presleys Birthday? TXT answer to 80062,1,142,long,1.0,0.0,0.0,dear subscriber ur draw å£ gift voucher entered receipt correct ans elvis presleys birthday txt answer,0.5809128630705395
ham,Don't fret. I'll buy the ovulation test strips and send them to you. You wont get them til like march. Can you send me your postal address.u'll be alright.Okay.,0,160,long,1.0,0.0,0.0,dont fret ill buy ovulation test strips send wont get til like march send postal addressull alrightokay,0.6556016597510373
ham,NO GIFTS!! You trying to get me to throw myself off a cliff or something?,0,73,medium,0.0,1.0,0.0,gifts trying get throw cliff something,0.29460580912863066
ham,Been up to ne thing interesting. Did you have a good birthday? When are u wrking nxt? I started uni today.,0,106,long,1.0,0.0,0.0,ne thing interesting good birthday wrking nxt started uni today,0.43153526970954353
ham,You busy or can I come by at some point and figure out what we're doing tomorrow,0,80,medium,0.0,1.0,0.0,busy come point figure tomorrow,0.32365145228215764
ham,"Yeah go on then, bored and depressed sittin waitin for phone to ring... Hope the wind drops though, scary",0,105,long,1.0,0.0,0.0,yeah go bored depressed sittin waitin phone ring hope wind drops though scary,0.42738589211618255
ham,Black shirt n blue jeans... I thk i c Ì_...,0,43,medium,0.0,1.0,0.0,black shirt blue jeans thk,0.17012448132780084
ham,Aiyah sorry lor... I watch tv watch until i forgot 2 check my phone.,0,68,medium,0.0,1.0,0.0,aiyah sorry lor watch tv watch forgot check phone,0.2738589211618257
spam,Message Important information for O2 user. Today is your lucky day! 2 find out why log onto http://www.urawinner.com there is a fantastic surprise awaiting you,1,159,long,1.0,0.0,0.0,message important information user today lucky day find log onto fantastic surprise awaiting,0.6514522821576764
ham,on hen night. Going with a swing,0,32,short,0.0,0.0,1.0,hen night going swing,0.12448132780082988
ham,"Good afternoon, my love. How goes your day ? What are you up to ? I woke early and am online waiting for you ... Hmmm ... Italian boy is online I see . *grins*",0,159,long,1.0,0.0,0.0,good afternoon love goes day woke early online waiting hmmm italian boy online see grins,0.6514522821576764
ham,From someone not to smoke when every time I've smoked in the last two weeks is because of you calling or texting me that you wanted to smoke,0,140,long,1.0,0.0,0.0,someone smoke every time ive smoked last two weeks calling texting wanted smoke,0.5726141078838175
ham,No you'll just get a headache trying to figure it out. U can trust me to do the math. I promise. O:-),0,101,long,1.0,0.0,0.0,youll get headache trying figure trust math promise,0.4107883817427386
ham,S s..first time..dhoni rocks...,0,31,short,0.0,0.0,1.0,sfirst timedhoni rocks,0.12033195020746887
ham,Ok ill tell the company,0,23,short,0.0,0.0,1.0,ok ill tell company,0.08713692946058091
ham,"Awesome, think we can get an 8th at usf some time tonight?",0,58,medium,0.0,1.0,0.0,awesome think get th usf time tonight,0.23236514522821577
ham,So that means you still think of teju,0,37,short,0.0,0.0,1.0,means still think teju,0.14522821576763487
ham,"No I'm good for the movie, is it ok if I leave in an hourish?",0,61,medium,0.0,1.0,0.0,im good movie ok leave hourish,0.24481327800829875
ham,No no:)this is kallis home ground.amla home town is durban:),0,60,medium,0.0,1.0,0.0,nothis kallis home groundamla home town durban,0.24066390041493776
ham,So lets make it saturday or monday as per convenience.,0,54,medium,0.0,1.0,0.0,lets make saturday monday per convenience,0.2157676348547718
ham,Hey... What time is your driving on fri? We go for evaluation on fri?,0,69,medium,0.0,1.0,0.0,hey time driving fri go evaluation fri,0.2780082987551867
spam,"449050000301 You have won a å£2,000 price! To claim, call 09050000301.",1,70,medium,0.0,1.0,0.0,å£ price claim call,0.2821576763485477
ham,I'm going 4 lunch now wif my family then aft dat i go str 2 orchard lor.,0,72,medium,0.0,1.0,0.0,im going lunch wif family aft dat go str orchard lor,0.2904564315352697
spam,"Bored of speed dating? Try SPEEDCHAT, txt SPEEDCHAT to 80155, if you don't like em txt SWAP and get a new chatter! Chat80155 POBox36504W45WQ 150p/msg rcd 16",1,156,long,1.0,0.0,0.0,bored speed dating try speedchat txt speedchat dont like em txt swap get new chatter chat pobox wq pmsg rcd,0.6390041493775934
ham,Cancel cheyyamo?and get some money back?,0,40,medium,0.0,1.0,0.0,cancel cheyyamoand get money back,0.15767634854771784
spam,Do you want 750 anytime any network mins 150 text and a NEW video phone for only five pounds per week call 08000776320 now or reply for delivery Tomorrow,1,153,long,1.0,0.0,0.0,want anytime network mins text new video phone five pounds per week call reply delivery tomorrow,0.6265560165975104
ham,Ok.ok ok..then..whats ur todays plan,0,36,short,0.0,0.0,1.0,okok okthenwhats ur todays plan,0.14107883817427386
ham,Good morning princess! How are you?,0,35,short,0.0,0.0,1.0,good morning princess,0.13692946058091288
ham,Aiyar sorry lor forgot 2 tell u...,0,34,short,0.0,0.0,1.0,aiyar sorry lor forgot tell,0.13278008298755187
spam,For taking part in our mobile survey yesterday! You can now have 500 texts 2 use however you wish. 2 get txts just send TXT to 80160 T&C www.txt43.com 1.50p,1,156,long,1.0,0.0,0.0,taking part mobile survey yesterday texts use however wish get txts send txt tc,0.6390041493775934
ham,Not tonight mate. Catching up on some sleep. This is my new number by the way. ,0,79,medium,0.0,1.0,0.0,tonight mate catching sleep new number way,0.31950207468879666
ham,"Height of \Oh shit....!!\"" situation: A guy throws a luv letter on a gal but falls on her brothers head whos a gay .;-):-D""",0,123,long,1.0,0.0,0.0,height oh shit situation guy throws luv letter gal falls brothers head whos gay,0.5020746887966805
spam,Ur HMV Quiz cash-balance is currently å£500 - to maximize ur cash-in now send HMV1 to 86688 only 150p/msg,1,105,long,1.0,0.0,0.0,ur hmv quiz cashbalance currently å£ maximize ur cashin send hmv pmsg,0.42738589211618255
ham,"So check your errors and if you had difficulties, do correction.",0,64,medium,0.0,1.0,0.0,check errors difficulties correction,0.2572614107883817
ham,Howz pain?hope u r fine..,0,25,short,0.0,0.0,1.0,howz painhope fine,0.09543568464730291
ham,U wake up already? Thanx 4 e tau sar piah it's quite nice.,0,58,medium,0.0,1.0,0.0,wake already thanx tau sar piah quite nice,0.23236514522821577
ham,K do I need a login or anything,0,31,short,0.0,0.0,1.0,need login anything,0.12033195020746887
spam,Dont forget you can place as many FREE Requests with 1stchoice.co.uk as you wish. For more Information call 08707808226.,1,120,long,1.0,0.0,0.0,dont forget place many free requests stchoicecouk wish information call,0.4896265560165975
ham,LOL ... No just was busy,0,24,short,0.0,0.0,1.0,lol busy,0.09128630705394192
ham,What * u wearing?,0,17,short,0.0,0.0,1.0,wearing,0.06224066390041494
ham,Oh:)as usual vijay film or its different?,0,41,medium,0.0,1.0,0.0,ohas usual vijay film different,0.16182572614107885
spam,I don't know u and u don't know me. Send CHAT to 86688 now and let's find each other! Only 150p/Msg rcvd. HG/Suite342/2Lands/Row/W1J6HL LDN. 18 years or over.,1,158,long,1.0,0.0,0.0,dont know dont know send chat lets find pmsg rcvd hgsuite landsroww hl ldn years,0.6473029045643154
ham,Have you had a good day? Mine was really busy are you up to much tomorrow night?,0,80,medium,0.0,1.0,0.0,good day mine really busy much tomorrow night,0.32365145228215764
ham,And is there a way you can send shade's stuff to her. And she has been wonderful too.,0,85,medium,0.0,1.0,0.0,way send shades stuff wonderful,0.34439834024896265
ham,Really... I tot ur paper ended long ago... But wat u copied jus now got use? U happy lar... I still haf 2 study :-(,0,115,long,1.0,0.0,0.0,really tot ur paper ended long ago wat copied jus got use happy lar still haf study,0.46887966804979253
spam,"Thank you, winner notified by sms. Good Luck! No future marketing reply STOP to 84122 customer services 08450542832",1,115,long,1.0,0.0,0.0,thank winner notified sms good luck future marketing reply stop customer services,0.46887966804979253
ham,Babe ? I lost you ... :-(,0,25,short,0.0,0.0,1.0,babe lost,0.09543568464730291
ham,Ok... Help me ask if she's working tmr a not?,0,45,medium,0.0,1.0,0.0,ok help ask shes working tmr,0.17842323651452283
ham,I'm not driving... Raining! Then i'll get caught at e mrt station lor.,0,70,medium,0.0,1.0,0.0,im driving raining ill get caught mrt station lor,0.2821576763485477
ham,Not a drop in the tank,0,22,short,0.0,0.0,1.0,drop tank,0.08298755186721991
ham,(That said can you text him one more time?),0,43,medium,0.0,1.0,0.0,said text one time,0.17012448132780084
ham,Ok i go change also...,0,22,short,0.0,0.0,1.0,ok go change also,0.08298755186721991
spam,1000's of girls many local 2 u who r virgins 2 this & r ready 2 4fil ur every sexual need. Can u 4fil theirs? text CUTE to 69911(å£1.50p. m),1,140,long,1.0,0.0,0.0,girls many local virgins ready fil ur every sexual need fil text cute å£,0.5726141078838175
ham,Did u find a sitter for kaitlyn? I was sick and slept all day yesterday.,0,72,medium,0.0,1.0,0.0,find sitter kaitlyn sick slept day yesterday,0.2904564315352697
ham,"Sorry man, accidentally left my phone on silent last night and didn't check it til I got up",0,91,medium,0.0,1.0,0.0,sorry man accidentally left phone silent last night didnt check til got,0.3692946058091286
ham,Hey.. Something came up last min.. Think i wun be signing up tmr.. Hee,0,70,medium,0.0,1.0,0.0,hey something came last min think wun signing tmr hee,0.2821576763485477
ham,He's an adult and would learn from the experience. There's no real danger. I just dont like peeps using drugs they dont need. But no comment,0,140,long,1.0,0.0,0.0,hes adult would learn experience theres real danger dont like peeps using drugs dont need comment,0.5726141078838175
ham,Hey! There's veggie pizza... :/,0,31,short,0.0,0.0,1.0,hey theres veggie pizza,0.12033195020746887
ham,Yun buying... But school got offer 2000 plus only...,0,52,medium,0.0,1.0,0.0,yun buying school got offer plus,0.2074688796680498
ham,You sure your neighbors didnt pick it up,0,40,medium,0.0,1.0,0.0,sure neighbors didnt pick,0.15767634854771784
ham,K. I will sent it again,0,23,short,0.0,0.0,1.0,sent,0.08713692946058091
ham,Well. Im computerless. Time to make some oreo truffles,0,54,medium,0.0,1.0,0.0,well im computerless time make oreo truffles,0.2157676348547718
ham,"Haha yeah I see that now, be there in a sec",0,43,medium,0.0,1.0,0.0,haha yeah see sec,0.17012448132780084
ham,I am not having her number sir,0,30,short,0.0,0.0,1.0,number sir,0.11618257261410789
ham,Lol now I'm after that hot air balloon!,0,39,short,0.0,0.0,1.0,lol im hot air balloon,0.15352697095435686
ham,Ok . . now i am in bus. . If i come soon i will come otherwise tomorrow,0,71,medium,0.0,1.0,0.0,ok bus come soon come otherwise tomorrow,0.2863070539419087
ham,Msgs r not time pass.They silently say that I am thinking of U right now and also making U think of me at least 4 a moment. Gd nt.swt drms @Shesil,0,146,long,1.0,0.0,0.0,msgs time passthey silently say thinking right also making think least moment gd ntswt drms shesil,0.5975103734439834
ham,"Yeah, we can probably swing by once my roommate finishes up with his girl",0,73,medium,0.0,1.0,0.0,yeah probably swing roommate finishes girl,0.29460580912863066
spam,"Got what it takes 2 take part in the WRC Rally in Oz? U can with Lucozade Energy! Text RALLY LE to 61200 (25p), see packs or lucozade.co.uk/wrc & itcould be u!",1,159,long,1.0,0.0,0.0,got takes take part wrc rally oz lucozade energy text rally le see packs lucozadecoukwrc itcould,0.6514522821576764
ham,Happy new years melody!,0,23,short,0.0,0.0,1.0,happy new years melody,0.08713692946058091
ham,ÌÏ dun need to pick ur gf?,0,26,short,0.0,0.0,1.0,ìï dun need pick ur gf,0.09958506224066391
ham,Yay! You better not have told that to 5 other girls either.,0,59,medium,0.0,1.0,0.0,yay better told girls either,0.23651452282157676
ham,Horrible u eat macs eat until u forgot abt me already rite... U take so long 2 reply. I thk it's more toot than b4 so b prepared. Now wat shall i eat?,0,150,long,1.0,0.0,0.0,horrible eat macs eat forgot abt already rite take long reply thk toot prepared wat shall eat,0.6141078838174274
ham,"Did he say how fantastic I am by any chance, or anything need a bigger life lift as losing the will 2 live, do you think I would be the first person 2 die from N V Q? ",0,167,long,1.0,0.0,0.0,say fantastic chance anything need bigger life lift losing live think would first person die,0.6846473029045643
ham,Just nw i came to hme da..,0,26,short,0.0,0.0,1.0,nw came hme da,0.09958506224066391
ham,"I'm outside islands, head towards hard rock and you'll run into me",0,66,medium,0.0,1.0,0.0,im outside islands head towards hard rock youll run,0.26556016597510373
ham,To day class is there are no class.,0,35,short,0.0,0.0,1.0,day class class,0.13692946058091288
ham,I'm in chennai velachery:),0,26,short,0.0,0.0,1.0,im chennai velachery,0.09958506224066391
ham,You flippin your shit yet?,0,26,short,0.0,0.0,1.0,flippin shit yet,0.09958506224066391
ham,"K give me a sec, breaking a  &lt;#&gt;  at cstore",0,49,medium,0.0,1.0,0.0,give sec breaking ltgt cstore,0.1950207468879668
ham,Am i that much bad to avoid like this?,0,38,short,0.0,0.0,1.0,much bad avoid like,0.14937759336099585
ham,"Yo, you around? Just got my car back",0,36,short,0.0,0.0,1.0,yo around got car back,0.14107883817427386
ham,Annoying isn't it.,0,18,short,0.0,0.0,1.0,annoying isnt,0.06639004149377593
ham,"Goodmorning, Today i am late for  &lt;#&gt; min.",0,48,medium,0.0,1.0,0.0,goodmorning today late ltgt min,0.19087136929460582
ham,There's no point hangin on to mr not right if he's not makin u happy,0,68,medium,0.0,1.0,0.0,theres point hangin mr right hes makin happy,0.2738589211618257
ham,All will come alive.better correct any good looking figure there itself..,0,73,medium,0.0,1.0,0.0,come alivebetter correct good looking figure,0.29460580912863066
ham,In that case I guess I'll see you at campus lodge,0,49,medium,0.0,1.0,0.0,case guess ill see campus lodge,0.1950207468879668
ham,We're done...,0,13,short,0.0,0.0,1.0,done,0.04564315352697096
ham,Come to my home for one last time i wont do anything. Trust me.,0,63,medium,0.0,1.0,0.0,come home one last time wont anything trust,0.25311203319502074
ham,I was up all night too worrying about this appt. It's a shame we missed a girls night out with quizzes popcorn and you doing my hair.,0,133,long,1.0,0.0,0.0,night worrying appt shame missed girls night quizzes popcorn hair,0.5435684647302905
spam,Sex up ur mobile with a FREE sexy pic of Jordan! Just text BABE to 88600. Then every wk get a sexy celeb! PocketBabe.co.uk 4 more pics. 16 å£3/wk 087016248,1,155,long,1.0,0.0,0.0,sex ur mobile free sexy pic jordan text babe every wk get sexy celeb pocketbabecouk pics å£ wk,0.6348547717842324
ham,Ok... C ya...,0,13,short,0.0,0.0,1.0,ok ya,0.04564315352697096
spam,You have 1 new voicemail. Please call 08719181503,1,49,medium,0.0,1.0,0.0,new voicemail please call,0.1950207468879668
ham,What he said is not the matter. My mind saying some other matter is there.,0,74,medium,0.0,1.0,0.0,said matter mind saying matter,0.2987551867219917
ham,"Al he does is moan at me if n e thin goes wrong its my fault&al de arguments r my fault&fed up of him of himso y bother? Hav 2go, thanx.xx",0,138,long,1.0,0.0,0.0,al moan thin goes wrong faultal de arguments faultfed himso bother hav go thanxxx,0.5643153526970954
ham,NEFT Transaction with reference number  &lt;#&gt;  for Rs. &lt;DECIMAL&gt;  has been credited to the beneficiary account on  &lt;#&gt;  at  &lt;TIME&gt; : &lt;#&gt;,0,164,long,1.0,0.0,0.0,neft transaction reference number ltgt rs ltdecimalgt credited beneficiary account ltgt lttimegt ltgt,0.6721991701244814
ham,Otherwise had part time job na-tuition..,0,40,medium,0.0,1.0,0.0,otherwise part time job natuition,0.15767634854771784
ham,I know she called me,0,20,short,0.0,0.0,1.0,know called,0.07468879668049792
ham,"Me also da, i feel yesterday night  wait til 2day night dear.",0,61,medium,0.0,1.0,0.0,also da feel yesterday night wait til day night dear,0.24481327800829875
ham,Thanks for understanding. I've been trying to tell sura that.,0,61,medium,0.0,1.0,0.0,thanks understanding ive trying tell sura,0.24481327800829875
spam,WIN a year supply of CDs 4 a store of ur choice worth å£500 & enter our å£100 Weekly draw txt MUSIC to 87066 Ts&Cs www.Ldew.com.subs16+1win150ppmx3,1,147,long,1.0,0.0,0.0,win year supply cds store ur choice worth å£ enter å£ weekly draw txt music tscs,0.6016597510373445
ham,The whole car appreciated the last two! Dad and are having a map reading semi argument but apart from that things are going ok. P.,0,130,long,1.0,0.0,0.0,whole car appreciated last two dad map reading semi argument apart things going ok,0.5311203319502075
spam,"As a SIM subscriber, you are selected to receive a Bonus! Get it delivered to your door, Txt the word OK to No: 88600 to claim. 150p/msg, EXP. 30Apr",1,148,long,1.0,0.0,0.0,sim subscriber selected receive bonus get delivered door txt word ok claim pmsg exp apr,0.6058091286307055
ham,I need you to be in my strong arms...,0,37,short,0.0,0.0,1.0,need strong arms,0.14522821576763487
ham,Also maaaan are you missing out,0,31,short,0.0,0.0,1.0,also maaaan missing,0.12033195020746887
ham,His bday real is in april .,0,27,short,0.0,0.0,1.0,bday real april,0.1037344398340249
ham,Guessin you ain't gonna be here before 9?,0,41,medium,0.0,1.0,0.0,guessin aint gonna,0.16182572614107885
ham,Ok then i will come to ur home after half an hour,0,49,medium,0.0,1.0,0.0,ok come ur home half hour,0.1950207468879668
ham,"Yo, the game almost over? Want to go to walmart soon",0,52,medium,0.0,1.0,0.0,yo game almost want go walmart soon,0.2074688796680498
ham,"Yeah, probably but not sure. Ilol let u know, but personally I wuldnt bother, then again if ur goin to then I mite as well!!",0,124,long,1.0,0.0,0.0,yeah probably sure ilol let know personally wuldnt bother ur goin mite well,0.5062240663900415
ham,I'll text now! All creepy like so he won't think that we forgot,0,63,medium,0.0,1.0,0.0,ill text creepy like wont think forgot,0.25311203319502074
ham,"that would be good Û_ I'll phone you tomo lunchtime, shall I, to organise something?",0,85,medium,0.0,1.0,0.0,would good û ill phone tomo lunchtime shall organise something,0.34439834024896265
spam,You have 1 new voicemail. Please call 08719181513.,1,50,medium,0.0,1.0,0.0,new voicemail please call,0.19917012448132781
ham,"Damn, can you make it tonight or do you want to just wait til tomorrow",0,70,medium,0.0,1.0,0.0,damn make tonight want wait til tomorrow,0.2821576763485477
ham,K..k..i'm also fine:)when will you complete the course?,0,55,medium,0.0,1.0,0.0,kkim also finewhen complete course,0.21991701244813278
ham,"True. It is passable. And if you get a high score and apply for phd, you get 5years of salary. So it makes life easier.",0,119,long,1.0,0.0,0.0,true passable get high score apply phd get years salary makes life easier,0.4854771784232365
spam,No. 1 Nokia Tone 4 ur mob every week! Just txt NOK to 87021. 1st Tone FREE ! so get txtin now and tell ur friends. 150p/tone. 16 reply HL 4info,1,143,long,1.0,0.0,0.0,nokia tone ur mob every week txt nok st tone free get txtin tell ur friends ptone reply hl info,0.5850622406639004
ham,Prakesh is there know.,0,22,short,0.0,0.0,1.0,prakesh know,0.08298755186721991
ham,Teach me apps da. When you come to college.,0,43,medium,0.0,1.0,0.0,teach apps da come college,0.17012448132780084
ham,Rofl betta invest in some  anti aging products,0,46,medium,0.0,1.0,0.0,rofl betta invest anti aging products,0.1825726141078838
ham,"sir, you will receive the account no another 1hr time. Sorry for the delay.",0,75,medium,0.0,1.0,0.0,sir receive account another hr time sorry delay,0.3029045643153527
spam,Reply with your name and address and YOU WILL RECEIVE BY POST a weeks completely free accommodation at various global locations www.phb1.com ph:08700435505150p,1,159,long,1.0,0.0,0.0,reply name address receive post weeks completely free accommodation various global locations ph,0.6514522821576764
ham,So Ì_'ll be submitting da project tmr rite?,0,43,medium,0.0,1.0,0.0,ìll submitting da project tmr rite,0.17012448132780084
spam,FREE entry into our å£250 weekly comp just send the word ENTER to 84128 NOW. 18 T&C www.textcomp.com cust care 08712405020.,1,123,long,1.0,0.0,0.0,free entry å£ weekly comp send word enter tc cust care,0.5020746887966805
ham,Jus ans me lar. U'll noe later.,0,31,short,0.0,0.0,1.0,jus ans lar ull noe later,0.12033195020746887
ham,I want to send something that can sell fast.  &lt;#&gt; k is not easy money.,0,76,medium,0.0,1.0,0.0,want send something sell fast ltgt easy money,0.30705394190871366
ham,have got * few things to do. may be in * pub later.,0,51,medium,0.0,1.0,0.0,got things may pub later,0.2033195020746888
ham,1's finish meeting call me.,0,27,short,0.0,0.0,1.0,finish meeting call,0.1037344398340249
ham,Lol ok. I'll snatch her purse too.,0,34,short,0.0,0.0,1.0,lol ok ill snatch purse,0.13278008298755187
ham,"\Hello-/@drivby-:0quit edrunk sorry iff pthis makes no senrd-dnot no how ^ dancce 2 drum n basq!ihave fun 2nhite x ros xxxxxxx\""""",0,129,long,1.0,0.0,0.0,hellodrivby quit edrunk sorry iff pthis makes senrddnot dancce drum basqihave fun nhite ros xxxxxxx,0.5269709543568465
ham,How much are we getting?,0,24,short,0.0,0.0,1.0,much getting,0.09128630705394192
ham,Is ur paper in e morn or aft tmr?,0,33,short,0.0,0.0,1.0,ur paper morn aft tmr,0.1286307053941909
ham,"Dear relieved of westonzoyland, all going to plan this end too!",0,63,medium,0.0,1.0,0.0,dear relieved westonzoyland going plan end,0.25311203319502074
ham,Hope you are having a great new semester. Do wish you the very best. You are made for greatness.,0,96,medium,0.0,1.0,0.0,hope great new semester wish best made greatness,0.3900414937759336
ham,Oh yes I can speak txt 2 u no! Hmm. Did u get  email?,0,53,medium,0.0,1.0,0.0,oh yes speak txt hmm get email,0.21161825726141079
ham,"I want to show you the world, princess :) how about europe?",0,59,medium,0.0,1.0,0.0,want show world princess europe,0.23651452282157676
ham,Nobody can decide where to eat and dad wants Chinese,0,52,medium,0.0,1.0,0.0,nobody decide eat dad wants chinese,0.2074688796680498
ham,No shoot me. I'm in the docs waiting room. :/,0,45,medium,0.0,1.0,0.0,shoot im docs waiting room,0.17842323651452283
ham,Now? I'm going out 4 dinner soon..,0,34,short,0.0,0.0,1.0,im going dinner soon,0.13278008298755187
ham,Hello which the site to download songs its urgent pls,0,53,medium,0.0,1.0,0.0,hello site download songs urgent pls,0.21161825726141079
ham,"I do know what u mean,  is the king of not havin credit! I'm goin2bed now. Night night sweet! Only1more sleep! ",0,111,long,1.0,0.0,0.0,know mean king havin credit im goin bed night night sweet sleep,0.4522821576763485
ham,Horrible gal. Me in sch doing some stuff. How come u got mc?,0,60,medium,0.0,1.0,0.0,horrible gal sch stuff come got mc,0.24066390041493776
ham,"HI HUN! IM NOT COMIN 2NITE-TELL EVERY1 IM SORRY 4 ME, HOPE U AVA GOODTIME!OLI RANG MELNITE IFINK IT MITE B SORTED,BUT IL EXPLAIN EVERYTHIN ON MON.L8RS.x",0,152,long,1.0,0.0,0.0,hi hun im comin nitetell every im sorry hope ava goodtimeoli rang melnite ifink mite sortedbut il explain everythin monl rsx,0.6224066390041494
spam,Please CALL 08712402779 immediately as there is an urgent message waiting for you,1,81,medium,0.0,1.0,0.0,please call immediately urgent message waiting,0.3278008298755187
ham,Yeah like if it goes like it did with my friends imma flip my shit in like half an hour,0,87,medium,0.0,1.0,0.0,yeah like goes like friends imma flip shit like half hour,0.3526970954356846
ham,Mum say we wan to go then go... Then she can shun bian watch da glass exhibition... ,0,84,medium,0.0,1.0,0.0,mum say wan go go shun bian watch da glass exhibition,0.3402489626556016
ham,What your plan for pongal?,0,26,short,0.0,0.0,1.0,plan pongal,0.09958506224066391
ham,Just wait till end of march when el nino gets himself. Oh.,0,58,medium,0.0,1.0,0.0,wait till end march el nino gets oh,0.23236514522821577
ham,"Not yet chikku..going to room nw, i'm in bus..",0,46,medium,0.0,1.0,0.0,yet chikkugoing room nw im bus,0.1825726141078838
ham,Am also doing in cbe only. But have to pay.,0,43,medium,0.0,1.0,0.0,also cbe pay,0.17012448132780084
ham,Honey boo I'm missing u.,0,24,short,0.0,0.0,1.0,honey boo im missing,0.09128630705394192
ham,"We have sent JD for Customer Service cum Accounts Executive to ur mail id, For details contact us",0,97,medium,0.0,1.0,0.0,sent jd customer service cum accounts executive ur mail id details contact us,0.3941908713692946
ham,"Yo, I'm at my parents' gettin cash. Good news: we picked up a downstem",0,70,medium,0.0,1.0,0.0,yo im parents gettin cash good news picked downstem,0.2821576763485477
ham,"Thank you so much. When we skyped wit kz and sura, we didnt get the pleasure of your company. Hope you are good. We've given you ultimatum oh! We are countin down to aburo. Enjoy!",0,179,long,1.0,0.0,0.0,thank much skyped wit kz sura didnt get pleasure company hope good weve given ultimatum oh countin aburo enjoy,0.7344398340248963
spam,"Hungry gay guys feeling hungry and up 4 it, now. Call 08718730555 just 10p/min. To stop texts call 08712460324 (10p/min)",1,120,long,1.0,0.0,0.0,hungry gay guys feeling hungry call pmin stop texts call pmin,0.4896265560165975
ham,Ok. No wahala. Just remember that a friend in need ...,0,54,medium,0.0,1.0,0.0,ok wahala remember friend need,0.2157676348547718
ham,I will see in half an hour,0,26,short,0.0,0.0,1.0,see half hour,0.09958506224066391
ham,"Im in inperialmusic listening2the weirdest track ever byåÓleafcutter johnåÓ-sounds like insects being molested&someone plumbing,remixed by evil men on acid!",0,156,long,1.0,0.0,0.0,im inperialmusic listening weirdest track ever byåóleafcutter johnåósounds like insects molestedsomeone plumbingremixed evil men acid,0.6390041493775934
ham,"\Hey sorry I didntgive ya a a bellearlier hunny just been in bedbut mite go 2 thepub l8tr if uwana mt up?loads a luv Jenxxx.\""""",0,127,long,1.0,0.0,0.0,hey sorry didntgive ya bellearlier hunny bedbut mite go thepub tr uwana mt uploads luv jenxxx,0.5186721991701245
ham,SERIOUSLY. TELL HER THOSE EXACT WORDS RIGHT NOW.,0,48,medium,0.0,1.0,0.0,seriously tell exact words right,0.19087136929460582
spam,Can U get 2 phone NOW? I wanna chat 2 set up meet Call me NOW on 09096102316 U can cum here 2moro Luv JANE xx Callså£1/minmoremobsEMSPOBox45PO139WA,1,147,long,1.0,0.0,0.0,get phone wanna chat set meet call cum moro luv jane xx callså£ minmoremobsemspobox po wa,0.6016597510373445
ham,"Tee hee. Off to lecture, cheery bye bye.",0,40,medium,0.0,1.0,0.0,tee hee lecture cheery bye bye,0.15767634854771784
ham,"Sorry chikku, my cell got some problem thts y i was nt able to reply u or msg u..",0,81,medium,0.0,1.0,0.0,sorry chikku cell got problem thts nt able reply msg,0.3278008298755187
ham,If you still havent collected the dough pls let me know so i can go to the place i sent it to get the control number,0,116,long,1.0,0.0,0.0,still havent collected dough pls let know go place sent get control number,0.4730290456431535
ham,Ok...,0,5,short,0.0,0.0,1.0,ok,0.012448132780082987
spam,network operator. The service is free. For T & C's visit 80488.biz,1,66,medium,0.0,1.0,0.0,network operator service free cs visit biz,0.26556016597510373
ham,Let me know how to contact you. I've you settled in a room. Lets know you are ok.,0,81,medium,0.0,1.0,0.0,let know contact ive settled room lets know ok,0.3278008298755187
ham,Wot u up 2 u weirdo?,0,20,short,0.0,0.0,1.0,wot weirdo,0.07468879668049792
ham,Can do lor...,0,13,short,0.0,0.0,1.0,lor,0.04564315352697096
ham,Dont put your phone on silent mode ok,0,37,short,0.0,0.0,1.0,dont put phone silent mode ok,0.14522821576763487
ham,Can i meet Ì_ at 5.. As 4 where depends on where Ì_ wan 2 in lor..,0,66,medium,0.0,1.0,0.0,meet depends wan lor,0.26556016597510373
ham,Waiting 4 my tv show 2 start lor... U leh still busy doing ur report?,0,69,medium,0.0,1.0,0.0,waiting tv show start lor leh still busy ur report,0.2780082987551867
ham,Oh ho. Is this the first time u use these type of words,0,55,medium,0.0,1.0,0.0,oh ho first time use type words,0.21991701244813278
ham,Am I the only one who doesn't stalk profiles?,0,45,medium,0.0,1.0,0.0,one doesnt stalk profiles,0.17842323651452283
ham,"Ever green quote ever told by Jerry in cartoon \A Person Who Irritates u Always Is the one Who Loves u Vry Much But Fails to Express It...!..!! :-) :-) gud nyt""",0,160,long,1.0,0.0,0.0,ever green quote ever told jerry cartoon person irritates always one loves vry much fails express gud nyt,0.6556016597510373
ham,Yes i thought so. Thanks.,0,25,short,0.0,0.0,1.0,yes thought thanks,0.09543568464730291
ham,But if she.s drinkin i'm ok.,0,28,short,0.0,0.0,1.0,shes drinkin im ok,0.1078838174273859
ham,"Just wondering, the others just took off",0,40,medium,0.0,1.0,0.0,wondering others took,0.15767634854771784
ham,"Night has ended for another day, morning has come in a special way. May you smile like the sunny rays and leaves your worries at the blue blue bay. Gud mrng",0,156,long,1.0,0.0,0.0,night ended another day morning come special way may smile like sunny rays leaves worries blue blue bay gud mrng,0.6390041493775934
ham,"What do you do, my dog ? Must I always wait till the end of your day to have word from you ? Did you run out of time on your cell already?",0,138,long,1.0,0.0,0.0,dog must always wait till end day word run time cell already,0.5643153526970954
ham,Happy new year to u too!,0,24,short,0.0,0.0,1.0,happy new year,0.09128630705394192
ham,"Hey...Great deal...Farm tour 9am to 5pm $95/pax, $50 deposit by 16 May",0,70,medium,0.0,1.0,0.0,heygreat dealfarm tour pm pax deposit may,0.2821576763485477
ham,Eat jap done oso aft ur lect wat... ÌÏ got lect at 12 rite... ,0,62,medium,0.0,1.0,0.0,eat jap done oso aft ur lect wat ìï got lect rite,0.24896265560165973
ham,"Hey babe! I saw you came online for a second and then you disappeared, what happened ?",0,86,medium,0.0,1.0,0.0,hey babe saw came online second disappeared happened,0.34854771784232363
ham,Da my birthdate in certificate is in april but real date is today. But dont publish it. I shall give you a special treat if you keep the secret. Any way thanks for the wishes,0,174,long,1.0,0.0,0.0,da birthdate certificate april real date today dont publish shall give special treat keep secret way thanks wishes,0.7136929460580913
ham,Happy birthday... May all ur dreams come true...,0,48,medium,0.0,1.0,0.0,happy birthday may ur dreams come true,0.19087136929460582
ham,Aiyah u did ok already lar. E nydc at wheellock?,0,48,medium,0.0,1.0,0.0,aiyah ok already lar nydc wheellock,0.19087136929460582
ham,TELL HER I SAID EAT SHIT.,0,25,short,0.0,0.0,1.0,tell said eat shit,0.09543568464730291
ham,Sure! I am driving but will reach my destination soon.,0,54,medium,0.0,1.0,0.0,sure driving reach destination soon,0.2157676348547718
ham,"K so am I, how much for an 8th? Fifty?",0,38,short,0.0,0.0,1.0,much th fifty,0.14937759336099585
ham,Your daily text from me ÛÒ a favour this time,0,46,medium,0.0,1.0,0.0,daily text ûò favour time,0.1825726141078838
ham,Great to hear you are settling well. So what's happenin wit ola?,0,64,medium,0.0,1.0,0.0,great hear settling well whats happenin wit ola,0.2572614107883817
ham,Those cocksuckers. If it makes you feel better ipads are worthless garbage novelty items and you should feel bad for even wanting one,0,133,long,1.0,0.0,0.0,cocksuckers makes feel better ipads worthless garbage novelty items feel bad even wanting one,0.5435684647302905
ham,I tot u reach liao. He said t-shirt.,0,36,short,0.0,0.0,1.0,tot reach liao said tshirt,0.14107883817427386
ham,"FRAN I DECIDED 2 GO N E WAY IM COMPLETELY BROKE AN KNACKERED I GOT UP BOUT 3 C U 2MRW LOVE JANX P.S THIS IS MY DADS FONE, -NO CREDIT",0,132,long,1.0,0.0,0.0,fran decided go way im completely broke knackered got bout mrw love janx ps dads fone credit,0.5394190871369295
ham,Your right! I'll make the appointment right now.,0,48,medium,0.0,1.0,0.0,right ill make appointment right,0.19087136929460582
ham,Designation is software developer and may be she get chennai:),0,62,medium,0.0,1.0,0.0,designation software developer may get chennai,0.24896265560165973
spam,Enjoy the jamster videosound gold club with your credits for 2 new videosounds+2 logos+musicnews! get more fun from jamster.co.uk! 16+only Help? call: 09701213186 ,1,163,long,1.0,0.0,0.0,enjoy jamster videosound gold club credits new videosounds logosmusicnews get fun jamstercouk help call,0.6680497925311204
spam,"Get 3 Lions England tone, reply lionm 4 mono or lionp 4 poly. 4 more go 2 www.ringtones.co.uk, the original n best. Tones 3GBP network operator rates apply",1,155,long,1.0,0.0,0.0,get lions england tone reply lionm mono lionp poly go original best tones gbp network operator rates apply,0.6348547717842324
ham,I jokin oni lar.. ÌÏ busy then i wun disturb Ì_.,0,48,medium,0.0,1.0,0.0,jokin oni lar ìï busy wun disturb,0.19087136929460582
ham,"Ok, be careful ! Don't text and drive !",0,39,short,0.0,0.0,1.0,ok careful dont text drive,0.15352697095435686
ham,"I.ll always be there, even if its just in spirit. I.ll get a bb soon. Just trying to be sure i need it.",0,103,long,1.0,0.0,0.0,ill always even spirit ill get bb soon trying sure need,0.41908713692946054
ham,U r too much close to my heart. If u go away i will be shattered. Plz stay with me.,0,83,medium,0.0,1.0,0.0,much close heart go away shattered plz stay,0.33609958506224064
ham,I love u 2 babe! R u sure everything is alrite. Is he being an idiot? Txt bak girlie,0,84,medium,0.0,1.0,0.0,love babe sure everything alrite idiot txt bak girlie,0.3402489626556016
ham,How abt making some of the pics bigger?,0,39,short,0.0,0.0,1.0,abt making pics bigger,0.15352697095435686
ham,Got but got 2 colours lor. One colour is quite light n e other is darker lor. Actually i'm done she's styling my hair now.,0,122,long,1.0,0.0,0.0,got got colours lor one colour quite light darker lor actually im done shes styling hair,0.49792531120331945
ham,"Whenevr ur sad, Whenevr ur gray, Remembr im here 2 listn 2 watevr u wanna say, Jus walk wid me a little while,&amp; I promise I'll bring back ur smile.:-)",0,154,long,1.0,0.0,0.0,whenevr ur sad whenevr ur gray remembr im listn watevr wanna say jus walk wid little whileamp promise ill bring back ur smile,0.6307053941908713
ham,Why nothing. Ok anyway give me treat,0,36,short,0.0,0.0,1.0,nothing ok anyway give treat,0.14107883817427386
spam,"Win the newest ÛÏHarry Potter and the Order of the Phoenix (Book 5) reply HARRY, answer 5 questions - chance to be the first among readers!",1,140,long,1.0,0.0,0.0,win newest ûïharry potter order phoenix book reply harry answer questions chance first among readers,0.5726141078838175
ham,Correct. So how was work today,0,30,short,0.0,0.0,1.0,correct work today,0.11618257261410789
ham,"Just sent again. Do you scream and moan in bed, princess?",0,57,medium,0.0,1.0,0.0,sent scream moan bed princess,0.22821576763485477
ham,"I wake up long ago already... Dunno, what other thing?",0,54,medium,0.0,1.0,0.0,wake long ago already dunno thing,0.2157676348547718
ham,Oh just getting even with u.... u?,0,34,short,0.0,0.0,1.0,oh getting even,0.13278008298755187
ham,I thk 50 shd be ok he said plus minus 10.. Did Ì_ leave a line in between paragraphs?,0,85,medium,0.0,1.0,0.0,thk shd ok said plus minus leave line paragraphs,0.34439834024896265
ham,Can you call me plz. Your number shows out of coveragd area. I have urgnt call in vasai &amp; have to reach before 4'o clock so call me plz,0,139,long,1.0,0.0,0.0,call plz number shows coveragd area urgnt call vasai amp reach clock call plz,0.5684647302904564
ham,Yeah jay's sort of a fucking retard,0,35,short,0.0,0.0,1.0,yeah jays sort fucking retard,0.13692946058091288
ham,"Sorry, was in the bathroom, sup",0,31,short,0.0,0.0,1.0,sorry bathroom sup,0.12033195020746887
spam,Ur balance is now å£500. Ur next question is: Who sang 'Uptown Girl' in the 80's ? 2 answer txt ur ANSWER to 83600. Good luck!,1,126,long,1.0,0.0,0.0,ur balance å£ ur next question sang uptown girl answer txt ur answer good luck,0.5145228215767635
ham,My exam is for february 4. Wish you a great day.,0,48,medium,0.0,1.0,0.0,exam february wish great day,0.19087136929460582
ham,I dont know what to do to come out of this so only am ask questions like this dont mistake me.,0,94,medium,0.0,1.0,0.0,dont know come ask questions like dont mistake,0.3817427385892116
ham,"Aight no rush, I'll ask jay",0,27,short,0.0,0.0,1.0,aight rush ill ask jay,0.1037344398340249
ham,Good Morning plz call me sir,0,28,short,0.0,0.0,1.0,good morning plz call sir,0.1078838174273859
ham,It's ok lar. U sleep early too... Nite...,0,41,medium,0.0,1.0,0.0,ok lar sleep early nite,0.16182572614107885
ham,"Oh... Icic... K lor, den meet other day...",0,42,medium,0.0,1.0,0.0,oh icic lor den meet day,0.16597510373443983
ham,"Oh ! A half hour is much longer in Syria than Canada, eh ? Wow you must get SO much more work done in a day than us with all that extra time ! *grins*",0,150,long,1.0,0.0,0.0,oh half hour much longer syria canada eh wow must get much work done day us extra time grins,0.6141078838174274
ham,"Sometimes we put walls around our hearts,not just to be safe from getting hurt.. But to find out who cares enough to break the walls &amp; get closer.. GOODNOON:)",0,162,long,1.0,0.0,0.0,sometimes put walls around heartsnot safe getting hurt find cares enough break walls amp get closer goodnoon,0.6639004149377594
ham,"Sweet, we may or may not go to 4U to meet carlos so gauge patty's interest in that",0,82,medium,0.0,1.0,0.0,sweet may may go meet carlos gauge pattys interest,0.33195020746887965
ham,Then she buying today? ÌÏ no need to c meh...,0,45,medium,0.0,1.0,0.0,buying today ìï need meh,0.17842323651452283
ham,Aight sorry I take ten years to shower. What's the plan?,0,56,medium,0.0,1.0,0.0,aight sorry take ten years shower whats plan,0.22406639004149378
ham,Every monday..nxt week vl be completing..,0,41,medium,0.0,1.0,0.0,every mondaynxt week vl completing,0.16182572614107885
ham,Might ax well im there.,0,23,short,0.0,0.0,1.0,might ax well im,0.08713692946058091
ham,Just chill for another 6hrs. If you could sleep the pain is not a surgical emergency so see how it unfolds. Okay,0,112,long,1.0,0.0,0.0,chill another hrs could sleep pain surgical emergency see unfolds okay,0.45643153526970953
ham,Yeah I'll try to scrounge something up,0,38,short,0.0,0.0,1.0,yeah ill try scrounge something,0.14937759336099585
ham,Crazy ar he's married. ÌÏ like gd looking guys not me. My frens like say he's korean leona's fave but i dun thk he is. Aft some thinking mayb most prob i'll go.,0,160,long,1.0,0.0,0.0,crazy ar hes married ìï like gd looking guys frens like say hes korean leonas fave dun thk aft thinking mayb prob ill go,0.6556016597510373
ham,Were somewhere on Fredericksburg,0,32,short,0.0,0.0,1.0,somewhere fredericksburg,0.12448132780082988
ham,Que pases un buen tiempo or something like that,0,47,medium,0.0,1.0,0.0,que pases un buen tiempo something like,0.18672199170124482
ham,Is it ok if I stay the night here? Xavier has a sleeping bag and I'm getting tired,0,82,medium,0.0,1.0,0.0,ok stay night xavier sleeping bag im getting tired,0.33195020746887965
ham,She doesnt need any test.,0,25,short,0.0,0.0,1.0,doesnt need test,0.09543568464730291
ham,"Nothing much, chillin at home. Any super bowl plan?",0,51,medium,0.0,1.0,0.0,nothing much chillin home super bowl plan,0.2033195020746888
spam,"FREE2DAY sexy St George's Day pic of Jordan!Txt PIC to 89080 dont miss out, then every wk a saucy celeb!4 more pics c PocketBabe.co.uk 0870241182716 å£3/wk",1,155,long,1.0,0.0,0.0,free day sexy st georges day pic jordantxt pic dont miss every wk saucy celeb pics pocketbabecouk å£ wk,0.6348547717842324
ham,Bugis oso near wat... ,0,22,short,0.0,0.0,1.0,bugis oso near wat,0.08298755186721991
ham,Yo theres no class tmrw right?,0,30,short,0.0,0.0,1.0,yo theres class tmrw right,0.11618257261410789
ham,Let Ur Heart Be Ur Compass Ur Mind Ur Map Ur Soul Ur Guide And U Will Never loose in world....gnun - Sent via WAY2SMS.COM,0,121,long,1.0,0.0,0.0,let ur heart ur compass ur mind ur map ur soul ur guide never loose worldgnun sent via way smscom,0.4937759336099585
ham,"Goodnight, sleep well da please take care pa. Please.",0,53,medium,0.0,1.0,0.0,goodnight sleep well da please take care pa please,0.21161825726141079
ham,Baaaaabe! I misss youuuuu ! Where are you ? I have to go and teach my class at 5 ...,0,84,medium,0.0,1.0,0.0,baaaaabe misss youuuuu go teach class,0.3402489626556016
ham,U ned to convince him tht its not possible witot hurting his feeling its the main,0,81,medium,0.0,1.0,0.0,ned convince tht possible witot hurting feeling main,0.3278008298755187
ham,"Good afternoon loverboy ! How goes you day ? Any luck come your way? I think of you, sweetie and send my love across the sea to make you smile and happy",0,152,long,1.0,0.0,0.0,good afternoon loverboy goes day luck come way think sweetie send love across sea make smile happy,0.6224066390041494
ham,If i start sending blackberry torch to nigeria will you find buyer for me?like 4a month. And tell dad not to buy bb from anyone oh.,0,131,long,1.0,0.0,0.0,start sending blackberry torch nigeria find buyer melike month tell dad buy bb anyone oh,0.5352697095435685
ham,Yo dude guess who just got arrested the other day,0,49,medium,0.0,1.0,0.0,yo dude guess got arrested day,0.1950207468879668
ham,Shuhui say change 2 suntec steamboat? U noe where? Where r u now?,0,65,medium,0.0,1.0,0.0,shuhui say change suntec steamboat noe,0.2614107883817427
ham,What does the dance river do?,0,29,short,0.0,0.0,1.0,dance river,0.11203319502074689
ham,"Yetunde, i'm sorry but moji and i seem too busy to be able to go shopping. Can you just please find some other way to get what you wanted us to get. Please forgive me. You can reply free via yahoo messenger.",0,207,long,1.0,0.0,0.0,yetunde im sorry moji seem busy able go shopping please find way get wanted us get please forgive reply free via yahoo messenger,0.8506224066390041
ham,Hey i will be really pretty late... You want to go for the lesson first? I will join you. I'm only reaching tp mrt,0,114,long,1.0,0.0,0.0,hey really pretty late want go lesson first join im reaching tp mrt,0.4647302904564315
spam,"HOT LIVE FANTASIES call now 08707509020 Just 20p per min NTT Ltd, PO Box 1327 Croydon CR9 5WB 0870..k",1,101,long,1.0,0.0,0.0,hot live fantasies call per min ntt ltd po box croydon cr wb,0.4107883817427386
ham,Bbq this sat at mine from 6ish. Ur welcome 2 come,0,49,medium,0.0,1.0,0.0,bbq sat mine ish ur welcome come,0.1950207468879668
ham,"I don't know, same thing that's wrong everyso often, he panicks starts goin on bout not bein good enough Û_",0,108,long,1.0,0.0,0.0,dont know thing thats wrong everyso often panicks starts goin bout bein good enough û,0.43983402489626555
ham,Alright. I'm out--have a good night!,0,36,short,0.0,0.0,1.0,alright im outhave good night,0.14107883817427386
ham,Did you try making another butt.,0,32,short,0.0,0.0,1.0,try making another butt,0.12448132780082988
ham,Hope you are feeling great. Pls fill me in. Abiola,0,50,medium,0.0,1.0,0.0,hope feeling great pls fill abiola,0.19917012448132781
ham,I though we shd go out n have some fun so bar in town or something ÛÒ sound ok?,0,80,medium,0.0,1.0,0.0,though shd go fun bar town something ûò sound ok,0.32365145228215764
ham,"1) Go to write msg 2) Put on Dictionary mode 3)Cover the screen with hand, 4)Press  &lt;#&gt; . 5)Gently remove Ur hand.. Its interesting..:)",0,141,long,1.0,0.0,0.0,go write msg put dictionary mode cover screen hand press ltgt gently remove ur hand interesting,0.5767634854771785
spam,"Bears Pic Nick, and Tom, Pete and ... Dick. In fact, all types try gay chat with photo upload call 08718730666 (10p/min). 2 stop texts call 08712460324",1,151,long,1.0,0.0,0.0,bears pic nick tom pete dick fact types try gay chat photo upload call pmin stop texts call,0.6182572614107884
spam,"500 New Mobiles from 2004, MUST GO! Txt: NOKIA to No: 89545 & collect yours today!From ONLY å£1 www.4-tc.biz 2optout 087187262701.50gbp/mtmsg18 TXTAUCTION",1,154,long,1.0,0.0,0.0,new mobiles must go txt nokia collect todayfrom å£ optout gbpmtmsg txtauction,0.6307053941908713
ham,We're finally ready fyi,0,23,short,0.0,0.0,1.0,finally ready fyi,0.08713692946058091
ham,Auntie huai juan never pick up her phone,0,40,medium,0.0,1.0,0.0,auntie huai juan never pick phone,0.15767634854771784
spam,Double Mins & Double Txt & 1/2 price Linerental on Latest Orange Bluetooth mobiles. Call MobileUpd8 for the very latest offers. 08000839402 or call2optout/LF56,1,159,long,1.0,0.0,0.0,double mins double txt price linerental latest orange bluetooth mobiles call mobileupd latest offers call optoutlf,0.6514522821576764
ham,"Ya tel, wats ur problem..",0,25,short,0.0,0.0,1.0,ya tel wats ur problem,0.09543568464730291
ham,i dnt wnt to tlk wid u,0,22,short,0.0,0.0,1.0,dnt wnt tlk wid,0.08298755186721991
ham,"We spend our days waiting for the ideal path to appear in front of us.. But what we forget is.. \paths are made by walking.. not by waiting..\"" Goodnight!""",0,155,long,1.0,0.0,0.0,spend days waiting ideal path appear front us forget paths made walking waiting goodnight,0.6348547717842324
ham,Its ok my arm is feeling weak cuz i got a shot so we can go another time,0,72,medium,0.0,1.0,0.0,ok arm feeling weak cuz got shot go another time,0.2904564315352697
ham,Please reserve ticket on saturday eve from chennai to thirunelvali and again from tirunelvali to chennai on sunday eve...i already see in net..no ticket available..i want to book ticket through tackle ..,0,203,long,1.0,0.0,0.0,please reserve ticket saturday eve chennai thirunelvali tirunelvali chennai sunday evei already see netno ticket availablei want book ticket tackle,0.8340248962655602
ham,That's ok. I popped in to ask bout something and she said you'd been in. Are you around tonght wen this girl comes?,0,115,long,1.0,0.0,0.0,thats ok popped ask bout something said youd around tonght wen girl comes,0.46887966804979253
ham,All e best 4 ur exam later.,0,27,short,0.0,0.0,1.0,best ur exam later,0.1037344398340249
ham,Hope ur head doesn't hurt 2 much ! Am ploughing my way through a pile of ironing ! Staying in with a chinky tonight come round if you like.,0,139,long,1.0,0.0,0.0,hope ur head doesnt hurt much ploughing way pile ironing staying chinky tonight come round like,0.5684647302904564
ham,Oh k.i think most of wi and nz players unsold.,0,46,medium,0.0,1.0,0.0,oh ki think wi nz players unsold,0.1825726141078838
ham,"Haha... Where got so fast lose weight, thk muz go 4 a month den got effect... Gee,later we go aust put bk e weight.",0,115,long,1.0,0.0,0.0,haha got fast lose weight thk muz go month den got effect geelater go aust put bk weight,0.46887966804979253
ham,"I wonder how you got online, my love ? Had you gone to the net cafe ? Did you get your phone recharged ? Were you on a friends net ? I think of you, boytoy",0,155,long,1.0,0.0,0.0,wonder got online love gone net cafe get phone recharged friends net think boytoy,0.6348547717842324
ham,"Haha just kidding, papa needs drugs",0,35,short,0.0,0.0,1.0,haha kidding papa needs drugs,0.13692946058091288
ham,"Thk shld b can... Ya, i wana go 4 lessons... Haha, can go for one whole stretch...",0,82,medium,0.0,1.0,0.0,thk shld ya wana go lessons haha go one whole stretch,0.33195020746887965
ham,Oh ok..,0,7,short,0.0,0.0,1.0,oh ok,0.020746887966804982
ham,R we still meeting 4 dinner tonight?,0,36,short,0.0,0.0,1.0,still meeting dinner tonight,0.14107883817427386
ham,Thats cool! I am a gentleman and will treat you with dignity and respect.,0,73,medium,0.0,1.0,0.0,thats cool gentleman treat dignity respect,0.29460580912863066
ham,Shall i start from hear.,0,24,short,0.0,0.0,1.0,shall start hear,0.09128630705394192
ham,Then we wait 4 u lor... No need 2 feel bad lar...,0,49,medium,0.0,1.0,0.0,wait lor need feel bad lar,0.1950207468879668
ham,No did you check? I got his detailed message now,0,48,medium,0.0,1.0,0.0,check got detailed message,0.19087136929460582
ham,You have registered Sinco as Payee. Log in at icicibank.com and enter URN  &lt;#&gt;  to confirm. Beware of frauds. Do NOT share or disclose URN to anyone.,0,155,long,1.0,0.0,0.0,registered sinco payee log icicibankcom enter urn ltgt confirm beware frauds share disclose urn anyone,0.6348547717842324
ham,"No, I decided that only people who care about stuff vote and caring about stuff is for losers",0,93,medium,0.0,1.0,0.0,decided people care stuff vote caring stuff losers,0.3775933609958506
ham,Kaiez... Enjoy ur tuition... Gee... Thk e second option sounds beta... I'll go yan jiu den msg u...,0,99,medium,0.0,1.0,0.0,kaiez enjoy ur tuition gee thk second option sounds beta ill go yan jiu den msg,0.40248962655601656
ham,cool. We will have fun practicing making babies!,0,48,medium,0.0,1.0,0.0,cool fun practicing making babies,0.19087136929460582
ham,Actually getting ready to leave the house.,0,42,medium,0.0,1.0,0.0,actually getting ready leave house,0.16597510373443983
ham,K..k..any special today?,0,24,short,0.0,0.0,1.0,kkany special today,0.09128630705394192
spam,"URGENT, IMPORTANT INFORMATION FOR O2 USER. TODAY IS YOUR LUCKY DAY! 2 FIND OUT WHY LOG ONTO HTTP://WWW.URAWINNER.COM THERE IS A FANTASTIC SURPRISE AWAITING FOR YOU",1,163,long,1.0,0.0,0.0,urgent important information user today lucky day find log onto fantastic surprise awaiting,0.6680497925311204
ham,Then we gotta do it after that,0,30,short,0.0,0.0,1.0,gotta,0.11618257261410789
ham,"I've got ten bucks, jay is being noncomittal",0,44,medium,0.0,1.0,0.0,ive got ten bucks jay noncomittal,0.17427385892116182
ham,Where at were hungry too,0,24,short,0.0,0.0,1.0,hungry,0.09128630705394192
ham,Pls speak to that customer machan.,0,34,short,0.0,0.0,1.0,pls speak customer machan,0.13278008298755187
ham,somewhere out there beneath the pale moon light someone think in of u some where out there where dreams come true... goodnite &amp; sweet dreams,0,144,long,1.0,0.0,0.0,somewhere beneath pale moon light someone think dreams come true goodnite amp sweet dreams,0.5892116182572614
spam,Dear U've been invited to XCHAT. This is our final attempt to contact u! Txt CHAT to 86688 150p/MsgrcvdHG/Suite342/2Lands/Row/W1J6HL LDN 18 yrs,1,143,long,1.0,0.0,0.0,dear uve invited xchat final attempt contact txt chat pmsgrcvdhgsuite landsroww hl ldn yrs,0.5850622406639004
ham,So wats ur opinion abt him and how abt is character?,0,52,medium,0.0,1.0,0.0,wats ur opinion abt abt character,0.2074688796680498
ham,Jay is snickering and tells me that x is totally fucking up the chords as we speak,0,82,medium,0.0,1.0,0.0,jay snickering tells totally fucking chords speak,0.33195020746887965
ham,No..few hours before.went to hair cut .,0,39,short,0.0,0.0,1.0,nofew hours beforewent hair cut,0.15352697095435686
ham,No wonder... Cos i dun rem seeing a silver car... But i thk i saw a black one...,0,80,medium,0.0,1.0,0.0,wonder cos dun rem seeing silver car thk saw black one,0.32365145228215764
ham,Lmao. Take a pic and send it to me.,0,35,short,0.0,0.0,1.0,lmao take pic send,0.13692946058091288
ham,"\Speak only when you feel your words are better than the silence...\"" Gud mrng:-)""",0,82,medium,0.0,1.0,0.0,speak feel words better silence gud mrng,0.33195020746887965
ham,No. She's currently in scotland for that.,0,41,medium,0.0,1.0,0.0,shes currently scotland,0.16182572614107885
ham,Do you work all this week ?,0,27,short,0.0,0.0,1.0,work week,0.1037344398340249
spam,Congratulations ur awarded either å£500 of CD gift vouchers & Free entry 2 our å£100 weekly draw txt MUSIC to 87066 TnCs www.Ldew.com 1 win150ppmx3age16,1,152,long,1.0,0.0,0.0,congratulations ur awarded either å£ cd gift vouchers free entry å£ weekly draw txt music tncs win ppmx age,0.6224066390041494
ham,Lol great now im getting hungry.,0,32,short,0.0,0.0,1.0,lol great im getting hungry,0.12448132780082988
ham,Yes.. now only saw your message..,0,33,short,0.0,0.0,1.0,yes saw message,0.1286307053941909
ham,I'll be at mu in like  &lt;#&gt;  seconds,0,41,medium,0.0,1.0,0.0,ill mu like ltgt seconds,0.16182572614107885
ham,THING R GOOD THANX GOT EXAMS IN MARCH IVE DONE NO REVISION? IS FRAN STILL WITH BOYF? IVE GOTTA INTERVIW 4 EXETER BIT WORRIED!x,0,126,long,1.0,0.0,0.0,thing good thanx got exams march ive done revision fran still boyf ive gotta interviw exeter bit worriedx,0.5145228215767635
ham,"Tell you what, if you make a little spreadsheet and track whose idea it was to smoke to determine who \smokes too much\"" for the entire month of february  I'll come up""",0,168,long,1.0,0.0,0.0,tell make little spreadsheet track whose idea smoke determine smokes much entire month february ill come,0.6887966804979253
spam,For sale - arsenal dartboard. Good condition but no doubles or trebles!,1,71,medium,0.0,1.0,0.0,sale arsenal dartboard good condition doubles trebles,0.2863070539419087
ham,Don't look back at the building because you have no coat and i don't want you to get more sick. Just hurry home and wear a coat to the gym!!!,0,141,long,1.0,0.0,0.0,dont look back building coat dont want get sick hurry home wear coat gym,0.5767634854771785
ham,"My painful personal thought- \I always try to keep everybody happy all the time. But nobody recognises me when i am alone\""""",0,124,long,1.0,0.0,0.0,painful personal thought always try keep everybody happy time nobody recognises alone,0.5062240663900415
ham,Thanks for ve lovely wisheds. You rock,0,38,short,0.0,0.0,1.0,thanks lovely wisheds rock,0.14937759336099585
ham,You intrepid duo you! Have a great time and see you both soon. ,0,63,medium,0.0,1.0,0.0,intrepid duo great time see soon,0.25311203319502074
ham,I asked sen to come chennai and search for job.,0,47,medium,0.0,1.0,0.0,asked sen come chennai search job,0.18672199170124482
ham,Dad went out oredi... ,0,22,short,0.0,0.0,1.0,dad went oredi,0.08298755186721991
ham,"I jus hope its true that  missin me cos i'm really missin him! You haven't done anything to feel guilty about, yet.",0,115,long,1.0,0.0,0.0,jus hope true missin cos im really missin havent done anything feel guilty yet,0.46887966804979253
ham,Wat so late still early mah. Or we juz go 4 dinner lor. Aiya i dunno...,0,71,medium,0.0,1.0,0.0,wat late still early mah juz go dinner lor aiya dunno,0.2863070539419087
ham,"Arms fine, how's Cardiff and uni? ",0,34,short,0.0,0.0,1.0,arms fine hows cardiff uni,0.13278008298755187
ham,In fact when do you leave? I think addie goes back to school tues or wed,0,72,medium,0.0,1.0,0.0,fact leave think addie goes back school tues wed,0.2904564315352697
ham,"Cool breeze... Bright sun... Fresh flower... Twittering birds... All these waiting to wish u: \GOODMORNING &amp; HAVE A NICE DAY\"" :)""",0,134,long,1.0,0.0,0.0,cool breeze bright sun fresh flower twittering birds waiting wish goodmorning amp nice day,0.5477178423236515
ham,Ya:)going for restaurant..,0,26,short,0.0,0.0,1.0,yagoing restaurant,0.09958506224066391
ham,"Its ok., i just askd did u knw tht no?",0,38,short,0.0,0.0,1.0,ok askd knw tht,0.14937759336099585
spam,Free 1st week entry 2 TEXTPOD 4 a chance 2 win 40GB iPod or å£250 cash every wk. Txt POD to 84128 Ts&Cs www.textpod.net custcare 08712405020.,1,141,long,1.0,0.0,0.0,free st week entry textpod chance win gb ipod å£ cash every wk txt pod tscs custcare,0.5767634854771785
ham,Those ducking chinchillas,0,25,short,0.0,0.0,1.0,ducking chinchillas,0.09543568464730291
ham,I am in a marriage function,0,27,short,0.0,0.0,1.0,marriage function,0.1037344398340249
ham,Looks like u wil b getting a headstart im leaving here bout 2.30ish but if u r desperate for my company I could head in earlier-we were goin to meet in rummer.,0,159,long,1.0,0.0,0.0,looks like wil getting headstart im leaving bout ish desperate company could head earlierwe goin meet rummer,0.6514522821576764
ham,DonÛ÷t give a flying monkeys wot they think and I certainly donÛ÷t mind. Any friend of mine and all that!,0,107,long,1.0,0.0,0.0,donû÷t give flying monkeys wot think certainly donû÷t mind friend mine,0.4356846473029045
spam,As a registered optin subscriber ur draw 4 å£100 gift voucher will be entered on receipt of a correct ans to 80062 Whats No1 in the BBC charts,1,142,long,1.0,0.0,0.0,registered optin subscriber ur draw å£ gift voucher entered receipt correct ans whats bbc charts,0.5809128630705395
ham,say thanks2. ,0,13,short,0.0,0.0,1.0,say thanks,0.04564315352697096
ham,Msg me when rajini comes.,0,25,short,0.0,0.0,1.0,msg rajini comes,0.09543568464730291
ham,Ya! when are Ì_ taking ure practical lessons? I start in june..  ,0,65,medium,0.0,1.0,0.0,ya taking ure practical lessons start june,0.2614107883817427
ham,"That's good, because I need drugs",0,33,short,0.0,0.0,1.0,thats good need drugs,0.1286307053941909
ham,Stupid.its not possible,0,23,short,0.0,0.0,1.0,stupidits possible,0.08713692946058091
ham,Can Ì_ all decide faster cos my sis going home liao..,0,53,medium,0.0,1.0,0.0,decide faster cos sis going home liao,0.21161825726141079
spam,Summers finally here! Fancy a chat or flirt with sexy singles in yr area? To get MATCHED up just reply SUMMER now. Free 2 Join. OptOut txt STOP Help08714742804,1,159,long,1.0,0.0,0.0,summers finally fancy chat flirt sexy singles yr area get matched reply summer free join optout txt stop help,0.6514522821576764
ham,U sleeping now.. Or you going to take? Haha.. I got spys wat.. Me online checking n replying mails lor..,0,104,long,1.0,0.0,0.0,sleeping going take haha got spys wat online checking replying mails lor,0.42323651452282157
spam,CLAIRE here am havin borin time & am now alone U wanna cum over 2nite? Chat now 09099725823 hope 2 C U Luv CLAIRE xx Callså£1/minmoremobsEMSPOBox45PO139WA,1,154,long,1.0,0.0,0.0,claire havin borin time alone wanna cum nite chat hope luv claire xx callså£ minmoremobsemspobox po wa,0.6307053941908713
spam,Bought one ringtone and now getting texts costing 3 pound offering more tones etc,1,81,medium,0.0,1.0,0.0,bought one ringtone getting texts costing pound offering tones etc,0.3278008298755187
ham,"Yalru lyfu astne chikku.. Bt innu mundhe lyf ali halla ke bilo (marriage)program edhae, so lyf is nt yet ovr chikku..ali vargu lyfu meow meow:-D",0,144,long,1.0,0.0,0.0,yalru lyfu astne chikku bt innu mundhe lyf ali halla ke bilo marriageprogram edhae lyf nt yet ovr chikkuali vargu lyfu meow meowd,0.5892116182572614
ham,Kinda. First one gets in at twelve! Aah. Speak tomo,0,51,medium,0.0,1.0,0.0,kinda first one gets twelve aah speak tomo,0.2033195020746888
spam,"09066362231 URGENT! Your mobile No 07xxxxxxxxx won a å£2,000 bonus caller prize on 02/06/03! this is the 2nd attempt to reach YOU! call 09066362231 ASAP!",1,153,long,1.0,0.0,0.0,urgent mobile xxxxxxxxx å£ bonus caller prize nd attempt reach call asap,0.6265560165975104
ham,Ok good then i later come find Ì_... C lucky i told Ì_ to go earlier... Later pple take finish Ì_ no more again...,0,114,long,1.0,0.0,0.0,ok good later come find lucky told go earlier later pple take finish,0.4647302904564315
ham,Wat makes u thk i'll fall down. But actually i thk i'm quite prone 2 falls. Lucky my dad at home i ask him come n fetch me already.,0,131,long,1.0,0.0,0.0,wat makes thk ill fall actually thk im quite prone falls lucky dad home ask come fetch already,0.5352697095435685
spam,"YOU 07801543489 are guaranteed the latests Nokia Phone, a 40GB iPod MP3 player or a å£500 prize! Txt word:COLLECT to No:83355! TC-LLC NY-USA 150p/Mt msgrcvd18+",1,159,long,1.0,0.0,0.0,guaranteed latests nokia phone gb ipod mp player å£ prize txt wordcollect tcllc nyusa pmt msgrcvd,0.6514522821576764
ham,I wont touch you with out your permission.,0,42,medium,0.0,1.0,0.0,wont touch permission,0.16597510373443983
spam,Hi its LUCY Hubby at meetins all day Fri & I will B alone at hotel U fancy cumin over? Pls leave msg 2day 09099726395 Lucy x Callså£1/minMobsmoreLKPOBOX177HP51FL,1,161,long,1.0,0.0,0.0,hi lucy hubby meetins day fri alone hotel fancy cumin pls leave msg day lucy callså£ minmobsmorelkpobox hp fl,0.6597510373443983
ham,"7 wonders in My WORLD 7th You 6th Ur style 5th Ur smile 4th Ur Personality 3rd Ur Nature 2nd Ur SMS and 1st \Ur Lovely Friendship\""... good morning dear""",0,153,long,1.0,0.0,0.0,wonders world th th ur style th ur smile th ur personality rd ur nature nd ur sms st ur lovely friendship good morning dear,0.6265560165975104
ham,Take some small dose tablet for fever,0,37,short,0.0,0.0,1.0,take small dose tablet fever,0.14522821576763487
ham,Oh. U must have taken your REAL Valentine out shopping first.,0,61,medium,0.0,1.0,0.0,oh must taken real valentine shopping first,0.24481327800829875
ham,"Just sent you an email ÛÒ to an address with incomm in it, is that right?",0,74,medium,0.0,1.0,0.0,sent email ûò address incomm right,0.2987551867219917
ham,"Will do, you gonna be at blake's all night? I might be able to get out of here a little early",0,93,medium,0.0,1.0,0.0,gonna blakes night might able get little early,0.3775933609958506
ham,"Friendship is not a game to play, It is not a word to say, It doesn\'t start on March and ends on May, It is tomorrow, yesterday, today and e",0,141,long,1.0,0.0,0.0,friendship game play word say doesnt start march ends may tomorrow yesterday today,0.5767634854771785
ham,"Nice. Wait...should you be texting right now? I'm not gonna pay your ticket, ya know!",0,85,medium,0.0,1.0,0.0,nice waitshould texting right im gonna pay ticket ya know,0.34439834024896265
ham,I'm watching lotr w my sis dis aft. So u wan 2 meet me 4 dinner at nite a not?,0,78,medium,0.0,1.0,0.0,im watching lotr sis dis aft wan meet dinner nite,0.3153526970954357
ham,Why you keeping me away like this,0,33,short,0.0,0.0,1.0,keeping away like,0.1286307053941909
ham,I think its far more than that but find out. Check google maps for a place from your dorm.,0,90,medium,0.0,1.0,0.0,think far find check google maps place dorm,0.3651452282157676
ham,My trip was ok but quite tiring lor. Uni starts today but it's ok 4 me cos i'm not taking any modules but jus concentrating on my final yr project.,0,147,long,1.0,0.0,0.0,trip ok quite tiring lor uni starts today ok cos im taking modules jus concentrating final yr project,0.6016597510373445
ham,Have you always been saying welp?,0,33,short,0.0,0.0,1.0,always saying welp,0.1286307053941909
ham,"I'm a guy, browsin is compulsory",0,32,short,0.0,0.0,1.0,im guy browsin compulsory,0.12448132780082988
ham,Purity of friendship between two is not about smiling after reading the forwarded message..Its about smiling just by seeing the name. Gud evng musthu,0,149,long,1.0,0.0,0.0,purity friendship two smiling reading forwarded messageits smiling seeing name gud evng musthu,0.6099585062240664
ham,"(I should add that I don't really care and if you can't I can at least get this dude to fuck off but hey, your money if you want it)",0,132,long,1.0,0.0,0.0,add dont really care cant least get dude fuck hey money want,0.5394190871369295
ham,"Hello lover! How goes that new job? Are you there now? Are you happy? Do you think of me? I wake, my slave and send you a teasing kiss from across the sea",0,154,long,1.0,0.0,0.0,hello lover goes new job happy think wake slave send teasing kiss across sea,0.6307053941908713
ham,I told your number to gautham..,0,31,short,0.0,0.0,1.0,told number gautham,0.12033195020746887
ham,Tell them no need to investigate about me anywhere.,0,51,medium,0.0,1.0,0.0,tell need investigate anywhere,0.2033195020746888
ham,Ok i juz receive..,0,18,short,0.0,0.0,1.0,ok juz receive,0.06639004149377593
ham,"Cant believe i said so many things to you this morning when all i really wanted to say was good morning, i love you! Have a beautiful morning. See you in the library later.",0,172,long,1.0,0.0,0.0,cant believe said many things morning really wanted say good morning love beautiful morning see library later,0.7053941908713693
spam,"Your account has been credited with 500 FREE Text Messages. To activate, just txt the word: CREDIT to No: 80488 T&Cs www.80488.biz",1,130,long,1.0,0.0,0.0,account credited free text messages activate txt word credit tcs,0.5311203319502075
ham,In the end she might still vomit but its okay. Not everything will come out.,0,76,medium,0.0,1.0,0.0,end might still vomit okay everything come,0.30705394190871366
ham,How are you with moneY...as in to you...money aint a thing....how are you sha!,0,78,medium,0.0,1.0,0.0,moneyas youmoney aint thinghow sha,0.3153526970954357
ham,It has everything to do with the weather. Keep extra warm. Its a cold but nothing serious. Pls lots of vitamin c,0,112,long,1.0,0.0,0.0,everything weather keep extra warm cold nothing serious pls lots vitamin,0.45643153526970953
ham,Hey gals.. Anyone of u going down to e driving centre tmr?,0,58,medium,0.0,1.0,0.0,hey gals anyone going driving centre tmr,0.23236514522821577
ham,I'm always on yahoo messenger now. Just send the message to me and i.ll get it you may have to send it in the mobile mode sha but i.ll get it. And will reply.,0,158,long,1.0,0.0,0.0,im always yahoo messenger send message ill get may send mobile mode sha ill get reply,0.6473029045643154
ham,I'm putting it on now. It should be ready for  &lt;TIME&gt; ,0,60,medium,0.0,1.0,0.0,im putting ready lttimegt,0.24066390041493776
ham,"Time n Smile r the two crucial things in our life. Sometimes time makes us to forget smile, and sometimes someone's smile makes us to forget time gud noon",0,154,long,1.0,0.0,0.0,time smile two crucial things life sometimes time makes us forget smile sometimes someones smile makes us forget time gud noon,0.6307053941908713
spam,"SMS. ac JSco: Energy is high, but u may not know where 2channel it. 2day ur leadership skills r strong. Psychic? Reply ANS w/question. End? Reply END JSCO",1,154,long,1.0,0.0,0.0,sms ac jsco energy high may know channel day ur leadership skills strong psychic reply ans wquestion end reply end jsco,0.6307053941908713
ham,Host-based IDPS for linux systems.,0,34,short,0.0,0.0,1.0,hostbased idps linux systems,0.13278008298755187
spam,"HOT LIVE FANTASIES call now 08707509020 Just 20p per min NTT Ltd, PO Box 1327 Croydon CR9 5WB 0870 is a national rate call",1,122,long,1.0,0.0,0.0,hot live fantasies call per min ntt ltd po box croydon cr wb national rate call,0.49792531120331945
ham,Don no da:)whats you plan?,0,26,short,0.0,0.0,1.0,dawhats plan,0.09958506224066391
ham,Ill be there on  &lt;#&gt;  ok.,0,31,short,0.0,0.0,1.0,ill ltgt ok,0.12033195020746887
ham,Oh my God. I'm almost home,0,26,short,0.0,0.0,1.0,oh god im almost home,0.09958506224066391
ham,Total video converter free download type this in google search:),0,64,medium,0.0,1.0,0.0,total video converter free download type google search,0.2572614107883817
spam,Thanks for the Vote. Now sing along with the stars with Karaoke on your mobile. For a FREE link just reply with SING now.,1,121,long,1.0,0.0,0.0,thanks vote sing along stars karaoke mobile free link reply sing,0.4937759336099585
ham,Sounds like something that someone testing me would sayy,0,56,medium,0.0,1.0,0.0,sounds like something someone testing would sayy,0.22406639004149378
ham,When u love someone Dont make them to love u as much as u do. But Love them so much that they dont want to be loved by anyone except you... Gud nit.,0,148,long,1.0,0.0,0.0,love someone dont make love much love much dont want loved anyone except gud nit,0.6058091286307055
ham,"Pete,is this your phone still? Its Jenny from college and Leanne.what are you up to now?:)",0,90,medium,0.0,1.0,0.0,peteis phone still jenny college leannewhat,0.3651452282157676
ham,Oops sorry. Just to check that you don't mind picking me up tomo at half eight from station. Would that be ok?,0,110,long,1.0,0.0,0.0,oops sorry check dont mind picking tomo half eight station would ok,0.4481327800829875
ham,Hows the champ just leaving glasgow!,0,36,short,0.0,0.0,1.0,hows champ leaving glasgow,0.14107883817427386
ham,K:)all the best:)congrats...,0,28,short,0.0,0.0,1.0,kall bestcongrats,0.1078838174273859
ham,I wonder if you'll get this text?,0,33,short,0.0,0.0,1.0,wonder youll get text,0.1286307053941909
ham,I need to come home and give you some good lovin...,0,51,medium,0.0,1.0,0.0,need come home give good lovin,0.2033195020746888
spam,Our brand new mobile music service is now live. The free music player will arrive shortly. Just install on your phone to browse content from the top artists.,1,157,long,1.0,0.0,0.0,brand new mobile music service live free music player arrive shortly install phone browse content top artists,0.6431535269709544
ham,Shall i ask one thing if you dont mistake me.,0,45,medium,0.0,1.0,0.0,shall ask one thing dont mistake,0.17842323651452283
ham,Check wid corect speling i.e. Sarcasm,0,37,short,0.0,0.0,1.0,check wid corect speling ie sarcasm,0.14522821576763487
spam,"URGENT! Your Mobile No was awarded a å£2,000 Bonus Caller Prize on 1/08/03! This is our 2nd attempt to contact YOU! Call 0871-4719-523 BOX95QU BT National Rate",1,159,long,1.0,0.0,0.0,urgent mobile awarded å£ bonus caller prize nd attempt contact call box qu bt national rate,0.6514522821576764
ham,Are you angry with me. What happen dear,0,39,short,0.0,0.0,1.0,angry happen dear,0.15352697095435686
ham,I thk u dun haf 2 hint in e forum already lor... Cos i told ron n darren is going 2 tell shuhui.,0,96,medium,0.0,1.0,0.0,thk dun haf hint forum already lor cos told ron darren going tell shuhui,0.3900414937759336
ham,Yup ok thanx...,0,15,short,0.0,0.0,1.0,yup ok thanx,0.05394190871369295
ham,Hi:)cts employee how are you?,0,29,short,0.0,0.0,1.0,hicts employee,0.11203319502074689
ham,Pls pls find out from aunt nike.,0,32,short,0.0,0.0,1.0,pls pls find aunt nike,0.12448132780082988
ham,"Wow ... I love you sooo much, you know ? I can barely stand it ! I wonder how your day goes and if you are well, my love ... I think of you and miss you",0,152,long,1.0,0.0,0.0,wow love sooo much know barely stand wonder day goes well love think miss,0.6224066390041494
ham,No screaming means shouting..,0,29,short,0.0,0.0,1.0,screaming means shouting,0.11203319502074689
ham,Hey what happen de. Are you alright.,0,36,short,0.0,0.0,1.0,hey happen de alright,0.14107883817427386
ham,Should I have picked up a receipt or something earlier,0,54,medium,0.0,1.0,0.0,picked receipt something earlier,0.2157676348547718
ham,I think chennai well settled?,0,29,short,0.0,0.0,1.0,think chennai well settled,0.11203319502074689
ham,Oh dang! I didn't mean o send that to you! Lol!,0,47,medium,0.0,1.0,0.0,oh dang didnt mean send lol,0.18672199170124482
ham,Unfortunately i've just found out that we have to pick my sister up from the airport that evening so don't think i'll be going out at all. We should try to go out one of th,0,172,long,1.0,0.0,0.0,unfortunately ive found pick sister airport evening dont think ill going try go one th,0.7053941908713693
ham,Horrible bf... I now v hungry...,0,32,short,0.0,0.0,1.0,horrible bf hungry,0.12448132780082988
ham,Remember on that day..,0,22,short,0.0,0.0,1.0,remember day,0.08298755186721991
spam,You have won a Nokia 7250i. This is what you get when you win our FREE auction. To take part send Nokia to 86021 now. HG/Suite342/2Lands Row/W1JHL 16+,1,150,long,1.0,0.0,0.0,nokia get win free auction take part send nokia hgsuite lands roww jhl,0.6141078838174274
ham,How's it feel? Mr. Your not my real Valentine just my yo Valentine even tho u hardly play!!,0,91,medium,0.0,1.0,0.0,hows feel mr real valentine yo valentine even tho hardly play,0.3692946058091286
ham,All sounds good. Fingers . Makes it difficult to type,0,53,medium,0.0,1.0,0.0,sounds good fingers makes difficult type,0.21161825726141079
ham,Midnight at the earliest,0,24,short,0.0,0.0,1.0,midnight earliest,0.09128630705394192
ham,You're not sure that I'm not trying to make xavier smoke because I don't want to smoke after being told I smoke too much?,0,121,long,1.0,0.0,0.0,youre sure im trying make xavier smoke dont want smoke told smoke much,0.4937759336099585
ham,K come to nordstrom when you're done,0,36,short,0.0,0.0,1.0,come nordstrom youre done,0.14107883817427386
ham,Do u konw waht is rael FRIENDSHIP Im gving yuo an exmpel: Jsut ese tihs msg.. Evrey splleing of tihs msg is wrnog.. Bt sitll yuo can raed it wihtuot ayn mitsake.. GOODNIGHT &amp; HAVE A NICE SLEEP..SWEET DREAMS..,0,212,long,1.0,0.0,0.0,konw waht rael friendship im gving yuo exmpel jsut ese tihs msg evrey splleing tihs msg wrnog bt sitll yuo raed wihtuot ayn mitsake goodnight amp nice sleepsweet dreams,0.8713692946058091
ham,Now press conference da:),0,25,short,0.0,0.0,1.0,press conference da,0.09543568464730291
spam,"Hello from Orange. For 1 month's free access to games, news and sport, plus 10 free texts and 20 photo messages, reply YES. Terms apply: www.orange.co.uk/ow",1,156,long,1.0,0.0,0.0,hello orange months free access games news sport plus free texts photo messages reply yes terms apply,0.6390041493775934
ham,After completed degree. There is no use in joining finance.,0,59,medium,0.0,1.0,0.0,completed degree use joining finance,0.23651452282157676
ham,"Good afternoon, my love ! Any job prospects ? Are you missing me ? What do you do ? Are you being lazy and bleak, hmmm ? Or happy and filled with my love ?",0,155,long,1.0,0.0,0.0,good afternoon love job prospects missing lazy bleak hmmm happy filled love,0.6348547717842324
ham,Shant disturb u anymore... Jia you...,0,37,short,0.0,0.0,1.0,shant disturb anymore jia,0.14522821576763487
ham,Bishan lar nearer... No need buy so early cos if buy now i gotta park my car...,0,79,medium,0.0,1.0,0.0,bishan lar nearer need buy early cos buy gotta park car,0.31950207468879666
ham,"Me, i dont know again oh",0,24,short,0.0,0.0,1.0,dont know oh,0.09128630705394192
ham,Dude sux for snake. He got old and raiden got buff,0,50,medium,0.0,1.0,0.0,dude sux snake got old raiden got buff,0.19917012448132781
ham,He says hi and to get your ass back to south tampa (preferably at a kegger),0,75,medium,0.0,1.0,0.0,says hi get ass back south tampa preferably kegger,0.3029045643153527
ham,In e msg jus now. U said thanks for gift.,0,41,medium,0.0,1.0,0.0,msg jus said thanks gift,0.16182572614107885
ham,U too...,0,8,short,0.0,0.0,1.0,,0.024896265560165977
ham,Ok how you dear. Did you call chechi,0,36,short,0.0,0.0,1.0,ok dear call chechi,0.14107883817427386
ham,Yeah we do totes. When u wanna?,0,31,short,0.0,0.0,1.0,yeah totes wanna,0.12033195020746887
ham,Ok i found dis pierre cardin one which looks normal costs 20 its on sale.,0,73,medium,0.0,1.0,0.0,ok found dis pierre cardin one looks normal costs sale,0.29460580912863066
ham,Good sleep is about rhythm. The person has to establish a rhythm that the body will learn and use. If you want to know more :-),0,127,long,1.0,0.0,0.0,good sleep rhythm person establish rhythm body learn use want know,0.5186721991701245
ham,Wat r u doing?,0,14,short,0.0,0.0,1.0,wat,0.049792531120331954
ham,Message from . I am at Truro Hospital on ext. You can phone me here. as I have a phone by my side,0,97,medium,0.0,1.0,0.0,message truro hospital ext phone phone side,0.3941908713692946
ham,"Single line with a big meaning::::: \Miss anything 4 ur \""Best Life\"" but  don't miss ur best life for anything... Gud nyt...""",0,126,long,1.0,0.0,0.0,single line big meaning miss anything ur best life dont miss ur best life anything gud nyt,0.5145228215767635
ham,"Just got some gas money, any chance you and the gang want to go on a grand nature adventure?",0,92,medium,0.0,1.0,0.0,got gas money chance gang want go grand nature adventure,0.3734439834024896
ham,Dnt worry...use ice pieces in a cloth pack.also take 2 tablets.,0,63,medium,0.0,1.0,0.0,dnt worryuse ice pieces cloth packalso take tablets,0.25311203319502074
ham,Dude just saw a parked car with its sunroof popped up. Sux,0,58,medium,0.0,1.0,0.0,dude saw parked car sunroof popped sux,0.23236514522821577
ham,Get ready to put on your excellent sub face :),0,46,medium,0.0,1.0,0.0,get ready put excellent sub face,0.1825726141078838
ham,Tmrw. Im finishing 9 doors,0,26,short,0.0,0.0,1.0,tmrw im finishing doors,0.09958506224066391
ham,"The  &lt;#&gt; g that i saw a few days ago, the guy wants sell wifi only for  &lt;#&gt;  and with 3g for  &lt;#&gt; . That's why i blanked him.",0,143,long,1.0,0.0,0.0,ltgt saw days ago guy wants sell wifi ltgt ltgt thats blanked,0.5850622406639004
ham,I am late. I will be there at,0,29,short,0.0,0.0,1.0,late,0.11203319502074689
ham,"whatever, im pretty pissed off.",0,31,short,0.0,0.0,1.0,whatever im pretty pissed,0.12033195020746887
ham,I dont have that much image in class.,0,37,short,0.0,0.0,1.0,dont much image class,0.14522821576763487
ham,No:-)i got rumour that you going to buy apartment in chennai:-),0,63,medium,0.0,1.0,0.0,noi got rumour going buy apartment chennai,0.25311203319502074
ham,Near kalainar tv office.thenampet,0,33,short,0.0,0.0,1.0,near kalainar tv officethenampet,0.1286307053941909
spam,Ur cash-balance is currently 500 pounds - to maximize ur cash-in now send GO to 86688 only 150p/msg. CC 08718720201 HG/Suite342/2Lands Row/W1J6HL,1,145,long,1.0,0.0,0.0,ur cashbalance currently pounds maximize ur cashin send go pmsg cc hgsuite lands roww hl,0.5933609958506224
spam,SMS AUCTION - A BRAND NEW Nokia 7250 is up 4 auction today! Auction is FREE 2 join & take part! Txt NOKIA to 86021 now! HG/Suite342/2Lands Row/W1J6HL,1,149,long,1.0,0.0,0.0,sms auction brand new nokia auction today auction free join take part txt nokia hgsuite lands roww hl,0.6099585062240664
ham,My sis is catching e show in e afternoon so i'm not watching w her. So c u wan 2 watch today or tmr lor.,0,104,long,1.0,0.0,0.0,sis catching show afternoon im watching wan watch today tmr lor,0.42323651452282157
ham,"Sounds gd... Haha... Can... Wah, u yan jiu so fast liao...",0,58,medium,0.0,1.0,0.0,sounds gd haha wah yan jiu fast liao,0.23236514522821577
ham,No. To be nosy I guess. Idk am I over reacting if I'm freaked?,0,62,medium,0.0,1.0,0.0,nosy guess idk reacting im freaked,0.24896265560165973
ham,"Remember all those whom i hurt during days of satanic imposter in me.need to pay a price,so be it.may destiny keep me going and as u said pray that i get the mind to get over the same.",0,184,long,1.0,0.0,0.0,remember hurt days satanic imposter meneed pay priceso itmay destiny keep going said pray get mind get,0.7551867219917012
ham,"Why is that, princess? I bet the brothas are all chasing you!",0,61,medium,0.0,1.0,0.0,princess bet brothas chasing,0.24481327800829875
ham,"I shall book chez jules for half eight, if that's ok with you?",0,62,medium,0.0,1.0,0.0,shall book chez jules half eight thats ok,0.24896265560165973
ham,Hhahhaahahah rofl wtf nig was leonardo in your room or something,0,64,medium,0.0,1.0,0.0,hhahhaahahah rofl wtf nig leonardo room something,0.2572614107883817
ham,"Yep, at derek's house now, see you Sunday &lt;3",0,47,medium,0.0,1.0,0.0,yep dereks house see sunday lt,0.18672199170124482
ham,"It's cool, let me know before it kicks off around  &lt;#&gt; , I'll be out and about all day",0,92,medium,0.0,1.0,0.0,cool let know kicks around ltgt ill day,0.3734439834024896
ham,There are no other charges after transfer charges and you can withdraw anyhow you like,0,86,medium,0.0,1.0,0.0,charges transfer charges withdraw anyhow like,0.34854771784232363
ham,"Dont search love, let love find U. Thats why its called falling in love, bcoz U dont force yourself, U just fall and U know there is smeone to hold U... BSLVYL",0,159,long,1.0,0.0,0.0,dont search love let love find thats called falling love bcoz dont force fall know smeone hold bslvyl,0.6514522821576764
ham,At 4. Let's go to bill millers,0,30,short,0.0,0.0,1.0,lets go bill millers,0.11618257261410789
ham,I love you. You set my soul on fire. It is not just a spark. But it is a flame. A big rawring flame. XoXo,0,105,long,1.0,0.0,0.0,love set soul fire spark flame big rawring flame xoxo,0.42738589211618255
ham,"Somewhr someone is surely made 4 u. And God has decided a perfect time to make u meet dat person. . . . till den, . . . . . Enjoy ur crushes..!!!;-)",0,148,long,1.0,0.0,0.0,somewhr someone surely made god decided perfect time make meet dat person till den enjoy ur crushes,0.6058091286307055
ham,That's my honeymoon outfit. :),0,30,short,0.0,0.0,1.0,thats honeymoon outfit,0.11618257261410789
ham,Will it help if we propose going back again tomorrow,0,52,medium,0.0,1.0,0.0,help propose going back tomorrow,0.2074688796680498
spam,PRIVATE! Your 2003 Account Statement for shows 800 un-redeemed S. I. M. points. Call 08719899230 Identifier Code: 41685 Expires 07/11/04,1,136,long,1.0,0.0,0.0,private account statement shows unredeemed points call identifier code expires,0.5560165975103735
ham,Never blame a day in ur life. Good days give u happiness. Bad days give u experience. Both are essential in life! All are Gods blessings! good morning.:,0,152,long,1.0,0.0,0.0,never blame day ur life good days give happiness bad days give experience essential life gods blessings good morning,0.6224066390041494
ham,Pls confirm the time to collect the cheque.,0,43,medium,0.0,1.0,0.0,pls confirm time collect cheque,0.17012448132780084
spam,As a Registered Subscriber yr draw 4 a å£100 gift voucher will b entered on receipt of a correct ans. When are the next olympics. Txt ans to 80062,1,146,long,1.0,0.0,0.0,registered subscriber yr draw å£ gift voucher entered receipt correct ans next olympics txt ans,0.5975103734439834
spam,URGENT! Your Mobile number has been awarded with a å£2000 prize GUARANTEED. Call 09061790121 from land line. Claim 3030. Valid 12hrs only 150ppm,1,144,long,1.0,0.0,0.0,urgent mobile number awarded å£ prize guaranteed call land line claim valid hrs ppm,0.5892116182572614
ham,Daddy will take good care of you :),0,35,short,0.0,0.0,1.0,daddy take good care,0.13692946058091288
ham,"Yeah probably, I still gotta check out with leo",0,47,medium,0.0,1.0,0.0,yeah probably still gotta check leo,0.18672199170124482
ham,K.then any other special?,0,25,short,0.0,0.0,1.0,kthen special,0.09543568464730291
ham,Carlos is taking his sweet time as usual so let me know when you and patty are done/want to smoke and I'll tell him to haul ass,0,127,long,1.0,0.0,0.0,carlos taking sweet time usual let know patty donewant smoke ill tell haul ass,0.5186721991701245
ham,Ok pa. Nothing problem:-),0,25,short,0.0,0.0,1.0,ok pa nothing problem,0.09543568464730291
ham,Have you heard about that job? I'm going to that wildlife talk again tonight if u want2come. Its that2worzels and a wizzle or whatever it is?! ,0,143,long,1.0,0.0,0.0,heard job im going wildlife talk tonight want come worzels wizzle whatever,0.5850622406639004
ham,"God picked up a flower and dippeditinaDEW, lovingly touched itwhichturnedinto u, and the he gifted tomeandsaid,THIS FRIEND IS 4U",0,128,long,1.0,0.0,0.0,god picked flower dippeditinadew lovingly touched itwhichturnedinto gifted tomeandsaidthis friend,0.5228215767634855
ham,When you came to hostel.,0,24,short,0.0,0.0,1.0,came hostel,0.09128630705394192
ham,Ok no prob... I'll come after lunch then...,0,43,medium,0.0,1.0,0.0,ok prob ill come lunch,0.17012448132780084
ham,Jus telling u dat i'll b leaving 4 shanghai on 21st instead so we'll haf more time 2 meet up cya...,0,99,medium,0.0,1.0,0.0,jus telling dat ill leaving shanghai st instead well haf time meet cya,0.40248962655601656
ham,Are your freezing ? Are you home yet ? Will you remember to kiss your mom in the morning? Do you love me ? Do you think of me ? Are you missing me yet ?,0,152,long,1.0,0.0,0.0,freezing home yet remember kiss mom morning love think missing yet,0.6224066390041494
ham,You all ready for * big day tomorrow?,0,37,short,0.0,0.0,1.0,ready big day tomorrow,0.14522821576763487
ham,I'll probably be around mu a lot,0,32,short,0.0,0.0,1.0,ill probably around mu lot,0.12448132780082988
ham,645,0,3,short,0.0,0.0,1.0,,0.004149377593360997
spam,RT-KIng Pro Video Club>> Need help? info@ringtoneking.co.uk or call 08701237397 You must be 16+ Club credits redeemable at www.ringtoneking.co.uk! Enjoy!,1,153,long,1.0,0.0,0.0,rtking pro video club need help inforingtonekingcouk call must club credits redeemable enjoy,0.6265560165975104
ham,Thnx dude. u guys out 2nite?,0,28,short,0.0,0.0,1.0,thnx dude guys nite,0.1078838174273859
ham,Me sef dey laugh you. Meanwhile how's my darling anjie!,0,55,medium,0.0,1.0,0.0,sef dey laugh meanwhile hows darling anjie,0.21991701244813278
ham,Mm i had my food da from out,0,28,short,0.0,0.0,1.0,mm food da,0.1078838174273859
ham,"K, makes sense, btw carlos is being difficult so you guys are gonna smoke while I go pick up the second batch and get gas",0,121,long,1.0,0.0,0.0,makes sense btw carlos difficult guys gonna smoke go pick second batch get gas,0.4937759336099585
ham,Did u download the fring app?,0,29,short,0.0,0.0,1.0,download fring app,0.11203319502074689
ham,The 2 oz guy is being kinda flaky but one friend is interested in picking up $ &lt;#&gt;  worth tonight if possible,0,115,long,1.0,0.0,0.0,oz guy kinda flaky one friend interested picking ltgt worth tonight possible,0.46887966804979253
ham,Friends that u can stay on fb chat with,0,39,short,0.0,0.0,1.0,friends stay fb chat,0.15352697095435686
ham,"Fuck babe, I miss you sooooo much !! I wish you were here to sleep with me ... My bed is so lonely ... I go now, to sleep ... To dream of you, my love ...",0,154,long,1.0,0.0,0.0,fuck babe miss sooooo much wish sleep bed lonely go sleep dream love,0.6307053941908713
ham,"Living is very simple.. Loving is also simple.. Laughing is too simple.. Winning is tooo simple.. But, being 'SIMPLE' is very difficult.. Gud nte.:-",0,148,long,1.0,0.0,0.0,living simple loving also simple laughing simple winning tooo simple simple difficult gud nte,0.6058091286307055
spam,U have a secret admirer who is looking 2 make contact with U-find out who they R*reveal who thinks UR so special-call on 09058094599,1,132,long,1.0,0.0,0.0,secret admirer looking make contact ufind rreveal thinks ur specialcall,0.5394190871369295
ham,"Ah, well that confuses things, doesnÛ÷t it?",0,44,medium,0.0,1.0,0.0,ah well confuses things doesnû÷t,0.17427385892116182
spam,500 free text msgs. Just text ok to 80488 and we'll credit your account,1,71,medium,0.0,1.0,0.0,free text msgs text ok well credit account,0.2863070539419087
ham,Hi Dear Call me its urgnt. I don't know whats your problem. You don't want to work or if you have any other problem at least tell me. Wating for your reply.,0,156,long,1.0,0.0,0.0,hi dear call urgnt dont know whats problem dont want work problem least tell wating reply,0.6390041493775934
ham,Dear how you. Are you ok?,0,25,short,0.0,0.0,1.0,dear ok,0.09543568464730291
spam,"You have been selected to stay in 1 of 250 top British hotels - FOR NOTHING! Holiday Worth å£350! To Claim, Call London 02072069400. Bx 526, SW73SS",1,147,long,1.0,0.0,0.0,selected stay top british hotels nothing holiday worth å£ claim call london bx sw ss,0.6016597510373445
ham,Yes princess! I want to make you happy...,0,41,medium,0.0,1.0,0.0,yes princess want make happy,0.16182572614107885
ham,Sounds like you have many talents! would you like to go on a dinner date next week?,0,83,medium,0.0,1.0,0.0,sounds like many talents would like go dinner date next week,0.33609958506224064
ham,I am going to film 2day da. At 6pm. Sorry da.,0,45,medium,0.0,1.0,0.0,going film day da pm sorry da,0.17842323651452283
ham,We not watching movie already. Xy wants 2 shop so i'm shopping w her now.,0,73,medium,0.0,1.0,0.0,watching movie already xy wants shop im shopping,0.29460580912863066
ham,Hello my little party animal! I just thought I'd buzz you as you were with your friends ...*grins*... Reminding you were loved and send a naughty adoring kiss,0,158,long,1.0,0.0,0.0,hello little party animal thought id buzz friends grins reminding loved send naughty adoring kiss,0.6473029045643154
ham,Yesterday its with me only . Now am going home.,0,47,medium,0.0,1.0,0.0,yesterday going home,0.18672199170124482
spam,"Eerie Nokia tones 4u, rply TONE TITLE to 8007 eg TONE DRACULA to 8007 Titles: GHOST, ADDAMSFA, MUNSTERS, EXORCIST, TWILIGHT www.getzed.co.uk POBox36504W45WQ 150p",1,161,long,1.0,0.0,0.0,eerie nokia tones rply tone title eg tone dracula titles ghost addamsfa munsters exorcist twilight pobox wq,0.6597510373443983
ham,"You have come into my life and brought the sun ..Shiny down on me, warming my heart. Putting a constant smile on my face ... Making me feel loved and cared for",0,159,long,1.0,0.0,0.0,come life brought sun shiny warming heart putting constant smile face making feel loved cared,0.6514522821576764
ham,"No shit, but I wasn't that surprised, so I went and spent the evening with that french guy I met in town here and we fooled around a bit but I didn't let him fuck me",0,165,long,1.0,0.0,0.0,shit wasnt surprised went spent evening french guy met town fooled around bit didnt let fuck,0.6763485477178424
spam,"0A$NETWORKS allow companies to bill for SMS, so they are responsible for their \suppliers\""  just as a shop has to give a guarantee on what they sell. B. G.""",1,157,long,1.0,0.0,0.0,anetworks allow companies bill sms responsible suppliers shop give guarantee sell,0.6431535269709544
ham,Great comedy..cant stop laughing da:),0,37,short,0.0,0.0,1.0,great comedycant stop laughing da,0.14522821576763487
spam,FreeMsg:Feelin kinda lnly hope u like 2 keep me company! Jst got a cam moby wanna c my pic?Txt or reply DATE to 82242 Msg150p 2rcv Hlp 08712317606 stop to 82242,1,160,long,1.0,0.0,0.0,freemsgfeelin kinda lnly hope like keep company jst got cam moby wanna pictxt reply date msg rcv hlp stop,0.6556016597510373
ham,"Alright, we're all set here, text the man",0,41,medium,0.0,1.0,0.0,alright set text man,0.16182572614107885
ham,"Hi , where are you? We're at  and they're not keen to go out i kind of am but feel i shouldn't so can we go out tomo, don't mind do you?",0,136,long,1.0,0.0,0.0,hi theyre keen go kind feel shouldnt go tomo dont mind,0.5560165975103735
ham,Sleeping nt feeling well,0,24,short,0.0,0.0,1.0,sleeping nt feeling well,0.09128630705394192
ham,U WILL SWITCH YOUR FONE ON DAMMIT!!,0,35,short,0.0,0.0,1.0,switch fone dammit,0.13692946058091288
ham,India have to take lead:),0,25,short,0.0,0.0,1.0,india take lead,0.09543568464730291
ham,I.ll post her out l8r. In class,0,31,short,0.0,0.0,1.0,ill post class,0.12033195020746887
ham,Thts wat Wright Brother did to fly..,0,36,short,0.0,0.0,1.0,thts wat wright brother fly,0.14107883817427386
ham,"Evening * v good if somewhat event laden. Will fill you in, don't you worry Û_ Head * ok but throat * wrecked. See you at six then!",0,132,long,1.0,0.0,0.0,evening good somewhat event laden fill dont worry û head ok throat wrecked see six,0.5394190871369295
ham,If u laugh really loud.. If u talk spontaneously.. If u dont care what others feel.. U are probably with your dear &amp; best friends.. GOODEVENING Dear..:),0,156,long,1.0,0.0,0.0,laugh really loud talk spontaneously dont care others feel probably dear amp best friends goodevening dear,0.6390041493775934
ham,ITS A LAPTOP TAKE IT WITH YOU.,0,30,short,0.0,0.0,1.0,laptop take,0.11618257261410789
ham,I dont have any of your file in my bag..i was in work when you called me.i 'll tell you if i find anything in my room.,0,118,long,1.0,0.0,0.0,dont file bagi work called mei tell find anything room,0.4813278008298755
ham,I wan but too early lei... Me outside now wun b home so early... Neva mind then...,0,82,medium,0.0,1.0,0.0,wan early lei outside wun home early neva mind,0.33195020746887965
spam,"For ur chance to win a å£250 cash every wk TXT: ACTION to 80608. T's&C's www.movietrivia.tv custcare 08712405022, 1x150p/wk",1,123,long,1.0,0.0,0.0,ur chance win å£ cash every wk txt action tscs custcare pwk,0.5020746887966805
ham,I was at bugis juz now wat... But now i'm walking home oredi... ÌÏ so late then reply... I oso saw a top dat i like but din buy... Where r Ì_ now? ,0,147,long,1.0,0.0,0.0,bugis juz wat im walking home oredi ìï late reply oso saw top dat like din buy,0.6016597510373445
ham,At 7 we will go ok na.,0,22,short,0.0,0.0,1.0,go ok na,0.08298755186721991
ham,Yes I posted a couple of pics on fb. There's still snow outside too. I'm just waking up :),0,90,medium,0.0,1.0,0.0,yes posted couple pics fb theres still snow outside im waking,0.3651452282157676
ham,S:-)if we have one good partnership going we will take lead:),0,61,medium,0.0,1.0,0.0,sif one good partnership going take lead,0.24481327800829875
spam,RGENT! This is the 2nd attempt to contact U!U have WON å£1250 CALL 09071512433 b4 050703 T&CsBCM4235WC1N3XX. callcost 150ppm mobilesvary. maxå£7. 50,1,148,long,1.0,0.0,0.0,rgent nd attempt contact uu å£ call tcsbcm wc xx callcost ppm mobilesvary maxå£,0.6058091286307055
ham,"Yeah, where's your class at?",0,28,short,0.0,0.0,1.0,yeah wheres class,0.1078838174273859
ham,No just send to you. Bec you in temple na.,0,42,medium,0.0,1.0,0.0,send bec temple na,0.16597510373443983
ham,"You aren't coming home between class, right? I need to work out and shower!",0,75,medium,0.0,1.0,0.0,arent coming home class right need work shower,0.3029045643153527
spam,Hi if ur lookin 4 saucy daytime fun wiv busty married woman Am free all next week Chat now 2 sort time 09099726429 JANINExx Callså£1/minMobsmoreLKPOBOX177HP51FL,1,160,long,1.0,0.0,0.0,hi ur lookin saucy daytime fun wiv busty married woman free next week chat sort time janinexx callså£ minmobsmorelkpobox hp fl,0.6556016597510373
ham,S but mostly not like that.,0,27,short,0.0,0.0,1.0,mostly like,0.1037344398340249
ham,ÌÏ v ma fan...,0,14,short,0.0,0.0,1.0,ìï fan,0.049792531120331954
ham,Dunno cos i was v late n when i reach they inside already... But we ate spageddies lor... It's e gals who r laughing at me lor...,0,129,long,1.0,0.0,0.0,dunno cos late reach inside already ate spageddies lor gals laughing lor,0.5269709543568465
ham,Guess who spent all last night phasing in and out of the fourth dimension,0,73,medium,0.0,1.0,0.0,guess spent last night phasing fourth dimension,0.29460580912863066
ham,So now my dad is gonna call after he gets out of work and ask all these crazy questions.,0,88,medium,0.0,1.0,0.0,dad gonna call gets work ask crazy questions,0.3568464730290456
ham,"Yes..but they said its IT.,",0,27,short,0.0,0.0,1.0,yesbut said,0.1037344398340249
ham,"Very hurting n meaningful lines ever: \I compromised everything for my love  But at d end my love compromised me for everything:-(\"".. Gud mornin:-)""",0,149,long,1.0,0.0,0.0,hurting meaningful lines ever compromised everything love end love compromised everything gud mornin,0.6099585062240664
ham,Lmao!nice 1,0,11,short,0.0,0.0,1.0,lmaonice,0.03734439834024896
ham,Glad to see your reply.,0,23,short,0.0,0.0,1.0,glad see reply,0.08713692946058091
spam,URGENT! We are trying to contact U. Todays draw shows that you have won a å£800 prize GUARANTEED. Call 09050001295 from land line. Claim A21. Valid 12hrs only,1,158,long,1.0,0.0,0.0,urgent trying contact todays draw shows å£ prize guaranteed call land line claim valid hrs,0.6473029045643154
spam,Monthly password for wap. mobsi.com is 391784. Use your wap phone not PC.,1,73,medium,0.0,1.0,0.0,monthly password wap mobsicom use wap phone pc,0.29460580912863066
ham,Nah dub but je still buff,0,25,short,0.0,0.0,1.0,nah dub je still buff,0.09543568464730291
ham,"Painful words- \I thought being Happy was the most toughest thing on Earth... But  the toughest is acting Happy with all unspoken pain inside..\""""",0,146,long,1.0,0.0,0.0,painful words thought happy toughest thing earth toughest acting happy unspoken pain inside,0.5975103734439834
ham,"Yeah, that's fine! It's å£6 to get in, is that ok? ",0,51,medium,0.0,1.0,0.0,yeah thats fine å£ get ok,0.2033195020746888
ham,Lol where do u come up with these ideas?,0,40,medium,0.0,1.0,0.0,lol come ideas,0.15767634854771784
ham,"So many people seems to be special at first sight, But only very few will remain special to you till your last sight.. Maintain them till life ends.. Sh!jas",0,156,long,1.0,0.0,0.0,many people seems special first sight remain special till last sight maintain till life ends shjas,0.6390041493775934
ham,Okay... We wait ah,0,18,short,0.0,0.0,1.0,okay wait ah,0.06639004149377593
ham,Y lei?,0,6,short,0.0,0.0,1.0,lei,0.016597510373443987
ham,HI BABE U R MOST LIKELY TO BE IN BED BUT IM SO SORRY ABOUT TONIGHT! I REALLY WANNA SEE U TOMORROW SO CALL ME AT 9. LOVE ME XXX,0,126,long,1.0,0.0,0.0,hi babe likely bed im sorry tonight really wanna see tomorrow call love xxx,0.5145228215767635
ham,Already am squatting is the new way of walking,0,46,medium,0.0,1.0,0.0,already squatting new way walking,0.1825726141078838
ham,Do you want bold 2 or bb torch,0,30,short,0.0,0.0,1.0,want bold bb torch,0.11618257261410789
ham,Cramps stopped. Going back to sleep,0,35,short,0.0,0.0,1.0,cramps stopped going back sleep,0.13692946058091288
spam,todays vodafone numbers ending with 0089(my last four digits) are selected to received a å£350 award. If your number matches please call 09063442151 to claim your å£350 award,1,174,long,1.0,0.0,0.0,todays vodafone numbers ending last four digits selected received å£ award number matches please call claim å£ award,0.7136929460580913
spam,Free Top ringtone -sub to weekly ringtone-get 1st week free-send SUBPOLY to 81618-?3 per week-stop sms-08718727870,1,114,long,1.0,0.0,0.0,free top ringtone sub weekly ringtoneget st week freesend subpoly per weekstop sms,0.4647302904564315
ham,Nan sonathaya soladha. Why boss?,0,32,short,0.0,0.0,1.0,nan sonathaya soladha boss,0.12448132780082988
ham,Bring tat cd don forget,0,23,short,0.0,0.0,1.0,bring tat cd forget,0.08713692946058091
ham,I don't know but I'm raping dudes at poker,0,42,medium,0.0,1.0,0.0,dont know im raping dudes poker,0.16597510373443983
ham,Weightloss! No more girl friends. Make loads of money on ebay or something. And give thanks to God.,0,99,medium,0.0,1.0,0.0,weightloss girl friends make loads money ebay something give thanks god,0.40248962655601656
ham,Was gr8 to see that message. So when r u leaving? Congrats dear. What school and wat r ur plans.,0,96,medium,0.0,1.0,0.0,gr see message leaving congrats dear school wat ur plans,0.3900414937759336
ham,ÌÏ eatin later but i'm eatin wif my frens now lei... ÌÏ going home first? ,0,74,medium,0.0,1.0,0.0,ìï eatin later im eatin wif frens lei ìï going home first,0.2987551867219917
ham,Finish already... Yar they keep saying i mushy... I so embarrassed ok...,0,72,medium,0.0,1.0,0.0,finish already yar keep saying mushy embarrassed ok,0.2904564315352697
ham,"Sorry man, my stash ran dry last night and I can't pick up more until sunday",0,76,medium,0.0,1.0,0.0,sorry man stash ran dry last night cant pick sunday,0.30705394190871366
ham,Hai priya are you right. What doctor said pa. Where are you.,0,60,medium,0.0,1.0,0.0,hai priya right doctor said pa,0.24066390041493776
spam,"Free msg. Sorry, a service you ordered from 81303 could not be delivered as you do not have sufficient credit. Please top up to receive the service.",1,148,long,1.0,0.0,0.0,free msg sorry service ordered could delivered sufficient credit please top receive service,0.6058091286307055
ham,Please ask mummy to call father,0,31,short,0.0,0.0,1.0,please ask mummy call father,0.12033195020746887
ham,Can come my room but cannot come my house cos my house still messy... Haha...,0,77,medium,0.0,1.0,0.0,come room cannot come house cos house still messy haha,0.31120331950207464
ham,I have lost 10 kilos as of today!,0,33,short,0.0,0.0,1.0,lost kilos today,0.1286307053941909
ham,Just taste fish curry :-P,0,25,short,0.0,0.0,1.0,taste fish curry,0.09543568464730291
ham,What can i do? Might accidant tookplace between somewhere ghodbandar rd. Traffic moves slovely. So plz slip &amp; don't worry.,0,126,long,1.0,0.0,0.0,might accidant tookplace somewhere ghodbandar rd traffic moves slovely plz slip amp dont worry,0.5145228215767635
ham,Yun ah.now Ì_ wkg where?btw if Ì_ go nus sc. ÌÏ wana specialise in wad?,0,71,medium,0.0,1.0,0.0,yun ahnow wkg wherebtw go nus sc ìï wana specialise wad,0.2863070539419087
ham,Yes! I am a one woman man! Please tell me your likes and dislikes in bed...,0,75,medium,0.0,1.0,0.0,yes one woman man please tell likes dislikes bed,0.3029045643153527
ham,Was doing my test earlier. I appreciate you. Will call you tomorrow.,0,68,medium,0.0,1.0,0.0,test earlier appreciate call tomorrow,0.2738589211618257
ham,"How's my loverboy doing ? What does he do that keeps him from coming to his Queen, hmmm ? Doesn't he ache to speak to me ? Miss me desparately ?",0,144,long,1.0,0.0,0.0,hows loverboy keeps coming queen hmmm doesnt ache speak miss desparately,0.5892116182572614
ham,U meet other fren dun wan meet me ah... Muz b a guy rite...,0,59,medium,0.0,1.0,0.0,meet fren dun wan meet ah muz guy rite,0.23651452282157676
ham,"(No promises on when though, haven't even gotten dinner yet)",0,60,medium,0.0,1.0,0.0,promises though havent even gotten dinner yet,0.24066390041493776
ham,I got your back! Do you have any dislikes in bed?,0,49,medium,0.0,1.0,0.0,got back dislikes bed,0.1950207468879668
ham,o turns out i had stereo love on mi phone under the unknown album.,0,66,medium,0.0,1.0,0.0,turns stereo love mi phone unknown album,0.26556016597510373
spam,Hard LIVE 121 chat just 60p/min. Choose your girl and connect LIVE. Call 09094646899 now! Cheap Chat UK's biggest live service. VU BCM1896WC1N3XX,1,145,long,1.0,0.0,0.0,hard live chat pmin choose girl connect live call cheap chat uks biggest live service vu bcm wc xx,0.5933609958506224
ham,Yeah I don't see why not,0,24,short,0.0,0.0,1.0,yeah dont see,0.09128630705394192
ham,Asking do u knw them or nt? May be ur frnds or classmates?,0,58,medium,0.0,1.0,0.0,asking knw nt may ur frnds classmates,0.23236514522821577
ham,"Sorry about earlier. Putting out fires.Are you around to talk after 9? Or do you actually have a life, lol!",0,107,long,1.0,0.0,0.0,sorry earlier putting firesare around talk actually life lol,0.4356846473029045
spam,WOW! The Boys R Back. TAKE THAT 2007 UK Tour. Win VIP Tickets & pre-book with VIP Club. Txt CLUB to 81303. Trackmarque Ltd info@vipclub4u.,1,138,long,1.0,0.0,0.0,wow boys back take uk tour win vip tickets prebook vip club txt club trackmarque ltd infovipclub,0.5643153526970954
ham,"As in missionary hook up, doggy hook up, standing...|",0,53,medium,0.0,1.0,0.0,missionary hook doggy hook standing,0.21161825726141079
ham,Then u better go sleep.. Dun disturb u liao.. U wake up then msg me lor..,0,73,medium,0.0,1.0,0.0,better go sleep dun disturb liao wake msg lor,0.29460580912863066
ham,Am watching house ÛÒ very entertaining ÛÒ am getting the whole hugh laurie thing ÛÒ even with the stick ÛÒ indeed especially with the stick.,0,144,long,1.0,0.0,0.0,watching house ûò entertaining ûò getting whole hugh laurie thing ûò even stick ûò indeed especially stick,0.5892116182572614
ham,Thought praps you meant another one. Goodo! I'll look tomorrow ,0,63,medium,0.0,1.0,0.0,thought praps meant another one goodo ill look tomorrow,0.25311203319502074
ham,"Hi Jon, Pete here, Ive bin 2 Spain recently & hav sum dinero left, Bill said u or ur åÔrents mayb interested in it, I hav 12,000pes, so around å£48, tb, James.",0,159,long,1.0,0.0,0.0,hi jon pete ive bin spain recently hav sum dinero left bill said ur åôrents mayb interested hav pes around å£ tb james,0.6514522821576764
ham,There bold 2  &lt;#&gt; . Is that yours,0,39,short,0.0,0.0,1.0,bold ltgt,0.15352697095435686
ham,You know there is. I shall speak to you in  &lt;#&gt;  minutes then,0,67,medium,0.0,1.0,0.0,know shall speak ltgt minutes,0.2697095435684647
ham,"\ALRITE HUNNY!WOT U UP 2 2NITE? DIDNT END UP GOIN DOWN TOWN JUS DA PUB INSTEAD! JUS CHILLIN AT DA MO IN ME BEDROOM!LOVE JEN XXX.\""""",0,131,long,1.0,0.0,0.0,alrite hunnywot nite didnt end goin town jus da pub instead jus chillin da mo bedroomlove jen xxx,0.5352697095435685
ham,I went to project centre,0,24,short,0.0,0.0,1.0,went project centre,0.09128630705394192
ham,As per your request 'Maangalyam (Alaipayuthe)' has been set as your callertune for all Callers. Press *9 to copy your friends Callertune,0,136,long,1.0,0.0,0.0,per request maangalyam alaipayuthe set callertune callers press copy friends callertune,0.5560165975103735
ham,Lol yeah at this point I guess not,0,34,short,0.0,0.0,1.0,lol yeah point guess,0.13278008298755187
ham,Doing project w frens lor. ,0,27,short,0.0,0.0,1.0,project frens lor,0.1037344398340249
ham,Lol. Well quality aint bad at all so i aint complaining,0,55,medium,0.0,1.0,0.0,lol well quality aint bad aint complaining,0.21991701244813278
ham,"K, can that happen tonight?",0,27,short,0.0,0.0,1.0,happen tonight,0.1037344398340249
spam,"Hi, this is Mandy Sullivan calling from HOTMIX FM...you are chosen to receive å£5000.00 in our Easter Prize draw.....Please telephone 09041940223 to claim before 29/03/05 or your prize will be transferred to someone else....",1,224,long,1.0,0.0,0.0,hi mandy sullivan calling hotmix fmyou chosen receive å£ easter prize drawplease telephone claim prize transferred someone else,0.9211618257261411
ham,"I think we're going to finn's now, come",0,39,short,0.0,0.0,1.0,think going finns come,0.15352697095435686
ham,Why tired what special there you had,0,36,short,0.0,0.0,1.0,tired special,0.14107883817427386
ham,I will come tomorrow di,0,23,short,0.0,0.0,1.0,come tomorrow di,0.08713692946058091
ham,K go and sleep well. Take rest:-).,0,34,short,0.0,0.0,1.0,go sleep well take rest,0.13278008298755187
ham,U guys never invite me anywhere :(,0,34,short,0.0,0.0,1.0,guys never invite anywhere,0.13278008298755187
spam,UR GOING 2 BAHAMAS! CallFREEFONE 08081560665 and speak to a live operator to claim either Bahamas cruise ofå£2000 CASH 18+only. To opt out txt X to 07786200117,1,159,long,1.0,0.0,0.0,ur going bahamas callfreefone speak live operator claim either bahamas cruise ofå£ cash opt txt,0.6514522821576764
ham,I can do that! I want to please you both inside and outside the bedroom...,0,74,medium,0.0,1.0,0.0,want please inside outside bedroom,0.2987551867219917
ham,"\EY! CALM DOWNON THEACUSATIONS.. ITXT U COS IWANA KNOW WOTU R DOIN AT THEW/END... HAVENTCN U IN AGES..RING ME IF UR UP4 NETHING SAT.LOVE J XXX.\""""",0,146,long,1.0,0.0,0.0,ey calm downon theacusations itxt cos iwana know wotu doin thewend haventcn agesring ur nething satlove xxx,0.5975103734439834
ham,I love to wine and dine my lady!,0,32,short,0.0,0.0,1.0,love wine dine lady,0.12448132780082988
spam,Someone has conacted our dating service and entered your phone because they fancy you!To find out who it is call from landline 09111030116. PoBox12n146tf15,1,155,long,1.0,0.0,0.0,someone conacted dating service entered phone fancy youto find call landline pobox tf,0.6348547717842324
ham,"IåÕm cool ta luv but v.tired 2 cause i have been doin loads of planning all wk, we have got our social services inspection at the nursery! Take care & spk sn x.",0,160,long,1.0,0.0,0.0,iåõm cool ta luv vtired cause doin loads planning wk got social services inspection nursery take care spk sn,0.6556016597510373
ham,I don know account details..i will ask my mom and send you.my mom is out of reach now.,0,86,medium,0.0,1.0,0.0,know account detailsi ask mom send youmy mom reach,0.34854771784232363
ham,I think u have the wrong number.,0,32,short,0.0,0.0,1.0,think wrong number,0.12448132780082988
ham,Feel Yourself That You Are Always Happy.. Slowly It Becomes Your Habit &amp; Finally It Becomes Part Of Your Life.. Follow It.. Happy Morning &amp; Have A Happy Day:),0,166,long,1.0,0.0,0.0,feel always happy slowly becomes habit amp finally becomes part life follow happy morning amp happy day,0.6804979253112033
ham,DO NOT B LATE LOVE MUM,0,22,short,0.0,0.0,1.0,late love mum,0.08298755186721991
ham,Got it..mail panren paru..,0,26,short,0.0,0.0,1.0,got itmail panren paru,0.09958506224066391
ham,* Was thinking about chuckin ur red green n black trainners 2 save carryin them bac on train,0,92,medium,0.0,1.0,0.0,thinking chuckin ur red green black trainners save carryin bac train,0.3734439834024896
ham,Give one miss from that number please,0,37,short,0.0,0.0,1.0,give one miss number please,0.14522821576763487
ham,Jus came back fr lunch wif my sis only. U leh?,0,46,medium,0.0,1.0,0.0,jus came back fr lunch wif sis leh,0.1825726141078838
ham,How is your schedule next week? I am out of town this weekend.,0,62,medium,0.0,1.0,0.0,schedule next week town weekend,0.24896265560165973
ham,Really good:)dhanush rocks once again:),0,39,short,0.0,0.0,1.0,really gooddhanush rocks,0.15352697095435686
ham,Lmao ok I wont be needing u to do my hair anymore.,0,50,medium,0.0,1.0,0.0,lmao ok wont needing hair anymore,0.19917012448132781
ham,"Miss ya, need ya, want ya, love ya.",0,35,short,0.0,0.0,1.0,miss ya need ya want ya love ya,0.13692946058091288
ham,Sorry i'm not free...,0,21,short,0.0,0.0,1.0,sorry im free,0.07883817427385892
ham,Do u ever get a song stuck in your head for no reason and it won't go away til u listen to it like 5 times?,0,107,long,1.0,0.0,0.0,ever get song stuck head reason wont go away til listen like times,0.4356846473029045
ham,Nt yet chikku..simple habba..hw abt u?,0,38,short,0.0,0.0,1.0,nt yet chikkusimple habbahw abt,0.14937759336099585
ham,"Got ur mail Dileep.thank you so muchand look forward to lots of support...very less contacts here,remember one venugopal you mentioned.tomorrow if not late,i shall try to come up till there.goodnight dear.",0,205,long,1.0,0.0,0.0,got ur mail dileepthank muchand look forward lots supportvery less contacts hereremember one venugopal mentionedtomorrow latei shall try come till theregoodnight dear,0.8423236514522822
ham,Sometimes Heart Remembrs someone Very much... Forgets someone soon... Bcoz Heart will not like everyone. But liked ones will be Remembered Everytime... BSLVYL,0,158,long,1.0,0.0,0.0,sometimes heart remembrs someone much forgets someone soon bcoz heart like everyone liked ones remembered everytime bslvyl,0.6473029045643154
ham,Joy's father is John. Then John is the NAME of Joy's father. Mandan,0,67,medium,0.0,1.0,0.0,joys father john john name joys father mandan,0.2697095435684647
spam,Hi 07734396839 IBH Customer Loyalty Offer: The NEW NOKIA6600 Mobile from ONLY å£10 at TXTAUCTION!Txt word:START to No:81151 & get Yours Now!4T&,1,143,long,1.0,0.0,0.0,hi ibh customer loyalty offer new nokia mobile å£ txtauctiontxt wordstart get,0.5850622406639004
ham,Hi this is yijue... It's regarding the 3230 textbook it's intro to algorithms second edition... I'm selling it for $50...,0,121,long,1.0,0.0,0.0,hi yijue regarding textbook intro algorithms second edition im selling,0.4937759336099585
spam,SMS AUCTION You have won a Nokia 7250i. This is what you get when you win our FREE auction. To take part send Nokia to 86021 now. HG/Suite342/2Lands Row/W1JHL 16+,1,162,long,1.0,0.0,0.0,sms auction nokia get win free auction take part send nokia hgsuite lands roww jhl,0.6639004149377594
ham,"K, want us to come by now?",0,26,short,0.0,0.0,1.0,want us come,0.09958506224066391
ham,How. Its a little difficult but its a simple way to enter this place,0,68,medium,0.0,1.0,0.0,little difficult simple way enter place,0.2738589211618257
ham,Ha... Both of us doing e same thing. But i got tv 2 watch. U can thk of where 2 go tonight or u already haf smth in mind...,0,123,long,1.0,0.0,0.0,ha us thing got tv watch thk go tonight already haf smth mind,0.5020746887966805
ham,Dont show yourself. How far. Put new pictures up on facebook.,0,61,medium,0.0,1.0,0.0,dont show far put new pictures facebook,0.24481327800829875
ham,Watching tv now. I got new job :),0,33,short,0.0,0.0,1.0,watching tv got new job,0.1286307053941909
ham,"Good afternoon sexy buns! How goes the job search ? I wake and you are my first thought as always, my love. I wish your fine and happy and know I adore you!",0,156,long,1.0,0.0,0.0,good afternoon sexy buns goes job search wake first thought always love wish fine happy know adore,0.6390041493775934
ham,"I'm not coming over, do whatever you want",0,41,medium,0.0,1.0,0.0,im coming whatever want,0.16182572614107885
ham,"Its ok chikku, and its my 1 of favourite song..:-)",0,50,medium,0.0,1.0,0.0,ok chikku favourite song,0.19917012448132781
ham,Did u see what I posted on your Facebook?,0,41,medium,0.0,1.0,0.0,see posted facebook,0.16182572614107885
spam,Call FREEPHONE 0800 542 0578 now!,1,33,short,0.0,0.0,1.0,call freephone,0.1286307053941909
spam,Buy Space Invaders 4 a chance 2 win orig Arcade Game console. Press 0 for Games Arcade (std WAP charge) See o2.co.uk/games 4 Terms + settings. No purchase,1,154,long,1.0,0.0,0.0,buy space invaders chance win orig arcade game console press games arcade std wap charge see coukgames terms settings purchase,0.6307053941908713
spam,BIG BROTHER ALERT! The computer has selected u for 10k cash or #150 voucher. Call 09064018838. NTT PO Box CRO1327 18+ BT Landline Cost 150ppm mobiles vary,1,154,long,1.0,0.0,0.0,big brother alert computer selected cash voucher call ntt po box cro bt landline cost ppm mobiles vary,0.6307053941908713
ham,";-( oh well, c u later",0,22,short,0.0,0.0,1.0,oh well later,0.08298755186721991
ham,My uncles in Atlanta. Wish you guys a great semester.,0,53,medium,0.0,1.0,0.0,uncles atlanta wish guys great semester,0.21161825726141079
ham,No dear i do have free messages without any recharge. Hi hi hi,0,62,medium,0.0,1.0,0.0,dear free messages without recharge hi hi hi,0.24896265560165973
ham,I dun believe u. I thk u told him.,0,34,short,0.0,0.0,1.0,dun believe thk told,0.13278008298755187
ham,"Do you know why god created gap between your fingers..? So that, One who is made for you comes &amp; fills those gaps by holding your hand with LOVE..!",0,151,long,1.0,0.0,0.0,know god created gap fingers one made comes amp fills gaps holding hand love,0.6182572614107884
ham,Yes:)sura in sun tv.:)lol.,0,26,short,0.0,0.0,1.0,yessura sun tvlol,0.09958506224066391
ham,Arun can u transfr me d amt,0,27,short,0.0,0.0,1.0,arun transfr amt,0.1037344398340249
ham,Takin a shower now but yeah I'll leave when I'm done,0,52,medium,0.0,1.0,0.0,takin shower yeah ill leave im done,0.2074688796680498
ham,Am not working but am up to eyes in philosophy so will text u later when a bit more free for chat...,0,100,long,1.0,0.0,0.0,working eyes philosophy text later bit free chat,0.4066390041493776
ham,U havenåÕt lost me ill always b here 4u.i didnåÕt intend 2 hurt u but I never knew how u felt about me when Iwas+marine&thatåÕs what itried2tell urmom.i careabout u,0,164,long,1.0,0.0,0.0,havenåõt lost ill always ui didnåõt intend hurt never knew felt iwasmarinethatåõs itried tell urmomi careabout,0.6721991701244814
spam,"WIN: We have a winner! Mr. T. Foley won an iPod! More exciting prizes soon, so keep an eye on ur mobile or visit www.win-82050.co.uk",1,132,long,1.0,0.0,0.0,win winner mr foley ipod exciting prizes soon keep eye ur mobile visit,0.5394190871369295
ham,You bad girl. I can still remember them,0,39,short,0.0,0.0,1.0,bad girl still remember,0.15352697095435686
ham,How much i gave to you. Morning.,0,32,short,0.0,0.0,1.0,much gave morning,0.12448132780082988
ham,"I hope your alright babe? I worry that you might have felt a bit desparate when you learned the job was a fake ? I am here waiting when you come back, my love",0,158,long,1.0,0.0,0.0,hope alright babe worry might felt bit desparate learned job fake waiting come back love,0.6473029045643154
ham,"Hey, can you tell me blake's address? Carlos wanted me to meet him there but I got lost and he's not answering his phone",0,120,long,1.0,0.0,0.0,hey tell blakes address carlos wanted meet got lost hes answering phone,0.4896265560165975
ham,Can i get your opinion on something first?,0,42,medium,0.0,1.0,0.0,get opinion something first,0.16597510373443983
ham,That one week leave i put know that time. Why.,0,46,medium,0.0,1.0,0.0,one week leave put know time,0.1825726141078838
ham,"If we hit it off, you can move in with me :)",0,44,medium,0.0,1.0,0.0,hit move,0.17427385892116182
ham,excellent. I spent  &lt;#&gt;  years in the Air Force. Iraq and afghanistan. I am stable and honest. do you like traveling?,0,123,long,1.0,0.0,0.0,excellent spent ltgt years air force iraq afghanistan stable honest like traveling,0.5020746887966805
ham,I wanna watch that movie,0,24,short,0.0,0.0,1.0,wanna watch movie,0.09128630705394192
ham,Ok lor thanx... ÌÏ in school?,0,29,short,0.0,0.0,1.0,ok lor thanx ìï school,0.11203319502074689
ham,I'm in class. Did you get my text.,0,34,short,0.0,0.0,1.0,im class get text,0.13278008298755187
ham,The bus leaves at  &lt;#&gt; ,0,29,short,0.0,0.0,1.0,bus leaves ltgt,0.11203319502074689
ham,God bless.get good sleep my dear...i will pray!,0,47,medium,0.0,1.0,0.0,god blessget good sleep deari pray,0.18672199170124482
spam,Todays Voda numbers ending 1225 are selected to receive a å£50award. If you have a match please call 08712300220 quoting claim code 3100 standard rates app ,1,156,long,1.0,0.0,0.0,todays voda numbers ending selected receive å£ award match please call quoting claim code standard rates app,0.6390041493775934
ham,Do have a nice day today. I love you so dearly.,0,47,medium,0.0,1.0,0.0,nice day today love dearly,0.18672199170124482
ham,Aiyo a bit pai seh Ì_ noe... Scared he dun rem who i am then die... Hee... But he become better lookin oredi leh...,0,115,long,1.0,0.0,0.0,aiyo bit pai seh noe scared dun rem die hee become better lookin oredi leh,0.46887966804979253
ham,"Aight, I'll ask a few of my roommates",0,37,short,0.0,0.0,1.0,aight ill ask roommates,0.14522821576763487
ham,"Now, whats your house # again ? And do you have any beer there ?",0,64,medium,0.0,1.0,0.0,whats house beer,0.2572614107883817
ham,Do Ì_ all wan 2 meet up n combine all the parts? How's da rest of da project going?,0,83,medium,0.0,1.0,0.0,wan meet combine parts hows da rest da project going,0.33609958506224064
ham,"\Getting tickets 4 walsall tue 6 th march. My mate is getting me them on sat. ill pay my treat. Want 2 go. Txt bak .Terry\""""",0,124,long,1.0,0.0,0.0,getting tickets walsall tue th march mate getting sat ill pay treat want go txt bak terry,0.5062240663900415
ham,Yes we are chatting too.,0,24,short,0.0,0.0,1.0,yes chatting,0.09128630705394192
ham,HI ITS JESS I DONT KNOW IF YOU ARE AT WORK BUT CALL ME WHEN U CAN IM AT HOME ALL EVE. XXX,0,89,medium,0.0,1.0,0.0,hi jess dont know work call im home eve xxx,0.36099585062240663
ham,Sian... Aft meeting supervisor got work 2 do liao... U working now?,0,67,medium,0.0,1.0,0.0,sian aft meeting supervisor got work liao working,0.2697095435684647
ham,Are you going to write ccna exam this week??,0,44,medium,0.0,1.0,0.0,going write ccna exam week,0.17427385892116182
ham,Well i will watch shrek in 3D!!B),0,33,short,0.0,0.0,1.0,well watch shrek db,0.1286307053941909
ham,Am i that much dirty fellow?,0,28,short,0.0,0.0,1.0,much dirty fellow,0.1078838174273859
ham,Dunno dat's wat he told me. Ok lor...,0,37,short,0.0,0.0,1.0,dunno dats wat told ok lor,0.14522821576763487
ham,I'll probably be by tomorrow (or even later tonight if something's going on),0,76,medium,0.0,1.0,0.0,ill probably tomorrow even later tonight somethings going,0.30705394190871366
ham,I couldn't say no as he is a dying man and I feel sad for him so I will go and I just wanted you to know I would probably be gone late into your night,0,150,long,1.0,0.0,0.0,couldnt say dying man feel sad go wanted know would probably gone late night,0.6141078838174274
ham,If you're thinking of lifting me one then no.,0,45,medium,0.0,1.0,0.0,youre thinking lifting one,0.17842323651452283
ham,Same as u... Dun wan... Y u dun like me already ah... Wat u doing now? Still eating?,0,84,medium,0.0,1.0,0.0,dun wan dun like already ah wat still eating,0.3402489626556016
ham,Sent me ur email id soon,0,24,short,0.0,0.0,1.0,sent ur email id soon,0.09128630705394192
ham,Hey gorgeous man. My work mobile number is. Have a good one babe. Squishy Mwahs.,0,80,medium,0.0,1.0,0.0,hey gorgeous man work mobile number good one babe squishy mwahs,0.32365145228215764
spam,"Hottest pics straight to your phone!! See me getting Wet and Wanting, just for you xx Text PICS to 89555 now! txt costs 150p textoperator g696ga 18 XxX",1,151,long,1.0,0.0,0.0,hottest pics straight phone see getting wet wanting xx text pics txt costs textoperator ga xxx,0.6182572614107884
ham,That's the way you should stay oh.,0,34,short,0.0,0.0,1.0,thats way stay oh,0.13278008298755187
ham,Hello- thanx for taking that call. I got a job! Starts on monday!,0,65,medium,0.0,1.0,0.0,hello thanx taking call got job starts monday,0.2614107883817427
ham,What time is ur flight tmr?,0,27,short,0.0,0.0,1.0,time ur flight tmr,0.1037344398340249
ham,When should I come over?,0,24,short,0.0,0.0,1.0,come,0.09128630705394192
ham,I have a rather prominent bite mark on my right cheek,0,53,medium,0.0,1.0,0.0,rather prominent bite mark right cheek,0.21161825726141079
ham,* Will be september by then!,0,28,short,0.0,0.0,1.0,september,0.1078838174273859
ham,Are you wet right now?,0,22,short,0.0,0.0,1.0,wet right,0.08298755186721991
ham,And how's your husband.,0,23,short,0.0,0.0,1.0,hows husband,0.08713692946058091
spam,"Hack Chat. Get backdoor entry into 121 chat rooms at a fraction of the cost. Reply NEO69 or call 09050280520, to subscribe 25p pm. DPS, Bcm box 8027 Ldn, wc1n3xx",1,161,long,1.0,0.0,0.0,hack chat get backdoor entry chat rooms fraction cost reply neo call subscribe pm dps bcm box ldn wc xx,0.6597510373443983
ham,Are we doing the norm tomorrow? I finish just a 4.15 cos of st tests. Need to sort library stuff out at some point tomo - got letter from today - access til end march so i better get move on!,0,191,long,1.0,0.0,0.0,norm tomorrow finish cos st tests need sort library stuff point tomo got letter today access til end march better get move,0.7842323651452282
ham,Yeah. I got a list with only u and Joanna if I'm feeling really anti social,0,75,medium,0.0,1.0,0.0,yeah got list joanna im feeling really anti social,0.3029045643153527
ham,I am in your office na.,0,23,short,0.0,0.0,1.0,office na,0.08713692946058091
ham,"\Are you comingdown later?\""""",0,29,short,0.0,0.0,1.0,comingdown later,0.11203319502074689
ham,Super da:)good replacement for murali,0,37,short,0.0,0.0,1.0,super dagood replacement murali,0.14522821576763487
ham,Da is good good player.why he is unsold.,0,40,medium,0.0,1.0,0.0,da good good playerwhy unsold,0.15767634854771784
ham,Hi. || Do u want | to join me with sts later? || Meeting them at five. || Call u after class.,0,93,medium,0.0,1.0,0.0,hi want join sts later meeting five call class,0.3775933609958506
ham,Its on in engalnd! But telly has decided it won't let me watch it and mia and elliot were kissing! Damn it!,0,107,long,1.0,0.0,0.0,engalnd telly decided wont let watch mia elliot kissing damn,0.4356846473029045
spam,"FREE NOKIA Or Motorola with upto 12mths 1/2price linerental, 500 FREE x-net mins&100txt/mth FREE B'tooth*. Call Mobileupd8 on 08001950382 or call 2optout/D3WV",1,158,long,1.0,0.0,0.0,free nokia motorola upto mths price linerental free xnet mins txtmth free btooth call mobileupd call optoutd wv,0.6473029045643154
ham,I dont want to hear philosophy. Just say what happen,0,52,medium,0.0,1.0,0.0,dont want hear philosophy say happen,0.2074688796680498
ham,You got job in wipro:)you will get every thing in life in 2 or 3 years.,0,71,medium,0.0,1.0,0.0,got job wiproyou get every thing life years,0.2863070539419087
ham,Then cant get da laptop? My matric card wif Ì_ lei... ,0,54,medium,0.0,1.0,0.0,cant get da laptop matric card wif lei,0.2157676348547718
ham,Dunno da next show aft 6 is 850. Toa payoh got 650.,0,51,medium,0.0,1.0,0.0,dunno da next show aft toa payoh got,0.2033195020746888
spam,"This is the 2nd time we have tried 2 contact u. U have won the 750 Pound prize. 2 claim is easy, call 08718726970 NOW! Only 10p per min. BT-national-rate ",1,154,long,1.0,0.0,0.0,nd time tried contact pound prize claim easy call per min btnationalrate,0.6307053941908713
ham,I just made some payments so dont have that much. Sorry. Would you want it fedex or the other way.,0,98,medium,0.0,1.0,0.0,made payments dont much sorry would want fedex way,0.3983402489626556
ham,They did't play one day last year know even though they have very good team.. Like india.,0,89,medium,0.0,1.0,0.0,didt play one day last year know even though good team like india,0.36099585062240663
ham,K.:)you are the only girl waiting in reception ah?,0,50,medium,0.0,1.0,0.0,kyou girl waiting reception ah,0.19917012448132781
ham,"Say this slowly.? GOD,I LOVE YOU &amp; I NEED YOU,CLEAN MY HEART WITH YOUR BLOOD.Send this to Ten special people &amp; u c miracle tomorrow, do it,pls,pls do it...",0,163,long,1.0,0.0,0.0,say slowly godi love amp need youclean heart bloodsend ten special people amp miracle tomorrow itplspls,0.6680497925311204
ham,I hate when she does this. She turns what should be a fun shopping trip into an annoying day of how everything would look in her house.,0,135,long,1.0,0.0,0.0,hate turns fun shopping trip annoying day everything would look house,0.5518672199170125
ham,"Sir, i am waiting for your call.",0,32,short,0.0,0.0,1.0,sir waiting call,0.12448132780082988
ham,What's up. Do you want me to come online?,0,41,medium,0.0,1.0,0.0,whats want come online,0.16182572614107885
ham,"It could work, we'll reach a consensus at the next meeting",0,58,medium,0.0,1.0,0.0,could work well reach consensus next meeting,0.23236514522821577
ham,Aiyah then i wait lor. Then u entertain me. Hee...,0,50,medium,0.0,1.0,0.0,aiyah wait lor entertain hee,0.19917012448132781
ham,I'll let you know when it kicks in,0,34,short,0.0,0.0,1.0,ill let know kicks,0.13278008298755187
ham,You call him now ok i said call him,0,35,short,0.0,0.0,1.0,call ok said call,0.13692946058091288
ham,Call to the number which is available in appointment. And ask to connect the call to waheed fathima.,0,100,long,1.0,0.0,0.0,call number available appointment ask connect call waheed fathima,0.4066390041493776
ham,Or Ì_ go buy wif him then i meet Ì_ later can?,0,46,medium,0.0,1.0,0.0,go buy wif meet later,0.1825726141078838
ham,Mmmm ... Fuck ... Not fair ! You know my weaknesses ! *grins* *pushes you to your knee's* *exposes my belly and pulls your head to it* Don't forget ... I know yours too *wicked smile*,0,183,long,1.0,0.0,0.0,mmmm fuck fair know weaknesses grins pushes knees exposes belly pulls head dont forget know wicked smile,0.7510373443983402
ham,Today my system sh get ready.all is well and i am also in the deep well,0,71,medium,0.0,1.0,0.0,today system sh get readyall well also deep well,0.2863070539419087
ham,Mom wants to know where you at,0,30,short,0.0,0.0,1.0,mom wants know,0.11618257261410789
ham,"Aight, I'll text you when I'm back",0,34,short,0.0,0.0,1.0,aight ill text im back,0.13278008298755187
ham,Dont know supports ass and srt i thnk. I think ps3 can play through usb too,0,75,medium,0.0,1.0,0.0,dont know supports ass srt thnk think ps play usb,0.3029045643153527
ham,Oh ok i didnt know what you meant. Yep i am baby jontin,0,55,medium,0.0,1.0,0.0,oh ok didnt know meant yep baby jontin,0.21991701244813278
spam,You have WON a guaranteed å£1000 cash or a å£2000 prize.To claim yr prize call our customer service representative on,1,117,long,1.0,0.0,0.0,guaranteed å£ cash å£ prizeto claim yr prize call customer service representative,0.4771784232365145
spam,Would you like to see my XXX pics they are so hot they were nearly banned in the uk!,1,84,medium,0.0,1.0,0.0,would like see xxx pics hot nearly banned uk,0.3402489626556016
ham,This pen thing is beyond a joke. Wont a Biro do? Don't do a masters as can't do this ever again! ,0,97,medium,0.0,1.0,0.0,pen thing beyond joke wont biro dont masters cant ever,0.3941908713692946
ham,I AM AT A PARTY WITH ALEX NICHOLS,0,33,short,0.0,0.0,1.0,party alex nichols,0.1286307053941909
spam,U have a secret admirer who is looking 2 make contact with U-find out who they R*reveal who thinks UR so special-call on 09058094594,1,132,long,1.0,0.0,0.0,secret admirer looking make contact ufind rreveal thinks ur specialcall,0.5394190871369295
ham,Just seeing your missed call my dear brother. Do have a gr8 day.,0,64,medium,0.0,1.0,0.0,seeing missed call dear brother gr day,0.2572614107883817
ham,Ok.. ÌÏ finishing soon?,0,23,short,0.0,0.0,1.0,ok ìï finishing soon,0.08713692946058091
ham,"Sorry, I can't help you on this.",0,32,short,0.0,0.0,1.0,sorry cant help,0.12448132780082988
ham,"Come to me, slave. Your doing it again ... Going into your shell and unconsciously avoiding me ... You are making me unhappy :-(",0,128,long,1.0,0.0,0.0,come slave going shell unconsciously avoiding making unhappy,0.5228215767634855
ham,I love your ass! Do you enjoy doggy style? :),0,45,medium,0.0,1.0,0.0,love ass enjoy doggy style,0.17842323651452283
ham,I think asking for a gym is the excuse for lazy people. I jog.,0,62,medium,0.0,1.0,0.0,think asking gym excuse lazy people jog,0.24896265560165973
spam,Dear 0776xxxxxxx U've been invited to XCHAT. This is our final attempt to contact u! Txt CHAT to 86688 150p/MsgrcvdHG/Suite342/2Lands/Row/W1J6HL LDN 18yrs ,1,155,long,1.0,0.0,0.0,dear xxxxxxx uve invited xchat final attempt contact txt chat pmsgrcvdhgsuite landsroww hl ldn yrs,0.6348547717842324
spam,Urgent! Please call 09061743811 from landline. Your ABTA complimentary 4* Tenerife Holiday or å£5000 cash await collection SAE T&Cs Box 326 CW25WX 150ppm,1,153,long,1.0,0.0,0.0,urgent please call landline abta complimentary tenerife holiday å£ cash await collection sae tcs box cw wx ppm,0.6265560165975104
ham,No. On the way home. So if not for the long dry spell the season would have been over,0,85,medium,0.0,1.0,0.0,way home long dry spell season would,0.34439834024896265
ham,I gotta collect da car at 6 lei.,0,32,short,0.0,0.0,1.0,gotta collect da car lei,0.12448132780082988
ham,Ok but knackered. Just came home and went to sleep! Not good at this full time work lark.,0,89,medium,0.0,1.0,0.0,ok knackered came home went sleep good full time work lark,0.36099585062240663
ham,Probably earlier than that if the station's where I think it is,0,63,medium,0.0,1.0,0.0,probably earlier stations think,0.25311203319502074
spam,CALL 09090900040 & LISTEN TO EXTREME DIRTY LIVE CHAT GOING ON IN THE OFFICE RIGHT NOW TOTAL PRIVACY NO ONE KNOWS YOUR [sic] LISTENING 60P MIN 24/7MP 0870753331018+,1,163,long,1.0,0.0,0.0,call listen extreme dirty live chat going office right total privacy one knows sic listening min mp,0.6680497925311204
spam,"FreeMsg Hey U, i just got 1 of these video/pic fones, reply WILD to this txt & ill send U my pics, hurry up Im so bored at work xxx (18 150p/rcvd STOP2stop)",1,156,long,1.0,0.0,0.0,freemsg hey got videopic fones reply wild txt ill send pics hurry im bored work xxx prcvd stop stop,0.6390041493775934
ham,"Uh, heads up we don't have THAT much left",0,41,medium,0.0,1.0,0.0,uh heads dont much left,0.16182572614107885
ham,I tot u outside cos darren say u come shopping. Of course we nice wat. We jus went sim lim look at mp3 player.,0,110,long,1.0,0.0,0.0,tot outside cos darren say come shopping course nice wat jus went sim lim look mp player,0.4481327800829875
ham,"Aight, sounds good. When do you want me to come down?",0,53,medium,0.0,1.0,0.0,aight sounds good want come,0.21161825726141079
ham,Wat would u like 4 ur birthday?,0,31,short,0.0,0.0,1.0,wat would like ur birthday,0.12033195020746887
ham,I love working from home :),0,27,short,0.0,0.0,1.0,love working home,0.1037344398340249
ham,And miss vday the parachute and double coins??? U must not know me very well...,0,79,medium,0.0,1.0,0.0,miss vday parachute double coins must know well,0.31950207468879666
ham,My sister got placed in birla soft da:-),0,40,medium,0.0,1.0,0.0,sister got placed birla soft da,0.15767634854771784
spam,Free entry in 2 a weekly comp for a chance to win an ipod. Txt POD to 80182 to get entry (std txt rate) T&C's apply 08452810073 for details 18+,1,143,long,1.0,0.0,0.0,free entry weekly comp chance win ipod txt pod get entry std txt rate tcs apply details,0.5850622406639004
ham,Wah... Okie okie... Muz make use of e unlimited... Haha... ,0,59,medium,0.0,1.0,0.0,wah okie okie muz make use unlimited haha,0.23651452282157676
ham,"There're some people by mu, I'm at the table by lambda",0,54,medium,0.0,1.0,0.0,therere people mu im table lambda,0.2157676348547718
ham,And stop being an old man. You get to build snowman snow angels and snowball fights.,0,84,medium,0.0,1.0,0.0,stop old man get build snowman snow angels snowball fights,0.3402489626556016
ham,ELLO BABE U OK?,0,15,short,0.0,0.0,1.0,ello babe ok,0.05394190871369295
ham,Hello beautiful r u ok? I've kinda ad a row wiv and he walked out the pub?? I wanted a night wiv u Miss u ,0,106,long,1.0,0.0,0.0,hello beautiful ok ive kinda ad row wiv walked pub wanted night wiv miss,0.43153526970954353
ham,Then u going ikea str aft dat?,0,30,short,0.0,0.0,1.0,going ikea str aft dat,0.11618257261410789
ham,Becoz its  &lt;#&gt;  jan whn al the post ofice is in holiday so she cn go fr the post ofice...got it duffer,0,108,long,1.0,0.0,0.0,becoz ltgt jan whn al post ofice holiday cn go fr post oficegot duffer,0.43983402489626555
ham,Lol grr my mom is taking forever with my prescription. Pharmacy is like 2 minutes away. Ugh.,0,92,medium,0.0,1.0,0.0,lol grr mom taking forever prescription pharmacy like minutes away ugh,0.3734439834024896
ham,For real tho this sucks. I can't even cook my whole electricity is out. And I'm hungry.,0,87,medium,0.0,1.0,0.0,real tho sucks cant even cook whole electricity im hungry,0.3526970954356846
ham,You want to go? ,0,16,short,0.0,0.0,1.0,want go,0.058091286307053944
spam,New TEXTBUDDY Chat 2 horny guys in ur area 4 just 25p Free 2 receive Search postcode or at gaytextbuddy.com. TXT ONE name to 89693. 08715500022 rpl Stop 2 cnl,1,158,long,1.0,0.0,0.0,new textbuddy chat horny guys ur area free receive search postcode gaytextbuddycom txt one name rpl stop cnl,0.6473029045643154
ham,Its not that time of the month nor mid of the time?,0,51,medium,0.0,1.0,0.0,time month mid time,0.2033195020746888
ham,Fffff. Can you text kadeem or are you too far gone,0,50,medium,0.0,1.0,0.0,fffff text kadeem far gone,0.19917012448132781
ham,We not leaving yet. Ok lor then we go elsewhere n eat. U thk...,0,63,medium,0.0,1.0,0.0,leaving yet ok lor go elsewhere eat thk,0.25311203319502074
ham,Is fujitsu s series lifebook good?,0,34,short,0.0,0.0,1.0,fujitsu series lifebook good,0.13278008298755187
ham,Yar i wanted 2 scold u yest but late already... I where got zhong se qing you? If u ask me b4 he ask me then i'll go out w u all lor. N u still can act so real.,0,160,long,1.0,0.0,0.0,yar wanted scold yest late already got zhong se qing ask ask ill go lor still act real,0.6556016597510373
ham,Dont know you bring some food,0,29,short,0.0,0.0,1.0,dont know bring food,0.11203319502074689
ham,No current and food here. I am alone also,0,41,medium,0.0,1.0,0.0,current food alone also,0.16182572614107885
ham,I'll be in sch fr 4-6... I dun haf da book in sch... It's at home...,0,68,medium,0.0,1.0,0.0,ill sch fr dun haf da book sch home,0.2738589211618257
ham,Hello. They are going to the village pub at 8 so either come here or there accordingly. Ok?,0,91,medium,0.0,1.0,0.0,hello going village pub either come accordingly ok,0.3692946058091286
ham,Ok,0,2,short,0.0,0.0,1.0,ok,0.0
ham,We don call like  &lt;#&gt;  times oh. No give us hypertension oh.,0,66,medium,0.0,1.0,0.0,call like ltgt times oh give us hypertension oh,0.26556016597510373
ham,"Dont give a monkeys wot they think and i certainly don't mind. Any friend of mine&all that! Just don't sleep wiv , that wud be annoyin!",0,135,long,1.0,0.0,0.0,dont give monkeys wot think certainly dont mind friend mineall dont sleep wiv wud annoyin,0.5518672199170125
ham,Omg it could snow here tonite!,0,30,short,0.0,0.0,1.0,omg could snow tonite,0.11618257261410789
spam,Call from 08702490080 - tells u 2 call 09066358152 to claim å£5000 prize. U have 2 enter all ur mobile & personal details @ the prompts. Careful!,1,145,long,1.0,0.0,0.0,call tells call claim å£ prize enter ur mobile personal details prompts careful,0.5933609958506224
spam,Free 1st week entry 2 TEXTPOD 4 a chance 2 win 40GB iPod or å£250 cash every wk. Txt VPOD to 81303 Ts&Cs www.textpod.net custcare 08712405020.,1,142,long,1.0,0.0,0.0,free st week entry textpod chance win gb ipod å£ cash every wk txt vpod tscs custcare,0.5809128630705395
ham,Carry on not disturbing both of you,0,35,short,0.0,0.0,1.0,carry disturbing,0.13692946058091288
ham,What pa tell me.. I went to bath:-),0,35,short,0.0,0.0,1.0,pa tell went bath,0.13692946058091288
ham,Jus finished avatar nigro,0,25,short,0.0,0.0,1.0,jus finished avatar nigro,0.09543568464730291
ham,R u over scratching it?,0,23,short,0.0,0.0,1.0,scratching,0.08713692946058091
ham,Hope you are having a great day.,0,32,short,0.0,0.0,1.0,hope great day,0.12448132780082988
ham,Did either of you have any idea's? Do you know of anyplaces doing something?,0,76,medium,0.0,1.0,0.0,either ideas know anyplaces something,0.30705394190871366
ham,"My planning usually stops at \find hella weed  smoke hella weed\""""",0,66,medium,0.0,1.0,0.0,planning usually stops find hella weed smoke hella weed,0.26556016597510373
ham,"The fact that you're cleaning shows you know why i'm upset. Your priority is constantly \what i want to do \"" not \""what i need to do.\""""",0,137,long,1.0,0.0,0.0,fact youre cleaning shows know im upset priority constantly want need,0.5601659751037344
ham,Excellent! Are you ready to moan and scream in ecstasy?,0,55,medium,0.0,1.0,0.0,excellent ready moan scream ecstasy,0.21991701244813278
spam,More people are dogging in your area now. Call 09090204448 and join like minded guys. Why not arrange 1 yourself. There's 1 this evening. Aå£1.50 minAPN LS278BB,1,160,long,1.0,0.0,0.0,people dogging area call join like minded guys arrange theres evening aå£ minapn ls bb,0.6556016597510373
ham,Dude avatar 3d was imp. At one point i thought there were actually flies in the room and almost tried hittng one as a reflex,0,124,long,1.0,0.0,0.0,dude avatar imp one point thought actually flies room almost tried hittng one reflex,0.5062240663900415
spam,"WELL DONE! Your 4* Costa Del Sol Holiday or å£5000 await collection. Call 09050090044 Now toClaim. SAE, TCs, POBox334, Stockport, SK38xh, Costå£1.50/pm, Max10mins",1,162,long,1.0,0.0,0.0,well done costa del sol holiday å£ await collection call toclaim sae tcs pobox stockport sk xh costå£ pm max mins,0.6639004149377594
ham,K...k:)why cant you come here and search job:),0,46,medium,0.0,1.0,0.0,kkwhy cant come search job,0.1825726141078838
ham,I got lousy sleep. I kept waking up every 2 hours to see if my cat wanted to come in. I worry about him when its cold :(,0,120,long,1.0,0.0,0.0,got lousy sleep kept waking every hours see cat wanted come worry cold,0.4896265560165975
ham,"Yeah, I'll leave in a couple minutes &amp; let you know when I get to mu",0,72,medium,0.0,1.0,0.0,yeah ill leave couple minutes amp let know get mu,0.2904564315352697
ham,Can Ì_ call me at 10:10 to make sure dat i've woken up...,0,57,medium,0.0,1.0,0.0,call make sure dat ive woken,0.22821576763485477
ham,Hey we can go jazz power yoga hip hop kb and yogasana ,0,54,medium,0.0,1.0,0.0,hey go jazz power yoga hip hop kb yogasana,0.2157676348547718
ham,The battery is for mr adewale my uncle. Aka Egbon,0,49,medium,0.0,1.0,0.0,battery mr adewale uncle aka egbon,0.1950207468879668
ham,Wait 2 min..stand at bus stop,0,29,short,0.0,0.0,1.0,wait minstand bus stop,0.11203319502074689
ham,Oh ic. I thought you meant mary jane.,0,37,short,0.0,0.0,1.0,oh ic thought meant mary jane,0.14522821576763487
ham,Haha... Really oh no... How? Then will they deduct your lesson tmr?,0,67,medium,0.0,1.0,0.0,haha really oh deduct lesson tmr,0.2697095435684647
ham,Nah im goin 2 the wrks with j wot bout u?,0,41,medium,0.0,1.0,0.0,nah im goin wrks wot bout,0.16182572614107885
ham,Then just eat a shit and wait for ur monkey face bitch.......... U asshole..................,0,92,medium,0.0,1.0,0.0,eat shit wait ur monkey face bitch asshole,0.3734439834024896
ham,Good night. Am going to sleep.,0,30,short,0.0,0.0,1.0,good night going sleep,0.11618257261410789
ham,"Aight I'll grab something to eat too, text me when you're back at mu",0,68,medium,0.0,1.0,0.0,aight ill grab something eat text youre back mu,0.2738589211618257
ham,Take something for pain. If it moves however to any side in the next 6hrs see a doctor.,0,87,medium,0.0,1.0,0.0,take something pain moves however side next hrs see doctor,0.3526970954356846
ham,"Lol ... Oh no babe, I wont be sliding into your place after midnight, but thanks for the invite",0,95,medium,0.0,1.0,0.0,lol oh babe wont sliding place midnight thanks invite,0.3858921161825726
ham,Howz that persons story,0,23,short,0.0,0.0,1.0,howz persons story,0.08713692946058091
spam,Guess what! Somebody you know secretly fancies you! Wanna find out who it is? Give us a call on 09065394973 from Landline DATEBox1282EssexCM61XN 150p/min 18,1,156,long,1.0,0.0,0.0,guess somebody know secretly fancies wanna find give us call landline datebox essexcm xn pmin,0.6390041493775934
ham,LOL that would be awesome payback.,0,34,short,0.0,0.0,1.0,lol would awesome payback,0.13278008298755187
spam,it to 80488. Your 500 free text messages are valid until 31 December 2005.,1,74,medium,0.0,1.0,0.0,free text messages valid december,0.2987551867219917
ham,"Honeybee Said: *I'm d Sweetest in d World* God Laughed &amp; Said: *Wait,U Havnt Met d Person Reading This Msg* MORAL: Even GOD Can Crack Jokes! GM+GN+GE+GN:)",0,158,long,1.0,0.0,0.0,honeybee said im sweetest world god laughed amp said waitu havnt met person reading msg moral even god crack jokes gmgngegn,0.6473029045643154
ham,Thanks. It was only from tescos but quite nice. All gone now. Speak soon ,0,73,medium,0.0,1.0,0.0,thanks tescos quite nice gone speak soon,0.29460580912863066
ham,What's a feathery bowa? Is that something guys have that I don't know about?,0,76,medium,0.0,1.0,0.0,whats feathery bowa something guys dont know,0.30705394190871366
ham,Even i cant close my eyes you are in me our vava playing umma :-D,0,65,medium,0.0,1.0,0.0,even cant close eyes vava playing umma,0.2614107883817427
ham,2 laptop... I noe infra but too slow lar... I wan fast one,0,58,medium,0.0,1.0,0.0,laptop noe infra slow lar wan fast one,0.23236514522821577
spam,You have won a guaranteed å£200 award or even å£1000 cashto claim UR award call free on 08000407165 (18+) 2 stop getstop on 88222 PHP,1,133,long,1.0,0.0,0.0,guaranteed å£ award even å£ cashto claim ur award call free stop getstop php,0.5435684647302905
ham,Nvm it's ok...,0,14,short,0.0,0.0,1.0,nvm ok,0.049792531120331954
ham,Enjoy ur life. . Good night,0,27,short,0.0,0.0,1.0,enjoy ur life good night,0.1037344398340249
ham,Yes but can we meet in town cos will go to gep and then home. You could text at bus stop. And don't worry we'll have finished by march Û_ ish!,0,143,long,1.0,0.0,0.0,yes meet town cos go gep home could text bus stop dont worry well finished march û ish,0.5850622406639004
ham,Thats cool. Where should i cum? On you or in you? :),0,52,medium,0.0,1.0,0.0,thats cool cum,0.2074688796680498
ham,Delhi and chennai still silent.,0,31,short,0.0,0.0,1.0,delhi chennai still silent,0.12033195020746887
ham,Lol alright i was thinkin that too haha,0,39,short,0.0,0.0,1.0,lol alright thinkin haha,0.15352697095435686
spam,Reply to win å£100 weekly! Where will the 2006 FIFA World Cup be held? Send STOP to 87239 to end service,1,104,long,1.0,0.0,0.0,reply win å£ weekly fifa world cup held send stop end service,0.42323651452282157
ham,No I'm in the same boat. Still here at my moms. Check me out on yo. I'm half naked.,0,83,medium,0.0,1.0,0.0,im boat still moms check yo im half naked,0.33609958506224064
ham,Shhhhh nobody is supposed to know!,0,34,short,0.0,0.0,1.0,shhhhh nobody supposed know,0.13278008298755187
ham,"Sorry, I'll call later in meeting any thing related to trade please call Arul. &lt;#&gt; ",0,89,medium,0.0,1.0,0.0,sorry ill call later meeting thing related trade please call arul ltgt,0.36099585062240663
ham,Hey i will be late... i'm at amk. Need to drink tea or coffee,0,61,medium,0.0,1.0,0.0,hey late im amk need drink tea coffee,0.24481327800829875
spam,Urgent! Please call 09061743810 from landline. Your ABTA complimentary 4* Tenerife Holiday or #5000 cash await collection SAE T&Cs Box 326 CW25WX 150 ppm,1,153,long,1.0,0.0,0.0,urgent please call landline abta complimentary tenerife holiday cash await collection sae tcs box cw wx ppm,0.6265560165975104
ham,The length is e same but e top shorter n i got a fringe now. I thk i'm not going liao. Too lazy. Dun wan 2 distract u also.,0,123,long,1.0,0.0,0.0,length top shorter got fringe thk im going liao lazy dun wan distract also,0.5020746887966805
ham,S..antha num corrct dane,0,24,short,0.0,0.0,1.0,santha num corrct dane,0.09128630705394192
ham,The basket's gettin full so I might be by tonight,0,49,medium,0.0,1.0,0.0,baskets gettin full might tonight,0.1950207468879668
ham,HI DARLIN IVE JUST GOT BACK AND I HAD A REALLY NICE NIGHT AND THANKS SO MUCH FOR THE LIFT SEE U TOMORROW XXX,0,108,long,1.0,0.0,0.0,hi darlin ive got back really nice night thanks much lift see tomorrow xxx,0.43983402489626555
ham,No other Valentines huh? The proof is on your fb page. Ugh I'm so glad I really DIDN'T watch your rupaul show you TOOL!,0,119,long,1.0,0.0,0.0,valentines huh proof fb page ugh im glad really didnt watch rupaul show tool,0.4854771784232365
spam,Free tones Hope you enjoyed your new content. text stop to 61610 to unsubscribe. help:08712400602450p Provided by tones2you.co.uk,1,129,long,1.0,0.0,0.0,free tones hope enjoyed new content text stop unsubscribe help provided tones youcouk,0.5269709543568465
ham,Eh den sat u book e kb liao huh...,0,34,short,0.0,0.0,1.0,eh den sat book kb liao huh,0.13278008298755187
ham,Have you been practising your curtsey?,0,38,short,0.0,0.0,1.0,practising curtsey,0.14937759336099585
ham,Lol boo I was hoping for a laugh,0,32,short,0.0,0.0,1.0,lol boo hoping laugh,0.12448132780082988
ham,"\YEH I AM DEF UP4 SOMETHING SAT JUST GOT PAYED2DAY & I HAVBEEN GIVEN Aå£50 PAY RISE 4MY WORK & HAVEBEEN MADE PRESCHOOLCO-ORDINATOR 2I AM FEELINGOOD LUV\""""",0,154,long,1.0,0.0,0.0,yeh def something sat got payed day havbeen given aå£ pay rise work havebeen made preschoolcoordinator feelingood luv,0.6307053941908713
ham,"Well, I have to leave for my class babe ... You never came back to me ... :-( ... Hope you have a nice sleep, my love",0,117,long,1.0,0.0,0.0,well leave class babe never came back hope nice sleep love,0.4771784232365145
ham,LMAO where's your fish memory when I need it?,0,45,medium,0.0,1.0,0.0,lmao wheres fish memory need,0.17842323651452283
ham,But i'll b going 2 sch on mon. My sis need 2 take smth.,0,55,medium,0.0,1.0,0.0,ill going sch mon sis need take smth,0.21991701244813278
ham,Idea will soon get converted to live:),0,38,short,0.0,0.0,1.0,idea soon get converted live,0.14937759336099585
spam,TheMob>Yo yo yo-Here comes a new selection of hot downloads for our members to get for FREE! Just click & open the next link sent to ur fone...,1,143,long,1.0,0.0,0.0,themobyo yo yohere comes new selection hot downloads members get free click open next link sent ur fone,0.5850622406639004
ham,S....s...india going to draw the series after many years in south african soil..,0,80,medium,0.0,1.0,0.0,ssindia going draw series many years south african soil,0.32365145228215764
ham,"Goodmorning, today i am late for  &lt;DECIMAL&gt; min.",0,54,medium,0.0,1.0,0.0,goodmorning today late ltdecimalgt min,0.2157676348547718
ham,Can't take any major roles in community outreach. You rock mel,0,62,medium,0.0,1.0,0.0,cant take major roles community outreach rock mel,0.24896265560165973
ham,Shopping lor. Them raining mah hard 2 leave orchard.,0,52,medium,0.0,1.0,0.0,shopping lor raining mah hard leave orchard,0.2074688796680498
ham,Hi here. have birth at on the  to  at 8lb 7oz. Mother and baby doing brilliantly.,0,81,medium,0.0,1.0,0.0,hi birth lb oz mother baby brilliantly,0.3278008298755187
ham,See the forwarding message for proof,0,36,short,0.0,0.0,1.0,see forwarding message proof,0.14107883817427386
ham,Dunno lei... I thk mum lazy to go out... I neva ask her yet...,0,62,medium,0.0,1.0,0.0,dunno lei thk mum lazy go neva ask yet,0.24896265560165973
ham,"Beautiful Truth against Gravity.. Read carefully: \Our heart feels light when someone is in it.. But it feels very heavy when someone leaves it..\"" GOODMORNING""",0,160,long,1.0,0.0,0.0,beautiful truth gravity read carefully heart feels light someone feels heavy someone leaves goodmorning,0.6556016597510373
spam,Great News! Call FREEFONE 08006344447 to claim your guaranteed å£1000 CASH or å£2000 gift. Speak to a live operator NOW!,1,120,long,1.0,0.0,0.0,great news call freefone claim guaranteed å£ cash å£ gift speak live operator,0.4896265560165975
ham,Ambrith..madurai..met u in arun dha marrge..remembr?,0,52,medium,0.0,1.0,0.0,ambrithmaduraimet arun dha marrgeremembr,0.2074688796680498
ham,Just re read it and I have no shame but tell me how he takes it and if he runs I will blame u 4 ever!! Not really 4 ever just a long time ,0,138,long,1.0,0.0,0.0,read shame tell takes runs blame ever really ever long time,0.5643153526970954
ham,"Princess, is your kitty shaved or natural?",0,42,medium,0.0,1.0,0.0,princess kitty shaved natural,0.16597510373443983
ham,"Better than bb. If he wont use it, his wife will or them doctor",0,63,medium,0.0,1.0,0.0,better bb wont use wife doctor,0.25311203319502074
ham,Ya it came a while ago,0,22,short,0.0,0.0,1.0,ya came ago,0.08298755186721991
ham,From tomorrow onwards eve 6 to 3 work.,0,38,short,0.0,0.0,1.0,tomorrow onwards eve work,0.14937759336099585
ham,Anything lor but toa payoh got place 2 walk meh...,0,50,medium,0.0,1.0,0.0,anything lor toa payoh got place walk meh,0.19917012448132781
ham,"I don't have anybody's number, I still haven't thought up a tactful way to ask alex",0,83,medium,0.0,1.0,0.0,dont anybodys number still havent thought tactful way ask alex,0.33609958506224064
spam,"U can WIN å£100 of Music Gift Vouchers every week starting NOW Txt the word DRAW to 87066 TsCs www.ldew.com SkillGame,1Winaweek, age16.150ppermessSubscription",1,158,long,1.0,0.0,0.0,win å£ music gift vouchers every week starting txt word draw tscs skillgame winaweek age ppermesssubscription,0.6473029045643154
ham,Is there any movie theatre i can go to and watch unlimited movies and just pay once?,0,84,medium,0.0,1.0,0.0,movie theatre go watch unlimited movies pay,0.3402489626556016
ham,U having lunch alone? I now so bored...,0,39,short,0.0,0.0,1.0,lunch alone bored,0.15352697095435686
ham,"Yes obviously, but you are the eggs-pert and the potato headÛ_ Speak soon! ",0,76,medium,0.0,1.0,0.0,yes obviously eggspert potato headû speak soon,0.30705394190871366
ham,"Nah man, my car is meant to be crammed full of people",0,53,medium,0.0,1.0,0.0,nah man car meant crammed full people,0.21161825726141079
ham,No got new job at bar in airport on satsgettin 4.47per hour but means no lie in! keep in touch,0,94,medium,0.0,1.0,0.0,got new job bar airport satsgettin per hour means lie keep touch,0.3817427385892116
ham,Kallis is ready for bat in 2nd innings,0,38,short,0.0,0.0,1.0,kallis ready bat nd innings,0.14937759336099585
ham,Thanx but my birthday is over already.,0,38,short,0.0,0.0,1.0,thanx birthday already,0.14937759336099585
ham,"Ugh y can't u just apologize, admit u were wrong and ask me to take u back?",0,75,medium,0.0,1.0,0.0,ugh cant apologize admit wrong ask take back,0.3029045643153527
ham,"I noe la... U wana pei bf oso rite... K lor, other days den...",0,62,medium,0.0,1.0,0.0,noe la wana pei bf oso rite lor days den,0.24896265560165973
ham,"Yes, i'm small kid.. And boost is the secret of my energy..",0,59,medium,0.0,1.0,0.0,yes im small kid boost secret energy,0.23651452282157676
ham,IM GONNA MISS U SO MUCH,0,23,short,0.0,0.0,1.0,im gonna miss much,0.08713692946058091
ham,Is avatar supposed to have subtoitles,0,37,short,0.0,0.0,1.0,avatar supposed subtoitles,0.14522821576763487
ham,Simply sitting and watching match in office..,0,45,medium,0.0,1.0,0.0,simply sitting watching match office,0.17842323651452283
ham,You can jot down things you want to remember later.,0,51,medium,0.0,1.0,0.0,jot things want remember later,0.2033195020746888
ham,Oh sorry please its over,0,24,short,0.0,0.0,1.0,oh sorry please,0.09128630705394192
ham,Hey are we going for the lo lesson or gym? ,0,43,medium,0.0,1.0,0.0,hey going lo lesson gym,0.17012448132780084
ham,"Dont pack what you can buy at any store.like cereals. If you must pack food, pack gari or something 9ja that you will miss.",0,123,long,1.0,0.0,0.0,dont pack buy storelike cereals must pack food pack gari something ja miss,0.5020746887966805
ham,You always make things bigger than they are,0,43,medium,0.0,1.0,0.0,always make things bigger,0.17012448132780084
ham,ÌÏ dun wan to watch infernal affair?,0,36,short,0.0,0.0,1.0,ìï dun wan watch infernal affair,0.14107883817427386
ham,"Me not waking up until 4 in the afternoon, sup",0,46,medium,0.0,1.0,0.0,waking afternoon sup,0.1825726141078838
ham,I can send you a pic if you like :),0,35,short,0.0,0.0,1.0,send pic like,0.13692946058091288
ham,Okay... I booked all already... Including the one at bugis.,0,59,medium,0.0,1.0,0.0,okay booked already including one bugis,0.23651452282157676
ham,"Aight fuck it, I'll get it later",0,32,short,0.0,0.0,1.0,aight fuck ill get later,0.12448132780082988
ham,No de. But call me after some time. Ill tell you k,0,50,medium,0.0,1.0,0.0,de call time ill tell,0.19917012448132781
ham,So dont use hook up any how,0,27,short,0.0,0.0,1.0,dont use hook,0.1037344398340249
ham,How much is blackberry bold2 in nigeria.,0,40,medium,0.0,1.0,0.0,much blackberry bold nigeria,0.15767634854771784
ham,Hi where you. You in home or calicut?,0,37,short,0.0,0.0,1.0,hi home calicut,0.14522821576763487
ham,Hey darlin.. i can pick u up at college if u tell me wen & where 2 mt.. love Pete xx,0,84,medium,0.0,1.0,0.0,hey darlin pick college tell wen mt love pete xx,0.3402489626556016
spam,"Call 09094100151 to use ur mins! Calls cast 10p/min (mob vary). Service provided by AOM, just GBP5/month. AOM Box61,M60 1ER until u stop. Ages 18+ only!",1,152,long,1.0,0.0,0.0,call use ur mins calls cast pmin mob vary service provided aom gbp month aom box er stop ages,0.6224066390041494
ham,"Oh... I was thkin of goin yogasana at 10 den no nd to go at 3 den can rush to parco 4 nb... Okie lor, u call me when ready...",0,125,long,1.0,0.0,0.0,oh thkin goin yogasana den nd go den rush parco nb okie lor call ready,0.5103734439834026
ham,Y so late but i need to go n get da laptop...,0,45,medium,0.0,1.0,0.0,late need go get da laptop,0.17842323651452283
ham,"Sir, I am waiting for your mail.",0,32,short,0.0,0.0,1.0,sir waiting mail,0.12448132780082988
ham,.Please charge my mobile when you get up in morning.,0,52,medium,0.0,1.0,0.0,please charge mobile get morning,0.2074688796680498
ham,"Nothing, i got msg frm tht unknown no..",0,39,short,0.0,0.0,1.0,nothing got msg frm tht unknown,0.15352697095435686
ham,Ugh fuck it I'm resubbing to eve,0,32,short,0.0,0.0,1.0,ugh fuck im resubbing eve,0.12448132780082988
ham,He didn't see his shadow. We get an early spring yay,0,52,medium,0.0,1.0,0.0,didnt see shadow get early spring yay,0.2074688796680498
ham,I did. One slice and one breadstick. Lol,0,40,medium,0.0,1.0,0.0,one slice one breadstick lol,0.15767634854771784
ham,"Hey ! I want you ! I crave you ! I miss you ! I need you ! I love you, Ahmad Saeed al Hallaq ...",0,96,medium,0.0,1.0,0.0,hey want crave miss need love ahmad saeed al hallaq,0.3900414937759336
ham,Is there any training tomorrow?,0,31,short,0.0,0.0,1.0,training tomorrow,0.12033195020746887
spam,"URGENT! Your mobile No *********** WON a å£2,000 Bonus Caller Prize on 02/06/03! This is the 2nd attempt to reach YOU! Call 09066362220 ASAP! BOX97N7QP, 150ppm",1,159,long,1.0,0.0,0.0,urgent mobile å£ bonus caller prize nd attempt reach call asap box qp ppm,0.6514522821576764
ham,Cos daddy arranging time c wat time fetch Ì_ mah...,0,51,medium,0.0,1.0,0.0,cos daddy arranging time wat time fetch mah,0.2033195020746888
ham,Then. You are eldest know.,0,26,short,0.0,0.0,1.0,eldest know,0.09958506224066391
ham,Who's there say hi to our drugdealer,0,36,short,0.0,0.0,1.0,whos say hi drugdealer,0.14107883817427386
ham,Its hard to believe things like this. All can say lie but think twice before saying anything to me.,0,99,medium,0.0,1.0,0.0,hard believe things like say lie think twice saying anything,0.40248962655601656
spam,"Eerie Nokia tones 4u, rply TONE TITLE to 8007 eg TONE DRACULA to 8007 Titles: GHOST, ADDAMSFA, MUNSTERS, EXORCIST, TWILIGHT www.getzed.co.uk POBox36504W45WQ 150p ",1,162,long,1.0,0.0,0.0,eerie nokia tones rply tone title eg tone dracula titles ghost addamsfa munsters exorcist twilight pobox wq,0.6639004149377594
spam,Sexy Singles are waiting for you! Text your AGE followed by your GENDER as wither M or F E.G.23F. For gay men text your AGE followed by a G. e.g.23G.,1,149,long,1.0,0.0,0.0,sexy singles waiting text age followed gender wither eg gay men text age followed eg,0.6099585062240664
ham,Good night my dear.. Sleepwell&amp;Take care,0,44,medium,0.0,1.0,0.0,good night dear sleepwellamptake care,0.17427385892116182
ham,That is wondarfull song,0,23,short,0.0,0.0,1.0,wondarfull song,0.08713692946058091
spam,"FreeMsg: Claim ur 250 SMS messages-Text OK to 84025 now!Use web2mobile 2 ur mates etc. Join Txt250.com for 1.50p/wk. T&C BOX139, LA32WU. 16 . Remove txtX or stop",1,161,long,1.0,0.0,0.0,freemsg claim ur sms messagestext ok nowuse web mobile ur mates etc join txt com pwk tc box la wu remove txtx stop,0.6597510373443983
ham,Yar lor actually we quite fast... Cos da ge slow wat... Haha...,0,63,medium,0.0,1.0,0.0,yar lor actually quite fast cos da ge slow wat haha,0.25311203319502074
ham,Must come later.. I normally bathe him in da afternoon mah..,0,60,medium,0.0,1.0,0.0,must come later normally bathe da afternoon mah,0.24066390041493776
ham,"Trust me. Even if isn't there, its there.",0,41,medium,0.0,1.0,0.0,trust even isnt,0.16182572614107885
ham,Hey hun-onbus goin 2 meet him. He wants 2go out 4a meal but I donyt feel like it cuz have 2 get last bus home!But hes sweet latelyxxx,0,133,long,1.0,0.0,0.0,hey hunonbus goin meet wants go meal donyt feel like cuz get last bus homebut hes sweet latelyxxx,0.5435684647302905
spam,85233 FREE>Ringtone!Reply REAL,1,30,short,0.0,0.0,1.0,freeringtonereply real,0.11618257261410789
ham,I can take you at like noon,0,27,short,0.0,0.0,1.0,take like noon,0.1037344398340249
ham,Where is it. Is there any opening for mca.,0,42,medium,0.0,1.0,0.0,opening mca,0.16597510373443983
ham,I'm aight. Wat's happening on your side.,0,40,medium,0.0,1.0,0.0,im aight wats happening side,0.15767634854771784
ham,I'm done oredi...,0,17,short,0.0,0.0,1.0,im done oredi,0.06224066390041494
ham,"you are sweet as well, princess. Please tell me your likes and dislikes in bed...",0,81,medium,0.0,1.0,0.0,sweet well princess please tell likes dislikes bed,0.3278008298755187
ham,How are you. Wish you a great semester,0,38,short,0.0,0.0,1.0,wish great semester,0.14937759336099585
ham,Moji i love you more than words. Have a rich day,0,48,medium,0.0,1.0,0.0,moji love words rich day,0.19087136929460582
ham,Dude how do you like the buff wind.,0,35,short,0.0,0.0,1.0,dude like buff wind,0.13692946058091288
ham,"\alright babe  justthought iåÕd sayhey! how u doin?nearly the endof me wk offdam nevamind!We will have 2Hook up sn if uwant m8? loveJen x.\""""",0,141,long,1.0,0.0,0.0,alright babe justthought iåõd sayhey doinnearly endof wk offdam nevamindwe hook sn uwant lovejen,0.5767634854771785
spam,Well done ENGLAND! Get the official poly ringtone or colour flag on yer mobile! text TONE or FLAG to 84199 NOW! Opt-out txt ENG STOP. Box39822 W111WX å£1.50,1,156,long,1.0,0.0,0.0,well done england get official poly ringtone colour flag yer mobile text tone flag optout txt eng stop box wx å£,0.6390041493775934
ham,S:-)kallis wont play in first two odi:-),0,40,medium,0.0,1.0,0.0,skallis wont play first two odi,0.15767634854771784
ham,Then get some cash together and I'll text jason,0,47,medium,0.0,1.0,0.0,get cash together ill text jason,0.18672199170124482
ham,"Oh, my love, it's soooo good to hear from you. Omg I missed you so much today. I'm sorry your having problems with the provider but thank you for tming me",0,154,long,1.0,0.0,0.0,oh love soooo good hear omg missed much today im sorry problems provider thank tming,0.6307053941908713
spam,"Final Chance! Claim ur å£150 worth of discount vouchers today! Text YES to 85023 now! SavaMob, member offers mobile! T Cs SavaMob POBOX84, M263UZ. å£3.00 Subs 16",1,161,long,1.0,0.0,0.0,final chance claim ur å£ worth discount vouchers today text yes savamob member offers mobile cs savamob pobox uz å£ subs,0.6597510373443983
ham,"Probably, want to pick up more?",0,31,short,0.0,0.0,1.0,probably want pick,0.12033195020746887
ham,I'm done...,0,11,short,0.0,0.0,1.0,im done,0.03734439834024896
ham,Are you the cutest girl in the world or what,0,44,medium,0.0,1.0,0.0,cutest girl world,0.17427385892116182
ham,"No dice, art class 6 thru 9 :( thanks though. Any idea what time I should come tomorrow?",0,88,medium,0.0,1.0,0.0,dice art class thru thanks though idea time come tomorrow,0.3568464730290456
spam,"SMS SERVICES. for your inclusive text credits, pls goto www.comuk.net login= ***** unsubscribe with STOP. no extra charge. help:08700469649. PO BOX420. IP4 5WE",1,159,long,1.0,0.0,0.0,sms services inclusive text credits pls goto login unsubscribe stop extra charge help po box ip,0.6514522821576764
ham,Oh Howda gud gud.. Mathe en samachara chikku:-),0,47,medium,0.0,1.0,0.0,oh howda gud gud mathe en samachara chikku,0.18672199170124482
ham,I thk 530 lor. But dunno can get tickets a not. Wat u doing now?,0,64,medium,0.0,1.0,0.0,thk lor dunno get tickets wat,0.2572614107883817
ham,Audrie lousy autocorrect,0,24,short,0.0,0.0,1.0,audrie lousy autocorrect,0.09128630705394192
ham,Its a site to simulate the test. It just gives you very tough questions to test your readiness.,0,95,medium,0.0,1.0,0.0,site simulate test gives tough questions test readiness,0.3858921161825726
ham,Anyway seriously hit me up when you're back because otherwise I have to light up with armand and he always has shit and/or is vomiting,0,134,long,1.0,0.0,0.0,anyway seriously hit youre back otherwise light armand always shit andor vomiting,0.5477178423236515
ham,I fetch yun or u fetch?,0,23,short,0.0,0.0,1.0,fetch yun fetch,0.08713692946058091
ham,Thank you. I like you as well...,0,32,short,0.0,0.0,1.0,thank like well,0.12448132780082988
ham,"Hmmm ... And imagine after you've come home from that having to rub my feet, make me dinner and help me get ready for my date ! Are you sure your ready for that kind of life ?",0,175,long,1.0,0.0,0.0,hmmm imagine youve come home rub feet make dinner help get ready date sure ready kind life,0.7178423236514523
ham,Lara said she can loan me  &lt;#&gt; .,0,38,short,0.0,0.0,1.0,lara said loan ltgt,0.14937759336099585
ham,Do we have any spare power supplies,0,35,short,0.0,0.0,1.0,spare power supplies,0.13692946058091288
ham,Yar he quite clever but aft many guesses lor. He got ask me 2 bring but i thk darren not so willing 2 go. Aiya they thk leona still not attach wat.,0,147,long,1.0,0.0,0.0,yar quite clever aft many guesses lor got ask bring thk darren willing go aiya thk leona still attach wat,0.6016597510373445
spam,You are a winner you have been specially selected to receive å£1000 cash or a å£2000 award. Speak to a live operator to claim call 087123002209am-7pm. Cost 10p,1,159,long,1.0,0.0,0.0,winner specially selected receive å£ cash å£ award speak live operator claim call pm cost,0.6514522821576764
ham,"Yeah, don't go to bed, I'll be back before midnight",0,51,medium,0.0,1.0,0.0,yeah dont go bed ill back midnight,0.2033195020746888
spam,"Sunshine Hols. To claim ur med holiday send a stamped self address envelope to Drinks on Us UK, PO Box 113, Bray, Wicklow, Eire. Quiz Starts Saturday! Unsub Stop",1,161,long,1.0,0.0,0.0,sunshine hols claim ur med holiday send stamped self address envelope drinks us uk po box bray wicklow eire quiz starts saturday unsub stop,0.6597510373443983
ham,Well I wasn't available as I washob nobbing with last night so they had to ask Nickey Platt instead of me!;,0,107,long,1.0,0.0,0.0,well wasnt available washob nobbing last night ask nickey platt instead,0.4356846473029045
ham,"It's that time of the week again, ryan",0,38,short,0.0,0.0,1.0,time week ryan,0.14937759336099585
ham,Wish u many many returns of the day.. Happy birthday vikky..,0,60,medium,0.0,1.0,0.0,wish many many returns day happy birthday vikky,0.24066390041493776
spam,"U can WIN å£100 of Music Gift Vouchers every week starting NOW Txt the word DRAW to 87066 TsCs www.Idew.com SkillGame, 1Winaweek, age16. 150ppermessSubscription",1,160,long,1.0,0.0,0.0,win å£ music gift vouchers every week starting txt word draw tscs skillgame winaweek age ppermesssubscription,0.6556016597510373
ham,I hope you know I'm still mad at you.,0,37,short,0.0,0.0,1.0,hope know im still mad,0.14522821576763487
ham,"Argh my 3g is spotty, anyway the only thing I remember from the research we did was that province and sterling were the only problem-free places we looked at",0,157,long,1.0,0.0,0.0,argh spotty anyway thing remember research province sterling problemfree places looked,0.6431535269709544
ham,In xam hall boy asked girl Tell me the starting term for dis answer I can den manage on my own After lot of hesitation n lookin around silently she said THE! intha ponnungale ipaditan;),0,185,long,1.0,0.0,0.0,xam hall boy asked girl tell starting term dis answer den manage lot hesitation lookin around silently said intha ponnungale ipaditan,0.7593360995850623
ham,Do you know when the result.,0,28,short,0.0,0.0,1.0,know result,0.1078838174273859
ham,"Sorry im getting up now, feel really bad- totally rejected that kinda me thing.",0,79,medium,0.0,1.0,0.0,sorry im getting feel really bad totally rejected kinda thing,0.31950207468879666
ham,You do got a shitload of diamonds though,0,40,medium,0.0,1.0,0.0,got shitload diamonds though,0.15767634854771784
ham,Tessy..pls do me a favor. Pls convey my birthday wishes to Nimya..pls dnt forget it. Today is her birthday Shijas,0,113,long,1.0,0.0,0.0,tessypls favor pls convey birthday wishes nimyapls dnt forget today birthday shijas,0.4605809128630705
ham,Well I'm going to be an aunty!,0,30,short,0.0,0.0,1.0,well im going aunty,0.11618257261410789
ham,Mine here like all fr china then so noisy.,0,42,medium,0.0,1.0,0.0,mine like fr china noisy,0.16597510373443983
ham,Later i guess. I needa do mcat study too.,0,41,medium,0.0,1.0,0.0,later guess needa mcat study,0.16182572614107885
ham,S...from the training manual it show there is no tech process:)its all about password reset and troubleshooting:),0,113,long,1.0,0.0,0.0,sfrom training manual show tech processits password reset troubleshooting,0.4605809128630705
spam,Your B4U voucher w/c 27/03 is MARSMS. Log onto www.B4Utele.com for discount credit. To opt out reply stop. Customer care call 08717168528,1,137,long,1.0,0.0,0.0,voucher wc marsms log onto discount credit opt reply stop customer care call,0.5601659751037344
ham,"Carlos took a while (again), we leave in a minute",0,49,medium,0.0,1.0,0.0,carlos took leave minute,0.1950207468879668
ham,Well done and ! luv ya all ,0,27,short,0.0,0.0,1.0,well done luv ya,0.1037344398340249
ham,Then why you came to hostel.,0,28,short,0.0,0.0,1.0,came hostel,0.1078838174273859
ham,K still are you loving me.,0,26,short,0.0,0.0,1.0,still loving,0.09958506224066391
ham,But i juz remembered i gotta bathe my dog today..,0,49,medium,0.0,1.0,0.0,juz remembered gotta bathe dog today,0.1950207468879668
ham,After the drug she will be able to eat.,0,39,short,0.0,0.0,1.0,drug able eat,0.15352697095435686
ham,Alright took the morphine. Back in yo.,0,38,short,0.0,0.0,1.0,alright took morphine back yo,0.14937759336099585
ham,You see the requirements please,0,31,short,0.0,0.0,1.0,see requirements please,0.12033195020746887
ham,You stayin out of trouble stranger!!saw Dave the other day heåÕs sorted now!still with me bloke when u gona get a girl MR!ur mum still Thinks we will get 2GETHA! ,0,162,long,1.0,0.0,0.0,stayin trouble strangersaw dave day heåõs sorted nowstill bloke gona get girl mrur mum still thinks get getha,0.6639004149377594
spam,FreeMsg: Hey - I'm Buffy. 25 and love to satisfy men. Home alone feeling randy. Reply 2 C my PIX! QlynnBV Help08700621170150p a msg Send stop to stop txts,1,154,long,1.0,0.0,0.0,freemsg hey im buffy love satisfy men home alone feeling randy reply pix qlynnbv help msg send stop stop txts,0.6307053941908713
ham,So can collect ur laptop?,0,25,short,0.0,0.0,1.0,collect ur laptop,0.09543568464730291
ham,"Ok. Can be later showing around 8-8:30 if you want + cld have drink before. Wld prefer not to spend money on nosh if you don't mind, as doing that nxt wk.",0,154,long,1.0,0.0,0.0,ok later showing around want cld drink wld prefer spend money nosh dont mind nxt wk,0.6307053941908713
ham,I will once i get home,0,22,short,0.0,0.0,1.0,get home,0.08298755186721991
ham,Waaaat?? Lololo ok next time then!,0,34,short,0.0,0.0,1.0,waaaat lololo ok next time,0.13278008298755187
ham,"The table's occupied, I'm waiting by the tree",0,45,medium,0.0,1.0,0.0,tables occupied im waiting tree,0.17842323651452283
ham,I surely dont forgot to come:)i will always be in touch in with you:-),0,70,medium,0.0,1.0,0.0,surely dont forgot comei always touch,0.2821576763485477
ham,Hi kindly give us back our documents which we submitted for loan from STAPATI,0,77,medium,0.0,1.0,0.0,hi kindly give us back documents submitted loan stapati,0.31120331950207464
ham,I dont have i shall buy one dear,0,32,short,0.0,0.0,1.0,dont shall buy one dear,0.12448132780082988
ham,Oh god i am happy to see your message after 3 days,0,50,medium,0.0,1.0,0.0,oh god happy see message days,0.19917012448132781
ham,What year. And how many miles.,0,30,short,0.0,0.0,1.0,year many miles,0.11618257261410789
ham,Hey cutie. How goes it? Here in WALES its kinda ok. There is like hills and shit but i still avent killed myself. ,0,114,long,1.0,0.0,0.0,hey cutie goes wales kinda ok like hills shit still avent killed,0.4647302904564315
ham,I think you should go the honesty road. Call the bank tomorrow. Its the tough decisions that make us great people.,0,114,long,1.0,0.0,0.0,think go honesty road call bank tomorrow tough decisions make us great people,0.4647302904564315
spam,FREE for 1st week! No1 Nokia tone 4 ur mob every week just txt NOKIA to 87077 Get txting and tell ur mates. zed POBox 36504 W45WQ norm150p/tone 16+,1,147,long,1.0,0.0,0.0,free st week nokia tone ur mob every week txt nokia get txting tell ur mates zed pobox wq norm ptone,0.6016597510373445
ham,No. Its not specialisation. Can work but its slave labor. Will look for it this month sha cos no shakara 4 beggar.,0,114,long,1.0,0.0,0.0,specialisation work slave labor look month sha cos shakara beggar,0.4647302904564315
ham,Is she replying. Has boye changed his phone number,0,50,medium,0.0,1.0,0.0,replying boye changed phone number,0.19917012448132781
ham,hi my darlin im on my way to London and we have just been smashed into by another driver! and have a big dent! im really missing u what have u been up to? xxx,0,158,long,1.0,0.0,0.0,hi darlin im way london smashed another driver big dent im really missing xxx,0.6473029045643154
ham,"Nothing really, just making sure everybody's up to speed",0,56,medium,0.0,1.0,0.0,nothing really making sure everybodys speed,0.22406639004149378
ham,I'm not coming home 4 dinner.,0,29,short,0.0,0.0,1.0,im coming home dinner,0.11203319502074689
ham,"Thank you. And by the way, I just lost.",0,39,short,0.0,0.0,1.0,thank way lost,0.15352697095435686
ham,Yes.he have good crickiting mind,0,32,short,0.0,0.0,1.0,yeshe good crickiting mind,0.12448132780082988
ham,Thx. All will be well in a few months,0,37,short,0.0,0.0,1.0,thx well months,0.14522821576763487
ham,"\CAN I PLEASE COME UP NOW IMIN TOWN.DONTMATTER IF URGOIN OUTL8R JUST REALLYNEED 2DOCD.PLEASE DONTPLEASE DONTIGNORE MYCALLS U NO THECD ISV.IMPORTANT TOME 4 2MORO\""""",0,163,long,1.0,0.0,0.0,please come imin towndontmatter urgoin outl reallyneed docdplease dontplease dontignore mycalls thecd isvimportant tome moro,0.6680497925311204
ham,I wont. So wat's wit the guys,0,29,short,0.0,0.0,1.0,wont wats wit guys,0.11203319502074689
ham,Yavnt tried yet and never played original either,0,48,medium,0.0,1.0,0.0,yavnt tried yet never played original either,0.19087136929460582
ham,"Hiya, had a good day? Have you spoken to since the weekend?",0,59,medium,0.0,1.0,0.0,hiya good day spoken since weekend,0.23651452282157676
ham,See? I thought it all through,0,29,short,0.0,0.0,1.0,see thought,0.11203319502074689
ham,get ready to moan and scream :),0,31,short,0.0,0.0,1.0,get ready moan scream,0.12033195020746887
ham,Oh k :)why you got job then whats up?,0,37,short,0.0,0.0,1.0,oh got job whats,0.14522821576763487
ham,"I don,t think so. You don't need to be going out that late on a school night. ESPECIALLY when the one class you have is the one you missed last wednesday and probably failed a test in on friday",0,193,long,1.0,0.0,0.0,dont think dont need going late school night especially one class one missed last wednesday probably failed test friday,0.7925311203319503
ham,And popping &lt;#&gt; ibuprofens was no help.,0,45,medium,0.0,1.0,0.0,popping ltgt ibuprofens help,0.17842323651452283
ham,"Babe ! How goes that day ? What are you doing ? Where are you ? I sip my cappuccino and think of you, my love ... I send a kiss to you from across the sea",0,154,long,1.0,0.0,0.0,babe goes day sip cappuccino think love send kiss across sea,0.6307053941908713
ham,Ok.,0,3,short,0.0,0.0,1.0,ok,0.004149377593360997
ham,PS U no ur a grown up now right?,0,32,short,0.0,0.0,1.0,ps ur grown right,0.12448132780082988
ham,"Chinatown got porridge, claypot rice, yam cake, fishhead beehoon... Either we eat cheap den go cafe n tok or go nydc or somethin...",0,131,long,1.0,0.0,0.0,chinatown got porridge claypot rice yam cake fishhead beehoon either eat cheap den go cafe tok go nydc somethin,0.5352697095435685
ham,I know a few people I can hit up and fuck to the yes,0,52,medium,0.0,1.0,0.0,know people hit fuck yes,0.2074688796680498
ham,Purity of friendship between two is not about smiling after reading the forwarded message..Its about smiling just by seeing the name. Gud evng,0,142,long,1.0,0.0,0.0,purity friendship two smiling reading forwarded messageits smiling seeing name gud evng,0.5809128630705395
ham,So is there anything specific I should be doing with regards to jaklin or what because idk what the fuck,0,104,long,1.0,0.0,0.0,anything specific regards jaklin idk fuck,0.42323651452282157
ham,Oh god. I'm gonna Google nearby cliffs now.,0,43,medium,0.0,1.0,0.0,oh god im gonna google nearby cliffs,0.17012448132780084
spam,FREE camera phones with linerental from 4.49/month with 750 cross ntwk mins. 1/2 price txt bundle deals also avble. Call 08001950382 or call2optout/J MF,1,152,long,1.0,0.0,0.0,free camera phones linerental month cross ntwk mins price txt bundle deals also avble call call optoutj mf,0.6224066390041494
ham,Yup i shd haf ard 10 pages if i add figures... ÌÏ all got how many pages?,0,73,medium,0.0,1.0,0.0,yup shd haf ard pages add figures ìï got many pages,0.29460580912863066
ham,"Ooh, 4got, i'm gonna start belly dancing in moseley weds 6.30 if u want 2 join me, they have a cafe too. ",0,105,long,1.0,0.0,0.0,ooh got im gonna start belly dancing moseley weds want join cafe,0.42738589211618255
ham,Thankyou so much for the call. I appreciate your care.,0,54,medium,0.0,1.0,0.0,thankyou much call appreciate care,0.2157676348547718
ham,Congrats ! Treat pending.i am not on mail for 2 days.will mail once thru.Respect mother at home.check mails.,0,108,long,1.0,0.0,0.0,congrats treat pendingi mail dayswill mail thrurespect mother homecheck mails,0.43983402489626555
ham,I called but no one pick up e phone. I ask both of them already they said ok.,0,77,medium,0.0,1.0,0.0,called one pick phone ask already said ok,0.31120331950207464
ham,Hi my email address has changed now it is ,0,42,medium,0.0,1.0,0.0,hi email address changed,0.16597510373443983
ham,"V-aluable. A-ffectionate. L-oveable. E-ternal. N-oble. T-ruthful. I-ntimate. N-atural. E-namous. Happy \VALENTINES DAY\"" in advance""",0,132,long,1.0,0.0,0.0,valuable affectionate loveable eternal noble truthful intimate natural enamous happy valentines day advance,0.5394190871369295
ham,"Not much, just some textin'. How bout you?",0,42,medium,0.0,1.0,0.0,much textin bout,0.16597510373443983
ham,Bring it if you got it,0,22,short,0.0,0.0,1.0,bring got,0.08298755186721991
ham,I'm in a movie. Call me 4 wat?,0,30,short,0.0,0.0,1.0,im movie call wat,0.11618257261410789
ham,Not sure I have the stomach for it ...,0,38,short,0.0,0.0,1.0,sure stomach,0.14937759336099585
ham,Haha... can... But i'm having dinner with my cousin...,0,54,medium,0.0,1.0,0.0,haha im dinner cousin,0.2157676348547718
ham,"A boy was late 2 home. His father: \POWER OF FRNDSHIP\""""",0,56,medium,0.0,1.0,0.0,boy late home father power frndship,0.22406639004149378
ham,"(And my man carlos is definitely coming by mu tonight, no excuses)",0,66,medium,0.0,1.0,0.0,man carlos definitely coming mu tonight excuses,0.26556016597510373
ham,soon you will have the real thing princess! Do i make you wet? :),0,65,medium,0.0,1.0,0.0,soon real thing princess make wet,0.2614107883817427
ham,Raji..pls do me a favour. Pls convey my Birthday wishes to Nimya. Pls. Today is her birthday.,0,93,medium,0.0,1.0,0.0,rajipls favour pls convey birthday wishes nimya pls today birthday,0.3775933609958506
ham,"Haha, my legs and neck are killing me and my amigos are hoping to end the night with a burn, think I could swing by in like an hour?",0,132,long,1.0,0.0,0.0,haha legs neck killing amigos hoping end night burn think could swing like hour,0.5394190871369295
spam,"URGENT! Your mobile No 07xxxxxxxxx won a å£2,000 bonus caller prize on 02/06/03! this is the 2nd attempt to reach YOU! call 09066362231 ASAP! BOX97N7QP, 150PPM",1,159,long,1.0,0.0,0.0,urgent mobile xxxxxxxxx å£ bonus caller prize nd attempt reach call asap box qp ppm,0.6514522821576764
ham,Usually the body takes care of it buy making sure it doesnt progress. Can we pls continue this talk on saturday.,0,112,long,1.0,0.0,0.0,usually body takes care buy making sure doesnt progress pls continue talk saturday,0.45643153526970953
spam,"URGENT!! Your 4* Costa Del Sol Holiday or å£5000 await collection. Call 09050090044 Now toClaim. SAE, TC s, POBox334, Stockport, SK38xh, Costå£1.50/pm, Max10mins",1,161,long,1.0,0.0,0.0,urgent costa del sol holiday å£ await collection call toclaim sae tc pobox stockport sk xh costå£ pm max mins,0.6597510373443983
ham,"Hmm well, night night ",0,22,short,0.0,0.0,1.0,hmm well night night,0.08298755186721991
ham,Just wanted to say holy shit you guys weren't kidding about this bud,0,68,medium,0.0,1.0,0.0,wanted say holy shit guys werent kidding bud,0.2738589211618257
ham,"Just gettin a bit arty with my collages at the mo, well tryin 2 ne way! Got a roast in a min lovely i shall enjoy that!",0,119,long,1.0,0.0,0.0,gettin bit arty collages mo well tryin ne way got roast min lovely shall enjoy,0.4854771784232365
ham,"This is one of the days you have a billion classes, right?",0,58,medium,0.0,1.0,0.0,one days billion classes right,0.23236514522821577
ham,"Goodmorning, today i am late for 2hrs. Because of back pain.",0,60,medium,0.0,1.0,0.0,goodmorning today late hrs back pain,0.24066390041493776
ham,Ok then i'll let him noe later n ask him call u tmr...,0,54,medium,0.0,1.0,0.0,ok ill let noe later ask call tmr,0.2157676348547718
ham,OK i'm waliking ard now... Do u wan me 2 buy anything go ur house?,0,66,medium,0.0,1.0,0.0,ok im waliking ard wan buy anything go ur house,0.26556016597510373
ham,* Will have two more cartons off u and is very pleased with shelves,0,67,medium,0.0,1.0,0.0,two cartons pleased shelves,0.2697095435684647
ham,Nice talking to you! please dont forget my pix :) i want to see all of you...,0,77,medium,0.0,1.0,0.0,nice talking please dont forget pix want see,0.31120331950207464
spam,You have WON a guaranteed å£1000 cash or a å£2000 prize. To claim yr prize call our customer service representative on 08714712379 between 10am-7pm Cost 10p,1,156,long,1.0,0.0,0.0,guaranteed å£ cash å£ prize claim yr prize call customer service representative pm cost,0.6390041493775934
ham,But really quite funny lor wat... Then u shd haf run shorter distance wat...,0,76,medium,0.0,1.0,0.0,really quite funny lor wat shd haf run shorter distance wat,0.30705394190871366
ham,I notice you like looking in the shit mirror youre turning into a right freak,0,77,medium,0.0,1.0,0.0,notice like looking shit mirror youre turning right freak,0.31120331950207464
ham,Great. I was getting worried about you. Just know that a wonderful and caring person like you will have only the best in life. Know that u r wonderful and God's love is yours.,0,175,long,1.0,0.0,0.0,great getting worried know wonderful caring person like best life know wonderful gods love,0.7178423236514523
spam,"Thanks for your ringtone order, ref number K718. Your mobile will be charged å£4.50. Should your tone not arrive please call customer services on 09065069120",1,157,long,1.0,0.0,0.0,thanks ringtone order ref number mobile charged å£ tone arrive please call customer services,0.6431535269709544
ham,"I prefer my free days... Tues, wed, fri oso can... ÌÏ ask those workin lor...",0,77,medium,0.0,1.0,0.0,prefer free days tues wed fri oso ìï ask workin lor,0.31120331950207464
ham,Alrite jod hows the revision goin? Keris bin doin a smidgin. N e way u wanna cum over after college?xx,0,102,long,1.0,0.0,0.0,alrite jod hows revision goin keris bin doin smidgin way wanna cum collegexx,0.41493775933609955
ham,If you have belive me. Come to my home.,0,39,short,0.0,0.0,1.0,belive come home,0.15352697095435686
ham,Oh k.k..where did you take test?,0,32,short,0.0,0.0,1.0,oh kkwhere take test,0.12448132780082988
ham,Those were my exact intentions,0,30,short,0.0,0.0,1.0,exact intentions,0.11618257261410789
ham,haha but no money leh... Later got to go for tuition... Haha and looking for empty slots for driving lessons,0,108,long,1.0,0.0,0.0,haha money leh later got go tuition haha looking empty slots driving lessons,0.43983402489626555
ham,"Hey... Thk we juz go accordin to wat we discussed yest lor, except no kb on sun... Cos there's nt much lesson to go if we attend kb on sat...",0,141,long,1.0,0.0,0.0,hey thk juz go accordin wat discussed yest lor except kb sun cos theres nt much lesson go attend kb sat,0.5767634854771785
ham,"K, wen ur free come to my home and also tel vikky i hav sent mail to him also.. Better come evening il be free today aftr 6pm..:-)",0,130,long,1.0,0.0,0.0,wen ur free come home also tel vikky hav sent mail also better come evening il free today aftr pm,0.5311203319502075
ham,Nothing just getting msgs by dis name wit different no's..,0,58,medium,0.0,1.0,0.0,nothing getting msgs dis name wit different nos,0.23236514522821577
ham,What's your room number again? Wanna make sure I'm knocking on the right door,0,77,medium,0.0,1.0,0.0,whats room number wanna make sure im knocking right door,0.31120331950207464
ham,"\Si.como no?!listened2the plaid album-quite gd&the new air1 which is hilarious-also boughtåÓbraindanceåÓa comp.ofstuff on aphexåÕs ;abel u hav2hear it!c u sn xxxx\""""",0,165,long,1.0,0.0,0.0,sicomo nolistened plaid albumquite gdthe new air hilariousalso boughtåóbraindanceåóa compofstuff aphexåõs abel hav hear itc sn xxxx,0.6763485477178424
ham,Pls tell nelson that the bb's are no longer comin. The money i was expecting aint coming,0,88,medium,0.0,1.0,0.0,pls tell nelson bbs longer comin money expecting aint coming,0.3568464730290456
ham,"Give her something to drink, if she takes it and doesn't vomit then you her temp might drop. If she unmits however let me know.",0,127,long,1.0,0.0,0.0,give something drink takes doesnt vomit temp might drop unmits however let know,0.5186721991701245
ham,Think you sent the text to the home phone. That cant display texts. If you still want to send it his number is,0,110,long,1.0,0.0,0.0,think sent text home phone cant display texts still want send number,0.4481327800829875
ham,Every day i use to sleep after  &lt;#&gt;  so only.,0,51,medium,0.0,1.0,0.0,every day use sleep ltgt,0.2033195020746888
ham,K I'll call you when I'm close,0,30,short,0.0,0.0,1.0,ill call im close,0.11618257261410789
ham,U buy newspapers already?,0,25,short,0.0,0.0,1.0,buy newspapers already,0.09543568464730291
ham,Nope wif my sis lor... Aft bathing my dog then i can bathe... Looks like it's going 2 rain soon.,0,96,medium,0.0,1.0,0.0,nope wif sis lor aft bathing dog bathe looks like going rain soon,0.3900414937759336
ham,Boo I'm on my way to my moms. She's making tortilla soup. Yummmm,0,64,medium,0.0,1.0,0.0,boo im way moms shes making tortilla soup yummmm,0.2572614107883817
ham,No management puzzeles.,0,23,short,0.0,0.0,1.0,management puzzeles,0.08713692946058091
ham,How did you find out in a way that didn't include all of these details,0,70,medium,0.0,1.0,0.0,find way didnt include details,0.2821576763485477
spam,"Hi ya babe x u 4goten bout me?' scammers getting smart..Though this is a regular vodafone no, if you respond you get further prem rate msg/subscription. Other nos used also. Beware!",1,181,long,1.0,0.0,0.0,hi ya babe goten bout scammers getting smartthough regular vodafone respond get prem rate msgsubscription nos used also beware,0.7427385892116183
spam,Back 2 work 2morro half term over! Can U C me 2nite 4 some sexy passion B4 I have 2 go back? Chat NOW 09099726481 Luv DENA Calls å£1/minMobsmoreLKPOBOX177HP51FL,1,160,long,1.0,0.0,0.0,back work morro half term nite sexy passion go back chat luv dena calls å£ minmobsmorelkpobox hp fl,0.6556016597510373
ham,will you like to be spoiled? :),0,31,short,0.0,0.0,1.0,like spoiled,0.12033195020746887
spam,"Thanks for your ringtone order, ref number R836. Your mobile will be charged å£4.50. Should your tone not arrive please call customer services on 09065069154",1,157,long,1.0,0.0,0.0,thanks ringtone order ref number mobile charged å£ tone arrive please call customer services,0.6431535269709544
ham,I am getting threats from your sales executive Shifad as i raised complaint against him. Its an official message.,0,113,long,1.0,0.0,0.0,getting threats sales executive shifad raised complaint official message,0.4605809128630705
ham,hope things went well at 'doctors' ;) reminds me i still need 2go.did u c d little thing i left in the lounge?,0,110,long,1.0,0.0,0.0,hope things went well doctors reminds still need godid little thing left lounge,0.4481327800829875
ham,Den wat will e schedule b lk on sun?,0,36,short,0.0,0.0,1.0,den wat schedule lk sun,0.14107883817427386
ham,Lol enjoy role playing much?,0,28,short,0.0,0.0,1.0,lol enjoy role playing much,0.1078838174273859
ham,Ok. Me watching tv too.,0,23,short,0.0,0.0,1.0,ok watching tv,0.08713692946058091
ham,"I just lov this line: \Hurt me with the truth  I don't mind i wil tolerat.bcs ur my someone..... But  Never comfort me with a lie\"" gud ni8 and sweet dreams""",0,157,long,1.0,0.0,0.0,lov line hurt truth dont mind wil toleratbcs ur someone never comfort lie gud ni sweet dreams,0.6431535269709544
ham,"Just checked out, heading out to drop off my stuff now",0,54,medium,0.0,1.0,0.0,checked heading drop stuff,0.2157676348547718
ham,Here got lots of hair dresser fr china.,0,39,short,0.0,0.0,1.0,got lots hair dresser fr china,0.15352697095435686
ham,Sad story of a Man - Last week was my b'day. My Wife did'nt wish me. My Parents forgot n so did my Kids . I went to work. Even my Colleagues did not wish.,0,154,long,1.0,0.0,0.0,sad story man last week bday wife didnt wish parents forgot kids went work even colleagues wish,0.6307053941908713
ham,Ill call you evening ill some ideas.,0,36,short,0.0,0.0,1.0,ill call evening ill ideas,0.14107883817427386
spam,SplashMobile: Choose from 1000s of gr8 tones each wk! This is a subscrition service with weekly tones costing 300p. U have one credit - kick back and ENJOY,1,155,long,1.0,0.0,0.0,splashmobile choose gr tones wk subscrition service weekly tones costing one credit kick back enjoy,0.6348547717842324
ham,Did you show him and wot did he say or could u not c him 4 dust?,0,64,medium,0.0,1.0,0.0,show wot say could dust,0.2572614107883817
ham,It should take about  &lt;#&gt;  min,0,36,short,0.0,0.0,1.0,take ltgt min,0.14107883817427386
spam,Not heard from U4 a while. Call 4 rude chat private line 01223585334 to cum. Wan 2C pics of me gettin shagged then text PIX to 8552. 2End send STOP 8552 SAM xxx,1,160,long,1.0,0.0,0.0,heard call rude chat private line cum wan pics gettin shagged text pix end send stop sam xxx,0.6556016597510373
spam,<Forwarded from 88877>FREE entry into our å£250 weekly comp just send the word ENTER to 88877 NOW. 18 T&C www.textcomp.com,1,122,long,1.0,0.0,0.0,forwarded free entry å£ weekly comp send word enter tc,0.49792531120331945
ham,Finish liao... U?,0,17,short,0.0,0.0,1.0,finish liao,0.06224066390041494
spam,88066 FROM 88066 LOST 3POUND HELP,1,33,short,0.0,0.0,1.0,lost pound help,0.1286307053941909
ham,Haha i think i did too,0,22,short,0.0,0.0,1.0,haha think,0.08298755186721991
ham,U know we watchin at lido?,0,26,short,0.0,0.0,1.0,know watchin lido,0.09958506224066391
ham,Life spend with someone for a lifetime may be meaningless but a few moments spent with someone who really love you means more than life itself..,0,144,long,1.0,0.0,0.0,life spend someone lifetime may meaningless moments spent someone really love means life,0.5892116182572614
ham,"Haha awesome, I've been to 4u a couple times. Who all's coming?",0,63,medium,0.0,1.0,0.0,haha awesome ive couple times alls coming,0.25311203319502074
ham,Cold. Dont be sad dear,0,22,short,0.0,0.0,1.0,cold dont sad dear,0.08298755186721991
ham,Think I could stop by in like an hour or so? My roommate's looking to stock up for a trip,0,89,medium,0.0,1.0,0.0,think could stop like hour roommates looking stock trip,0.36099585062240663
ham,Is that on the telly? No its Brdget Jones!,0,42,medium,0.0,1.0,0.0,telly brdget jones,0.16597510373443983
ham,Hello! How r u? Im bored. Inever thought id get bored with the tv but I am. Tell me something exciting has happened there? Anything! =/,0,135,long,1.0,0.0,0.0,hello im bored inever thought id get bored tv tell something exciting happened anything,0.5518672199170125
ham,Hmm...Bad news...Hype park plaza $700 studio taken...Only left 2 bedrm-$900...,0,78,medium,0.0,1.0,0.0,hmmbad newshype park plaza studio takenonly left bedrm,0.3153526970954357
ham,"Sorry, I'll call later in meeting",0,33,short,0.0,0.0,1.0,sorry ill call later meeting,0.1286307053941909
ham,R Ì_ comin back for dinner?,0,27,short,0.0,0.0,1.0,comin back dinner,0.1037344398340249
ham,"I hav almost reached. Call, i m unable to connect u.",0,52,medium,0.0,1.0,0.0,hav almost reached call unable connect,0.2074688796680498
ham,Whom you waited for yesterday,0,29,short,0.0,0.0,1.0,waited yesterday,0.11203319502074689
ham,I reach home safe n sound liao...,0,33,short,0.0,0.0,1.0,reach home safe sound liao,0.1286307053941909
ham,"Velly good, yes please!",0,23,short,0.0,0.0,1.0,velly good yes please,0.08713692946058091
ham,"Hi, wkend ok but journey terrible. Wk not good as have huge back log of marking to do",0,85,medium,0.0,1.0,0.0,hi wkend ok journey terrible wk good huge back log marking,0.34439834024896265
ham,I have had two more letters from . I will copy them for you cos one has a message for you. Speak soon,0,101,long,1.0,0.0,0.0,two letters copy cos one message speak soon,0.4107883817427386
ham,Alex knows a guy who sells mids but he's down in south tampa and I don't think I could set it up before like 8,0,110,long,1.0,0.0,0.0,alex knows guy sells mids hes south tampa dont think could set like,0.4481327800829875
ham,Dont you have message offer,0,27,short,0.0,0.0,1.0,dont message offer,0.1037344398340249
spam,Had your mobile 11mths ? Update for FREE to Oranges latest colour camera mobiles & unlimited weekend calls. Call Mobile Upd8 on freefone 08000839402 or 2StopTx,1,159,long,1.0,0.0,0.0,mobile mths update free oranges latest colour camera mobiles unlimited weekend calls call mobile upd freefone stoptx,0.6514522821576764
ham,"HEY THERE BABE, HOW U DOIN? WOT U UP 2 2NITE LOVE ANNIE X.",0,58,medium,0.0,1.0,0.0,hey babe doin wot nite love annie,0.23236514522821577
ham,Remind me how to get there and I shall do so,0,44,medium,0.0,1.0,0.0,remind get shall,0.17427385892116182
ham,:-( that's not v romantic!,0,26,short,0.0,0.0,1.0,thats romantic,0.09958506224066391
ham,Hello. Damn this christmas thing. I think i have decided to keep this mp3 that doesnt work.,0,91,medium,0.0,1.0,0.0,hello damn christmas thing think decided keep mp doesnt work,0.3692946058091286
spam,You have 1 new message. Please call 08718738034.,1,48,medium,0.0,1.0,0.0,new message please call,0.19087136929460582
ham,HI DARLIN IM MISSIN U HOPE YOU ARE HAVING A GOOD TIME. WHEN ARE U BACK AND WHAT TIME IF U CAN GIVE ME A CALL AT HOME. JESS XX,0,125,long,1.0,0.0,0.0,hi darlin im missin hope good time back time give call home jess xx,0.5103734439834026
spam,<Forwarded from 21870000>Hi - this is your Mailbox Messaging SMS alert. You have 4 messages. You have 21 matches. Please call back on 09056242159 to retrieve your messages and matches,1,183,long,1.0,0.0,0.0,forwarded hi mailbox messaging sms alert messages matches please call back retrieve messages matches,0.7510373443983402
ham,Draw va?i dont think so:),0,25,short,0.0,0.0,1.0,draw vai dont think,0.09543568464730291
ham,Dont pick up d call when something important is There to tell. Hrishi,0,69,medium,0.0,1.0,0.0,dont pick call something important tell hrishi,0.2780082987551867
ham,Nothin comes to my mind. ÌÏ help me buy hanger lor. Ur laptop not heavy?,0,72,medium,0.0,1.0,0.0,nothin comes mind ìï help buy hanger lor ur laptop heavy,0.2904564315352697
ham,"&lt;#&gt; , that's all? Guess that's easy enough",0,48,medium,0.0,1.0,0.0,ltgt thats guess thats easy enough,0.19087136929460582
ham,We can make a baby in yo tho,0,28,short,0.0,0.0,1.0,make baby yo tho,0.1078838174273859
ham,Should I tell my friend not to come round til like  &lt;#&gt; ish?,0,66,medium,0.0,1.0,0.0,tell friend come round til like ltgt ish,0.26556016597510373
ham,Friendship poem: Dear O Dear U R Not Near But I Can Hear Dont Get Fear Live With Cheer No More Tear U R Always my Dear. Gud ni8,0,127,long,1.0,0.0,0.0,friendship poem dear dear near hear dont get fear live cheer tear always dear gud ni,0.5186721991701245
ham,Still in the area of the restaurant. Ill try to come back soon,0,62,medium,0.0,1.0,0.0,still area restaurant ill try come back soon,0.24896265560165973
ham,"Aight that'll work, thanks",0,26,short,0.0,0.0,1.0,aight thatll work thanks,0.09958506224066391
spam,Moby Pub Quiz.Win a å£100 High Street prize if u know who the new Duchess of Cornwall will be? Txt her first name to 82277.unsub STOP å£1.50 008704050406 SP Arrow,1,162,long,1.0,0.0,0.0,moby pub quizwin å£ high street prize know new duchess cornwall txt first name unsub stop å£ sp arrow,0.6639004149377594
ham,"I have 2 sleeping bags, 1 blanket and paper and  phone details. Anything else?",0,78,medium,0.0,1.0,0.0,sleeping bags blanket paper phone details anything else,0.3153526970954357
spam,You have won a Nokia 7250i. This is what you get when you win our FREE auction. To take part send Nokia to 86021 now. HG/Suite342/2Lands Row/W1JHL 16+ ,1,151,long,1.0,0.0,0.0,nokia get win free auction take part send nokia hgsuite lands roww jhl,0.6182572614107884
spam,"Congratulations! Thanks to a good friend U have WON the å£2,000 Xmas prize. 2 claim is easy, just call 08718726971 NOW! Only 10p per minute. BT-national-rate.",1,158,long,1.0,0.0,0.0,congratulations thanks good friend å£ xmas prize claim easy call per minute btnationalrate,0.6473029045643154
spam,"tddnewsletter@emc1.co.uk (More games from TheDailyDraw) Dear Helen, Dozens of Free Games - with great prizesWith..",1,114,long,1.0,0.0,0.0,tddnewsletteremc couk games thedailydraw dear helen dozens free games great prizeswith,0.4647302904564315
ham,So what do you guys do.,0,23,short,0.0,0.0,1.0,guys,0.08713692946058091
ham,Also that chat was awesome but don't make it regular unless you can see her in person,0,85,medium,0.0,1.0,0.0,also chat awesome dont make regular unless see person,0.34439834024896265
ham,That's significant but dont worry.,0,34,short,0.0,0.0,1.0,thats significant dont worry,0.13278008298755187
ham,That's cause your old. I live to be high.,0,41,medium,0.0,1.0,0.0,thats cause old live high,0.16182572614107885
ham,"Waqt se pehle or naseeb se zyada kisi ko kuch nahi milta,Zindgi wo nahi he jo hum sochte hai Zindgi wo hai jo ham jeetey hai..........",0,134,long,1.0,0.0,0.0,waqt se pehle naseeb se zyada kisi ko kuch nahi miltazindgi wo nahi jo hum sochte hai zindgi wo hai jo ham jeetey hai,0.5477178423236515
ham,On the way to office da..,0,25,short,0.0,0.0,1.0,way office da,0.09543568464730291
ham,In which place do you want da.,0,30,short,0.0,0.0,1.0,place want da,0.11618257261410789
ham,This pain couldn't have come at a worse time.,0,45,medium,0.0,1.0,0.0,pain couldnt come worse time,0.17842323651452283
ham,Should I be stalking u?,0,23,short,0.0,0.0,1.0,stalking,0.08713692946058091
ham,Sorry dude. Dont know how i forgot. Even after Dan reminded me. Sorry. Hope you guys had fun.,0,93,medium,0.0,1.0,0.0,sorry dude dont know forgot even dan reminded sorry hope guys fun,0.3775933609958506
ham,Ok lor.,0,7,short,0.0,0.0,1.0,ok lor,0.020746887966804982
ham,Apps class varaya elaya.,0,24,short,0.0,0.0,1.0,apps class varaya elaya,0.09128630705394192
spam,"URGENT! Your mobile number *************** WON a å£2000 Bonus Caller prize on 10/06/03! This is the 2nd attempt to reach you! Call 09066368753 ASAP! Box 97N7QP, 150ppm",1,167,long,1.0,0.0,0.0,urgent mobile number å£ bonus caller prize nd attempt reach call asap box qp ppm,0.6846473029045643
ham,That day you asked about anand number. Why:-),0,45,medium,0.0,1.0,0.0,day asked anand number,0.17842323651452283
ham,Am surfing online store. For offers do you want to buy any thing.,0,65,medium,0.0,1.0,0.0,surfing online store offers want buy thing,0.2614107883817427
ham,Long beach lor. Expected... U having dinner now?,0,48,medium,0.0,1.0,0.0,long beach lor expected dinner,0.19087136929460582
ham,At home by the way,0,18,short,0.0,0.0,1.0,home way,0.06639004149377593
ham,We are both fine. Thanks,0,24,short,0.0,0.0,1.0,fine thanks,0.09128630705394192
ham,What happen to her tell the truth,0,33,short,0.0,0.0,1.0,happen tell truth,0.1286307053941909
ham,Do you like Italian food?,0,25,short,0.0,0.0,1.0,like italian food,0.09543568464730291
ham,Which is weird because I know I had it at one point,0,51,medium,0.0,1.0,0.0,weird know one point,0.2033195020746888
ham,"\Aww you must be nearly dead!Well Jez isComing over toDo some workAnd that whillTake forever!\""""",0,96,medium,0.0,1.0,0.0,aww must nearly deadwell jez iscoming todo workand whilltake forever,0.3900414937759336
ham,Tell your friends what you plan to do on Valentines day @ &lt;URL&gt;,0,69,medium,0.0,1.0,0.0,tell friends plan valentines day lturlgt,0.2780082987551867
ham,"Alright, see you in a bit",0,25,short,0.0,0.0,1.0,alright see bit,0.09543568464730291
ham,Cheers for the message Zogtorius. IåÕve been staring at my phone for an age deciding whether to text or not.,0,108,long,1.0,0.0,0.0,cheers message zogtorius iåõve staring phone age deciding whether text,0.43983402489626555
ham,I will take care of financial problem.i will help:),0,51,medium,0.0,1.0,0.0,take care financial problemi help,0.2033195020746888
ham,Tell dear what happen to you. Why you talking to me like an alian,0,65,medium,0.0,1.0,0.0,tell dear happen talking like alian,0.2614107883817427
spam,Double your mins & txts on Orange or 1/2 price linerental - Motorola and SonyEricsson with B/Tooth FREE-Nokia FREE Call MobileUpd8 on 08000839402 or2optout/HV9D,1,160,long,1.0,0.0,0.0,double mins txts orange price linerental motorola sonyericsson btooth freenokia free call mobileupd optouthv,0.6556016597510373
ham,"Hi this is yijue, can i meet u at 11 tmr?",0,41,medium,0.0,1.0,0.0,hi yijue meet tmr,0.16182572614107885
ham,Its posible dnt live in  &lt;#&gt; century cm frwd n thnk different,0,67,medium,0.0,1.0,0.0,posible dnt live ltgt century cm frwd thnk different,0.2697095435684647
ham,But i dint slept in afternoon.,0,30,short,0.0,0.0,1.0,dint slept afternoon,0.11618257261410789
ham,That seems unnecessarily affectionate,0,37,short,0.0,0.0,1.0,seems unnecessarily affectionate,0.14522821576763487
ham,Yar else i'll thk of all sorts of funny things.,0,47,medium,0.0,1.0,0.0,yar else ill thk sorts funny things,0.18672199170124482
spam,"Download as many ringtones as u like no restrictions, 1000s 2 choose. U can even send 2 yr buddys. Txt Sir to 80082 å£3 ",1,120,long,1.0,0.0,0.0,download many ringtones like restrictions choose even send yr buddys txt sir å£,0.4896265560165975
ham,Thats cool. How was your day?,0,29,short,0.0,0.0,1.0,thats cool day,0.11203319502074689
spam,Please CALL 08712402902 immediately as there is an urgent message waiting for you.,1,82,medium,0.0,1.0,0.0,please call immediately urgent message waiting,0.33195020746887965
ham,R we going with the  &lt;#&gt;  bus?,0,36,short,0.0,0.0,1.0,going ltgt bus,0.14107883817427386
ham,No..he joined today itself.,0,27,short,0.0,0.0,1.0,nohe joined today,0.1037344398340249
ham,Okay same with me. Well thanks for the clarification,0,52,medium,0.0,1.0,0.0,okay well thanks clarification,0.2074688796680498
ham,I'll talk to the others and probably just come early tomorrow then,0,66,medium,0.0,1.0,0.0,ill talk others probably come early tomorrow,0.26556016597510373
spam,"Spook up your mob with a Halloween collection of a logo & pic message plus a free eerie tone, txt CARD SPOOK to 8007 zed 08701417012150p per logo/pic",1,149,long,1.0,0.0,0.0,spook mob halloween collection logo pic message plus free eerie tone txt card spook zed per logopic,0.6099585062240664
ham,"Had the money issue weigh me down but thanks to you, I can breathe easier now. I.ll make sure you dont regret it. Thanks.",0,121,long,1.0,0.0,0.0,money issue weigh thanks breathe easier ill make sure dont regret thanks,0.4937759336099585
ham,Hi. I'm sorry i missed your call. Can you pls call back.,0,56,medium,0.0,1.0,0.0,hi im sorry missed call pls call back,0.22406639004149378
spam,"Fantasy Football is back on your TV. Go to Sky Gamestar on Sky Active and play å£250k Dream Team. Scoring starts on Saturday, so register now!SKY OPT OUT to 88088",1,162,long,1.0,0.0,0.0,fantasy football back tv go sky gamestar sky active play å£ dream team scoring starts saturday register nowsky opt,0.6639004149377594
ham,Ok then no need to tell me anything i am going to sleep good night,0,66,medium,0.0,1.0,0.0,ok need tell anything going sleep good night,0.26556016597510373
ham,Ok try to do week end course in coimbatore.,0,43,medium,0.0,1.0,0.0,ok try week end course coimbatore,0.17012448132780084
spam,Tone Club: Your subs has now expired 2 re-sub reply MONOC 4 monos or POLYC 4 polys 1 weekly @ 150p per week Txt STOP 2 stop This msg free Stream 0871212025016,1,158,long,1.0,0.0,0.0,tone club subs expired resub reply monoc monos polyc polys weekly per week txt stop stop msg free stream,0.6473029045643154
ham,V nice! Off 2 sheffield tom 2 air my opinions on categories 2 b used 2 measure ethnicity in next census. Busy transcribing. :-),0,127,long,1.0,0.0,0.0,nice sheffield tom air opinions categories used measure ethnicity next census busy transcribing,0.5186721991701245
ham,If you r @ home then come down within 5 min,0,43,medium,0.0,1.0,0.0,home come within min,0.17012448132780084
ham,"That day Ì_ say Ì_ cut ur hair at paragon, is it called hair sense? Do Ì_ noe how much is a hair cut? ",0,102,long,1.0,0.0,0.0,day say cut ur hair paragon called hair sense noe much hair cut,0.41493775933609955
ham,"Hmm, too many of them unfortunately... Pics obviously arent hot cakes. Its kinda fun tho",0,88,medium,0.0,1.0,0.0,hmm many unfortunately pics obviously arent hot cakes kinda fun tho,0.3568464730290456
ham,Watching tv lor... Y she so funny we bluff her 4 wat. Izzit because she thk it's impossible between us?,0,103,long,1.0,0.0,0.0,watching tv lor funny bluff wat izzit thk impossible us,0.41908713692946054
spam,XMAS Prize draws! We are trying to contact U. Todays draw shows that you have won a å£2000 prize GUARANTEED. Call 09058094565 from land line. Valid 12hrs only,1,158,long,1.0,0.0,0.0,xmas prize draws trying contact todays draw shows å£ prize guaranteed call land line valid hrs,0.6473029045643154
ham,Dunno lei he neva say...,0,24,short,0.0,0.0,1.0,dunno lei neva say,0.09128630705394192
ham,Thanx 4 2day! U r a goodmate I THINK UR RITE SARY! ASUSUAL!1 U CHEERED ME UP! LOVE U FRANYxxxxx,0,95,medium,0.0,1.0,0.0,thanx day goodmate think ur rite sary asusual cheered love franyxxxxx,0.3858921161825726
ham,I'm on my way home. Went to change batt 4 my watch then go shop a bit lor.,0,74,medium,0.0,1.0,0.0,im way home went change batt watch go shop bit lor,0.2987551867219917
spam,YES! The only place in town to meet exciting adult singles is now in the UK. Txt CHAT to 86688 now! 150p/Msg.,1,109,long,1.0,0.0,0.0,yes place town meet exciting adult singles uk txt chat pmsg,0.44398340248962653
ham,"Hi, Mobile no.  &lt;#&gt;  has added you in their contact list on www.fullonsms.com It s a great place to send free sms to people For more visit fullonsms.com",0,158,long,1.0,0.0,0.0,hi mobile ltgt added contact list great place send free sms people visit fullonsmscom,0.6473029045643154
ham,"If i let you do this, i want you in the house by 8am.",0,53,medium,0.0,1.0,0.0,let want house,0.21161825726141079
ham,"Best line said in Love: . \I will wait till the day I can forget u Or The day u realize that u cannot forget me.\""... Gn""",0,121,long,1.0,0.0,0.0,best line said love wait till day forget day realize cannot forget gn,0.4937759336099585
ham,I will reach before ten morning,0,31,short,0.0,0.0,1.0,reach ten morning,0.12033195020746887
ham,Your pussy is perfect!,0,22,short,0.0,0.0,1.0,pussy perfect,0.08298755186721991
spam,"Someone has contacted our dating service and entered your phone becausethey fancy you! To find out who it is call from a landline 09058098002. PoBox1, W14RG 150p",1,161,long,1.0,0.0,0.0,someone contacted dating service entered phone becausethey fancy find call landline pobox rg,0.6597510373443983
ham,No message..no responce..what happend?,0,38,short,0.0,0.0,1.0,messageno responcewhat happend,0.14937759336099585
ham,Also where's the piece,0,22,short,0.0,0.0,1.0,also wheres piece,0.08298755186721991
ham,"wiskey Brandy Rum Gin Beer Vodka Scotch Shampain Wine \KUDI\""yarasu dhina vaazhthukkal. ..""",0,91,medium,0.0,1.0,0.0,wiskey brandy rum gin beer vodka scotch shampain wine kudiyarasu dhina vaazhthukkal,0.3692946058091286
ham,Boo. How's things? I'm back at home and a little bored already :-(,0,66,medium,0.0,1.0,0.0,boo hows things im back home little bored already,0.26556016597510373
ham,First has she gained more than  &lt;#&gt; kg since she took in. Second has she done the blood sugar tests. If she has and its ok and her blood pressure is within normal limits then no worries,0,191,long,1.0,0.0,0.0,first gained ltgt kg since took second done blood sugar tests ok blood pressure within normal limits worries,0.7842323651452282
ham,PICK UR FONE UP NOW U DUMB?,0,27,short,0.0,0.0,1.0,pick ur fone dumb,0.1037344398340249
ham,"Thanks da thangam, i feel very very happy dear. I also miss you da.",0,67,medium,0.0,1.0,0.0,thanks da thangam feel happy dear also miss da,0.2697095435684647
ham,"Okey doke. I'm at home, but not dressed cos laying around ill! Speak to you later bout times and stuff. ",0,104,long,1.0,0.0,0.0,okey doke im home dressed cos laying around ill speak later bout times stuff,0.42323651452282157
ham,I don't run away frm u... I walk slowly &amp; it kills me that u don't care enough to stop me...,0,96,medium,0.0,1.0,0.0,dont run away frm walk slowly amp kills dont care enough stop,0.3900414937759336
ham,"Babe, I'm back ... Come back to me ...",0,38,short,0.0,0.0,1.0,babe im back come back,0.14937759336099585
ham,Well you told others you'd marry them...,0,40,medium,0.0,1.0,0.0,well told others youd marry,0.15767634854771784
ham,Neshanth..tel me who r u?,0,25,short,0.0,0.0,1.0,neshanthtel,0.09543568464730291
ham,YO YO YO BYATCH WHASSUP?,0,24,short,0.0,0.0,1.0,yo yo yo byatch whassup,0.09128630705394192
ham,Oh... Kay... On sat right?,0,26,short,0.0,0.0,1.0,oh kay sat right,0.09958506224066391
ham,Hi! This is Roger from CL. How are you?,0,39,short,0.0,0.0,1.0,hi roger cl,0.15352697095435686
spam,Babe: U want me dont u baby! Im nasty and have a thing 4 filthyguys. Fancy a rude time with a sexy bitch. How about we go slo n hard! Txt XXX SLO(4msgs),1,152,long,1.0,0.0,0.0,babe want dont baby im nasty thing filthyguys fancy rude time sexy bitch go slo hard txt xxx slo msgs,0.6224066390041494
ham,Oh oh... Wasted... Den muz chiong on sat n sun liao...,0,54,medium,0.0,1.0,0.0,oh oh wasted den muz chiong sat sun liao,0.2157676348547718
ham,Jesus christ bitch I'm trying to give you drugs answer your fucking phone,0,73,medium,0.0,1.0,0.0,jesus christ bitch im trying give drugs answer fucking phone,0.29460580912863066
ham,Please give it 2  or i will pick it up on Tuesday evening about 8 if that is ok.,0,80,medium,0.0,1.0,0.0,please give pick tuesday evening ok,0.32365145228215764
ham,I'm meeting Darren...,0,21,short,0.0,0.0,1.0,im meeting darren,0.07883817427385892
ham,"One of best dialogue in cute reltnship..!! \Wen i Die  Dont Come Near My Body..!! Bcoz My Hands May Not Come 2 Wipe Ur Tears Off That Time..!Gud ni8""",0,149,long,1.0,0.0,0.0,one best dialogue cute reltnship wen die dont come near body bcoz hands may come wipe ur tears timegud ni,0.6099585062240664
ham,Dear where you will be when i reach there,0,41,medium,0.0,1.0,0.0,dear reach,0.16182572614107885
ham,Aww that's the first time u said u missed me without asking if I missed u first. You DO love me! :),0,99,medium,0.0,1.0,0.0,aww thats first time said missed without asking missed first love,0.40248962655601656
ham,Ok... Thanx... Gd nite 2 Ì_ too...,0,34,short,0.0,0.0,1.0,ok thanx gd nite,0.13278008298755187
ham,"Come to me right now, Ahmad",0,27,short,0.0,0.0,1.0,come right ahmad,0.1037344398340249
ham,Lol please do. Actually send a pic of yourself right now. I wanna see. Pose with a comb and hair dryer or something.,0,116,long,1.0,0.0,0.0,lol please actually send pic right wanna see pose comb hair dryer something,0.4730290456431535
ham,O was not into fps then.,0,24,short,0.0,0.0,1.0,fps,0.09128630705394192
ham,Huh means computational science... Y they like dat one push here n there...,0,75,medium,0.0,1.0,0.0,huh means computational science like dat one push,0.3029045643153527
ham,"Could you not read me, my Love ? I answered you",0,47,medium,0.0,1.0,0.0,could read love answered,0.18672199170124482
ham,Oh... Lk tt den we take e one tt ends at cine lor... Dun wan yogasana oso can... ,0,81,medium,0.0,1.0,0.0,oh lk tt den take one tt ends cine lor dun wan yogasana oso,0.3278008298755187
ham,"Madam,regret disturbance.might receive a reference check from DLF Premarica.kindly be informed.Rgds,Rakhesh,Kerala.",0,115,long,1.0,0.0,0.0,madamregret disturbancemight receive reference check dlf premaricakindly informedrgdsrakheshkerala,0.46887966804979253
spam,SMS SERVICES For your inclusive text credits pls gotto www.comuk.net login 3qxj9 unsubscribe with STOP no extra charge help 08702840625 comuk.220cm2 9AE,1,152,long,1.0,0.0,0.0,sms services inclusive text credits pls gotto login qxj unsubscribe stop extra charge help comuk cm ae,0.6224066390041494
ham,Oic... Then better quickly go bathe n settle down...,0,52,medium,0.0,1.0,0.0,oic better quickly go bathe settle,0.2074688796680498
ham,Err... Cud do. I'm going to  at 8pm. I haven't got a way to contact him until then.,0,83,medium,0.0,1.0,0.0,err cud im going pm havent got way contact,0.33609958506224064
ham,A bloo bloo bloo I'll miss the first bowl,0,41,medium,0.0,1.0,0.0,bloo bloo bloo ill miss first bowl,0.16182572614107885
ham,Lmao but its so fun...,0,22,short,0.0,0.0,1.0,lmao fun,0.08298755186721991
ham,Oh k k:)but he is not a big hitter.anyway good,0,46,medium,0.0,1.0,0.0,oh kbut big hitteranyway good,0.1825726141078838
ham,Hey!!! I almost forgot ... Happy B-day babe ! I love ya!!,0,57,medium,0.0,1.0,0.0,hey almost forgot happy bday babe love ya,0.22821576763485477
spam,Valentines Day Special! Win over å£1000 in our quiz and take your partner on the trip of a lifetime! Send GO to 83600 now. 150p/msg rcvd. CustCare:08718720201,1,158,long,1.0,0.0,0.0,valentines day special win å£ quiz take partner trip lifetime send go pmsg rcvd custcare,0.6473029045643154
ham,Do you think i can move  &lt;#&gt;  in a week,0,45,medium,0.0,1.0,0.0,think move ltgt week,0.17842323651452283
ham,She.s find. I sent you an offline message to know how anjola's now.,0,67,medium,0.0,1.0,0.0,shes find sent offline message know anjolas,0.2697095435684647
spam,Guess who am I?This is the first time I created a web page WWW.ASJESUS.COM read all I wrote. I'm waiting for your opinions. I want to be your friend 1/1,1,152,long,1.0,0.0,0.0,guess ithis first time created web page read wrote im waiting opinions want friend,0.6224066390041494
ham,How was txting and driving,0,26,short,0.0,0.0,1.0,txting driving,0.09958506224066391
ham,That's good. Lets thank God. Please complete the drug. Have lots of water. And have a beautiful day.,0,100,long,1.0,0.0,0.0,thats good lets thank god please complete drug lots water beautiful day,0.4066390041493776
ham,Really dun bluff me leh... U sleep early too. Nite...,0,53,medium,0.0,1.0,0.0,really dun bluff leh sleep early nite,0.21161825726141079
ham,Uncle boye. I need movies oh. Guide me. Plus you know torrents are not particularly legal here. And the system is slowing down. What should i do. Have a gr8 day. Plus have you started cos i dont meet you online. How was the honey moon.,0,235,long,1.0,0.0,0.0,uncle boye need movies oh guide plus know torrents particularly legal system slowing gr day plus started cos dont meet online honey moon,0.966804979253112
ham,Oh ya ya. I remember da. .,0,26,short,0.0,0.0,1.0,oh ya ya remember da,0.09958506224066391
ham,Btw regarding that we should really try to see if anyone else can be our 4th guy before we commit to a random dude,0,114,long,1.0,0.0,0.0,btw regarding really try see anyone else th guy commit random dude,0.4647302904564315
spam,"For ur chance to win å£250 cash every wk TXT: PLAY to 83370. T's&C's www.music-trivia.net custcare 08715705022, 1x150p/wk.",1,122,long,1.0,0.0,0.0,ur chance win å£ cash every wk txt play tscs custcare pwk,0.49792531120331945
ham,I not busy juz dun wan 2 go so early.. Hee.. ,0,45,medium,0.0,1.0,0.0,busy juz dun wan go early hee,0.17842323651452283
ham,Rightio. 11.48 it is then. Well arent we all up bright and early this morning.,0,78,medium,0.0,1.0,0.0,rightio well arent bright early morning,0.3153526970954357
ham,"Great. I'm in church now, will holla when i get out",0,51,medium,0.0,1.0,0.0,great im church holla get,0.2033195020746888
ham,Back in brum! Thanks for putting us up and keeping us all and happy. See you soon ,0,82,medium,0.0,1.0,0.0,back brum thanks putting us keeping us happy see soon,0.33195020746887965
ham,I donno if they are scorable,0,28,short,0.0,0.0,1.0,donno scorable,0.1078838174273859
ham,&lt;#&gt;  great loxahatchee xmas tree burning update: you can totally see stars here,0,85,medium,0.0,1.0,0.0,ltgt great loxahatchee xmas tree burning update totally see stars,0.34439834024896265
ham,"Yes but i dont care! I need you bad, princess!",0,46,medium,0.0,1.0,0.0,yes dont care need bad princess,0.1825726141078838
ham,"The guy (kadeem) hasn't been selling since the break, I know one other guy but he's paranoid as fuck and doesn't like selling without me there and I can't be up there til late tonight",0,183,long,1.0,0.0,0.0,guy kadeem hasnt selling since break know one guy hes paranoid fuck doesnt like selling without cant til late tonight,0.7510373443983402
ham,Tmr then Ì_ brin lar... Aiya later i come n c lar... Mayb Ì_ neva set properly Ì_ got da help sheet wif Ì_...,0,109,long,1.0,0.0,0.0,tmr brin lar aiya later come lar mayb neva set properly got da help sheet wif,0.44398340248962653
ham,Do u knw dis no. &lt;#&gt; ?,0,28,short,0.0,0.0,1.0,knw dis ltgt,0.1078838174273859
ham,Then she dun believe wat?,0,25,short,0.0,0.0,1.0,dun believe wat,0.09543568464730291
ham,K..give back my thanks.,0,23,short,0.0,0.0,1.0,kgive back thanks,0.08713692946058091
ham,I know complain num only..bettr directly go to bsnl offc nd apply for it..,0,74,medium,0.0,1.0,0.0,know complain num onlybettr directly go bsnl offc nd apply,0.2987551867219917
ham,Okay. I've seen it. So i should pick it on friday?,0,50,medium,0.0,1.0,0.0,okay ive seen pick friday,0.19917012448132781
ham,How much she payed. Suganya.,0,28,short,0.0,0.0,1.0,much payed suganya,0.1078838174273859
ham,Left dessert. U wan me 2 go suntec look 4 u?,0,44,medium,0.0,1.0,0.0,left dessert wan go suntec look,0.17427385892116182
ham,"Abeg, make profit. But its a start. Are you using it to get sponsors for the next event?",0,88,medium,0.0,1.0,0.0,abeg make profit start using get sponsors next event,0.3568464730290456
ham,Onum ela pa. Normal than.,0,25,short,0.0,0.0,1.0,onum ela pa normal,0.09543568464730291
ham,K.k..how is your sister kids?,0,29,short,0.0,0.0,1.0,kkhow sister kids,0.11203319502074689
ham,"Cool, I'll text you when I'm on the way",0,39,short,0.0,0.0,1.0,cool ill text im way,0.15352697095435686
ham,Nope. Meanwhile she talk say make i greet you.,0,46,medium,0.0,1.0,0.0,nope meanwhile talk say make greet,0.1825726141078838
ham,i cant talk to you now.i will call when i can.dont keep calling.,0,64,medium,0.0,1.0,0.0,cant talk nowi call candont keep calling,0.2572614107883817
ham,Anything lar...,0,15,short,0.0,0.0,1.0,anything lar,0.05394190871369295
ham,"Rose needs water, season needs change, poet needs imagination..My phone needs ur sms and i need ur lovely frndship forever....",0,126,long,1.0,0.0,0.0,rose needs water season needs change poet needs imaginationmy phone needs ur sms need ur lovely frndship forever,0.5145228215767635
ham,"Good afternoon, babe. How goes that day ? Any job prospects yet ? I miss you, my love ... *sighs* ... :-(",0,105,long,1.0,0.0,0.0,good afternoon babe goes day job prospects yet miss love sighs,0.42738589211618255
ham,They will pick up and drop in car.so no problem..,0,49,medium,0.0,1.0,0.0,pick drop carso problem,0.1950207468879668
ham,S.i think he is waste for rr..,0,30,short,0.0,0.0,1.0,si think waste rr,0.11618257261410789
ham,He is world famamus....,0,23,short,0.0,0.0,1.0,world famamus,0.08713692946058091
ham,Is there coming friday is leave for pongal?do you get any news from your work place.,0,84,medium,0.0,1.0,0.0,coming friday leave pongaldo get news work place,0.3402489626556016
ham,Lol well don't do it without me. We could have a big sale together.,0,67,medium,0.0,1.0,0.0,lol well dont without could big sale together,0.2697095435684647
ham,* Am on my way,0,14,short,0.0,0.0,1.0,way,0.049792531120331954
ham,Eat at old airport road... But now 630 oredi... Got a lot of pple...,0,68,medium,0.0,1.0,0.0,eat old airport road oredi got lot pple,0.2738589211618257
ham,"sry can't talk on phone, with parents",0,37,short,0.0,0.0,1.0,sry cant talk phone parents,0.14522821576763487
ham,Ok lor wat time Ì_ finish?,0,26,short,0.0,0.0,1.0,ok lor wat time finish,0.09958506224066391
ham,"Princess, i like to make love  &lt;#&gt;  times per night. Hope thats not a problem!",0,84,medium,0.0,1.0,0.0,princess like make love ltgt times per night hope thats problem,0.3402489626556016
ham,Mm i am on the way to railway,0,29,short,0.0,0.0,1.0,mm way railway,0.11203319502074689
ham,"I'm done. I'm sorry. I hope your next space gives you everything you want. Remember all the furniture is yours. If i'm not around when you move it, just lock all the locks and leave the key with jenne.",0,201,long,1.0,0.0,0.0,im done im sorry hope next space gives everything want remember furniture im around move lock locks leave key jenne,0.8257261410788382
ham,Not yet. Just i'd like to keep in touch and it will be the easiest way to do that from barcelona. By the way how ru and how is the house?,0,137,long,1.0,0.0,0.0,yet id like keep touch easiest way barcelona way ru house,0.5601659751037344
spam,"Sppok up ur mob with a Halloween collection of nokia logo&pic message plus a FREE eerie tone, txt CARD SPOOK to 8007",1,116,long,1.0,0.0,0.0,sppok ur mob halloween collection nokia logopic message plus free eerie tone txt card spook,0.4730290456431535
spam,"Urgent! call 09066612661 from landline. Your complementary 4* Tenerife Holiday or å£10,000 cash await collection SAE T&Cs PO Box 3 WA14 2PX 150ppm 18+ Sender: Hol Offer",1,168,long,1.0,0.0,0.0,urgent call landline complementary tenerife holiday å£ cash await collection sae tcs po box wa px ppm sender hol offer,0.6887966804979253
ham,K.:)do it at evening da:)urgent:),0,33,short,0.0,0.0,1.0,kdo evening daurgent,0.1286307053941909
ham,Pansy! You've been living in a jungle for two years! Its my driving you should be more worried about!,0,101,long,1.0,0.0,0.0,pansy youve living jungle two years driving worried,0.4107883817427386
ham,Mm have some kanji dont eat anything heavy ok,0,45,medium,0.0,1.0,0.0,mm kanji dont eat anything heavy ok,0.17842323651452283
ham,Only if you promise your getting out as SOON as you can. And you'll text me in the morning to let me know you made it in ok.,0,124,long,1.0,0.0,0.0,promise getting soon youll text morning let know made ok,0.5062240663900415
ham,Lol that's different. I don't go trying to find every real life photo you ever took.,0,84,medium,0.0,1.0,0.0,lol thats different dont go trying find every real life photo ever took,0.3402489626556016
ham,I dont thnk its a wrong calling between us,0,42,medium,0.0,1.0,0.0,dont thnk wrong calling us,0.16597510373443983
ham,K ill drink.pa then what doing. I need srs model pls send it to my mail id pa.,0,78,medium,0.0,1.0,0.0,ill drinkpa need srs model pls send mail id pa,0.3153526970954357
ham,Aiyah e rain like quite big leh. If drizzling i can at least run home.,0,70,medium,0.0,1.0,0.0,aiyah rain like quite big leh drizzling least run home,0.2821576763485477
ham,I have 2 docs appointments next week.:/ I'm tired of them shoving stuff up me. Ugh why couldn't I have had a normal body?,0,121,long,1.0,0.0,0.0,docs appointments next week im tired shoving stuff ugh couldnt normal body,0.4937759336099585
ham,Dun b sad.. It's over.. Dun thk abt it already. Concentrate on ur other papers k.,0,81,medium,0.0,1.0,0.0,dun sad dun thk abt already concentrate ur papers,0.3278008298755187
ham,"Greetings me, ! Consider yourself excused.",0,42,medium,0.0,1.0,0.0,greetings consider excused,0.16597510373443983
ham,they released another Italian one today and it has a cosign option,0,66,medium,0.0,1.0,0.0,released another italian one today cosign option,0.26556016597510373
ham,"You at mu? You should try to figure out how much money everyone has for gas and alcohol, jay and I are trying to figure out our weed budget",0,139,long,1.0,0.0,0.0,mu try figure much money everyone gas alcohol jay trying figure weed budget,0.5684647302904564
spam,WINNER! As a valued network customer you hvae been selected to receive a å£900 reward! To collect call 09061701444. Valid 24 hours only. ACL03530150PM,1,150,long,1.0,0.0,0.0,winner valued network customer hvae selected receive å£ reward collect call valid hours acl pm,0.6141078838174274
ham,HCL chennai requires FRESHERS for voice process.Excellent english needed.Salary upto  &lt;#&gt; .Call Ms.Suman  &lt;#&gt;  for Telephonic interview -via Indyarocks.com,0,167,long,1.0,0.0,0.0,hcl chennai requires freshers voice processexcellent english neededsalary upto ltgt call mssuman ltgt telephonic interview via indyarockscom,0.6846473029045643
ham,Dai what this da.. Can i send my resume to this id.,0,51,medium,0.0,1.0,0.0,dai da send resume id,0.2033195020746888
ham,"I know where the  &lt;#&gt;  is, I'll be there around 5",0,55,medium,0.0,1.0,0.0,know ltgt ill around,0.21991701244813278
ham,Yup i've finished c Ì_ there...,0,31,short,0.0,0.0,1.0,yup ive finished,0.12033195020746887
ham,Remember to ask alex about his pizza,0,36,short,0.0,0.0,1.0,remember ask alex pizza,0.14107883817427386
ham,No da..today also i forgot..,0,28,short,0.0,0.0,1.0,datoday also forgot,0.1078838174273859
ham,Fwiw the reason I'm only around when it's time to smoke is that because of gas I can only afford to be around when someone tells me to be and that apparently only happens when somebody wants to light up,0,202,long,1.0,0.0,0.0,fwiw reason im around time smoke gas afford around someone tells apparently happens somebody wants light,0.8298755186721992
ham,"Hello, my boytoy! I made it home and my constant thought is of you, my love. I hope your having a nice visit but I can't wait till you come home to me ...*kiss*",0,160,long,1.0,0.0,0.0,hello boytoy made home constant thought love hope nice visit cant wait till come home kiss,0.6556016597510373
ham,Congrats kano..whr s the treat maga?,0,36,short,0.0,0.0,1.0,congrats kanowhr treat maga,0.14107883817427386
ham,Who u talking about?,0,20,short,0.0,0.0,1.0,talking,0.07468879668049792
ham,Yup...,0,6,short,0.0,0.0,1.0,yup,0.016597510373443987
ham,"U wake up already? Wat u doing? U picking us up later rite? I'm taking sq825, reaching ard 7 smth 8 like dat. U can check e arrival time. C ya soon...",0,150,long,1.0,0.0,0.0,wake already wat picking us later rite im taking sq reaching ard smth like dat check arrival time ya soon,0.6141078838174274
ham,Yunny i'm walking in citylink now Ì_ faster come down... Me very hungry...,0,74,medium,0.0,1.0,0.0,yunny im walking citylink faster come hungry,0.2987551867219917
ham,Er yep sure. Props?,0,19,short,0.0,0.0,1.0,er yep sure props,0.07053941908713693
ham,"Hiya , have u been paying money into my account? If so, thanks. Got a pleasant surprise when i checked my balance -u c, i don't get statements 4 that acc",0,153,long,1.0,0.0,0.0,hiya paying money account thanks got pleasant surprise checked balance dont get statements acc,0.6265560165975104
spam,U have won a nokia 6230 plus a free digital camera. This is what u get when u win our FREE auction. To take part send NOKIA to 83383 now. POBOX114/14TCR/W1 16,1,158,long,1.0,0.0,0.0,nokia plus free digital camera get win free auction take part send nokia pobox tcrw,0.6473029045643154
ham,Ok ill send you with in  &lt;DECIMAL&gt;  ok.,0,45,medium,0.0,1.0,0.0,ok ill send ltdecimalgt ok,0.17842323651452283
ham,Bognor it is! Should be splendid at this time of year.,0,54,medium,0.0,1.0,0.0,bognor splendid time year,0.2157676348547718
ham,Yes.i'm in office da:),0,22,short,0.0,0.0,1.0,yesim office da,0.08298755186721991
ham,Ok. I only ask abt e movie. U wan ktv oso?,0,42,medium,0.0,1.0,0.0,ok ask abt movie wan ktv oso,0.16597510373443983
ham,Misplaced your number and was sending texts to your old number. Wondering why i've not heard from you this year. All the best in your mcat. Got this number from my atlanta friends,0,179,long,1.0,0.0,0.0,misplaced number sending texts old number wondering ive heard year best mcat got number atlanta friends,0.7344398340248963
ham,Dunno lei... I might b eatin wif my frens... If Ì_ wan to eat then i wait 4 Ì_ lar,0,82,medium,0.0,1.0,0.0,dunno lei might eatin wif frens wan eat wait lar,0.33195020746887965
spam,FREE entry into our å£250 weekly comp just send the word WIN to 80086 NOW. 18 T&C www.txttowin.co.uk,1,100,long,1.0,0.0,0.0,free entry å£ weekly comp send word win tc,0.4066390041493776
ham,Do u noe how 2 send files between 2 computers?,0,46,medium,0.0,1.0,0.0,noe send files computers,0.1825726141078838
ham,"Mmmmm ... I loved waking to your words this morning ! I miss you too, my Love. I hope your day goes well and you are happy. I wait for us to be together again",0,158,long,1.0,0.0,0.0,mmmmm loved waking words morning miss love hope day goes well happy wait us together,0.6473029045643154
ham,jay says he'll put in  &lt;#&gt;,0,32,short,0.0,0.0,1.0,jay says hell put ltgt,0.12448132780082988
ham,Can you just come in for a sec? There's somebody here I want you to see,0,71,medium,0.0,1.0,0.0,come sec theres somebody want see,0.2863070539419087
ham,So the sun is anti sleep medicine.,0,34,short,0.0,0.0,1.0,sun anti sleep medicine,0.13278008298755187
ham,What's happening with you. Have you gotten a job and have you begun registration for permanent residency,0,104,long,1.0,0.0,0.0,whats happening gotten job begun registration permanent residency,0.42323651452282157
ham,Yup ok...,0,9,short,0.0,0.0,1.0,yup ok,0.029045643153526972
ham,Glad it went well :) come over at 11 then we'll have plenty of time before claire goes to work.,0,95,medium,0.0,1.0,0.0,glad went well come well plenty time claire goes work,0.3858921161825726
ham,Ok enjoy . R u there in home.,0,29,short,0.0,0.0,1.0,ok enjoy home,0.11203319502074689
ham,"Can you pls pls send me a mail on all you know about relatives coming to deliver here? All you know about costs, risks, benefits and anything else. Thanks.",0,155,long,1.0,0.0,0.0,pls pls send mail know relatives coming deliver know costs risks benefits anything else thanks,0.6348547717842324
ham,You do what all you like,0,24,short,0.0,0.0,1.0,like,0.09128630705394192
ham,That's y we haf to combine n c how lor...,0,41,medium,0.0,1.0,0.0,thats haf combine lor,0.16182572614107885
ham,The monthly amount is not that terrible and you will not pay anything till 6months after finishing school.,0,106,long,1.0,0.0,0.0,monthly amount terrible pay anything till months finishing school,0.43153526970954353
ham,Hmmm:)how many players selected?,0,32,short,0.0,0.0,1.0,hmmmhow many players selected,0.12448132780082988
ham,"They said if its gonna snow, it will start around 8 or 9 pm tonite! They are predicting an inch of accumulation.",0,112,long,1.0,0.0,0.0,said gonna snow start around pm tonite predicting inch accumulation,0.45643153526970953
ham,I dont. Can you send it to me. Plus how's mode.,0,47,medium,0.0,1.0,0.0,dont send plus hows mode,0.18672199170124482
ham,Aiyo please Ì_ got time meh.,0,28,short,0.0,0.0,1.0,aiyo please got time meh,0.1078838174273859
ham,Package all your programs well,0,30,short,0.0,0.0,1.0,package programs well,0.11618257261410789
ham,So are you guys asking that i get that slippers again or its gone with last year,0,80,medium,0.0,1.0,0.0,guys asking get slippers gone last year,0.32365145228215764
ham,Company is very good.environment is terrific and food is really nice:),0,70,medium,0.0,1.0,0.0,company goodenvironment terrific food really nice,0.2821576763485477
spam,"Text82228>> Get more ringtones, logos and games from www.txt82228.com. Questions: info@txt82228.co.uk",1,101,long,1.0,0.0,0.0,text get ringtones logos games questions infotxt couk,0.4107883817427386
ham,Honestly i've just made a lovely cup of tea and promptly dropped my keys in it and then burnt my fingers getting them out!,0,122,long,1.0,0.0,0.0,honestly ive made lovely cup tea promptly dropped keys burnt fingers getting,0.49792531120331945
ham,Yup but not studying surfing lor. I'm in e lazy mode today.,0,59,medium,0.0,1.0,0.0,yup studying surfing lor im lazy mode today,0.23651452282157676
ham,Please sen :)my kind advice :-)please come here and try:-),0,58,medium,0.0,1.0,0.0,please sen kind advice please come try,0.23236514522821577
ham,I'm done. C Ì_ there.,0,21,short,0.0,0.0,1.0,im done,0.07883817427385892
ham,"Oh fine, I'll be by tonight",0,27,short,0.0,0.0,1.0,oh fine ill tonight,0.1037344398340249
ham,ÌÏ give me some time to walk there.,0,35,short,0.0,0.0,1.0,ìï give time walk,0.13692946058091288
ham,I'll reach in ard 20 mins ok...,0,31,short,0.0,0.0,1.0,ill reach ard mins ok,0.12033195020746887
spam,"FreeMSG You have been awarded a FREE mini DIGITAL CAMERA, just reply SNAP to collect your prize! (quizclub Opt out? Stop 80122300p/wk SP:RWM Ph:08704050406)",1,156,long,1.0,0.0,0.0,freemsg awarded free mini digital camera reply snap collect prize quizclub opt stop pwk sprwm ph,0.6390041493775934
ham,Fuck babe ... What happened to you ? How come you never came back?,0,66,medium,0.0,1.0,0.0,fuck babe happened come never came back,0.26556016597510373
spam,This message is brought to you by GMW Ltd. and is not connected to the,1,70,medium,0.0,1.0,0.0,message brought gmw ltd connected,0.2821576763485477
ham,"Some friends want me to drive em someplace, probably take a while",0,65,medium,0.0,1.0,0.0,friends want drive em someplace probably take,0.2614107883817427
ham,I also thk too fast... Xy suggest one not me. U dun wan it's ok. Going 2 rain leh where got gd.,0,95,medium,0.0,1.0,0.0,also thk fast xy suggest one dun wan ok going rain leh got gd,0.3858921161825726
ham,Are you still getting the goods.,0,32,short,0.0,0.0,1.0,still getting goods,0.12448132780082988
ham,And maybe some pressies,0,23,short,0.0,0.0,1.0,maybe pressies,0.08713692946058091
ham,"Yeah I am, so I'll leave maybe 7ish?",0,36,short,0.0,0.0,1.0,yeah ill leave maybe ish,0.14107883817427386
ham,I told her I had a Dr appt next week. She thinks I'm gonna die. I told her its just a check. Nothing to be worried about. But she didn't listen.,0,144,long,1.0,0.0,0.0,told dr appt next week thinks im gonna die told check nothing worried didnt listen,0.5892116182572614
ham,You in your room? I need a few,0,30,short,0.0,0.0,1.0,room need,0.11618257261410789
ham,I dont want to hear anything,0,28,short,0.0,0.0,1.0,dont want hear anything,0.1078838174273859
ham,Hey. For me there is no leave on friday. Wait i will ask my superior and tell you..,0,83,medium,0.0,1.0,0.0,hey leave friday wait ask superior tell,0.33609958506224064
ham,Ultimately tor motive tui achieve korli.,0,40,medium,0.0,1.0,0.0,ultimately tor motive tui achieve korli,0.15767634854771784
ham,From 5 to 2 only my work timing.,0,32,short,0.0,0.0,1.0,work timing,0.12448132780082988
ham,Û_ and donÛ÷t worry weÛ÷ll have finished by march Û_ ish!,0,61,medium,0.0,1.0,0.0,û donû÷t worry weû÷ll finished march û ish,0.24481327800829875
ham,"The house is on the water with a dock, a boat rolled up with a newscaster who dabbles in jazz flute behind the wheel",0,116,long,1.0,0.0,0.0,house water dock boat rolled newscaster dabbles jazz flute behind wheel,0.4730290456431535
spam,"Congrats 2 mobile 3G Videophones R yours. call 09063458130 now! videochat wid ur mates, play java games, Dload polypH music, noline rentl. bx420. ip4. 5we. 150p",1,160,long,1.0,0.0,0.0,congrats mobile videophones call videochat wid ur mates play java games dload polyph music noline rentl bx ip,0.6556016597510373
spam,Your next amazing xxx PICSFREE1 video will be sent to you enjoy! If one vid is not enough for 2day text back the keyword PICSFREE1 to get the next video.,1,153,long,1.0,0.0,0.0,next amazing xxx picsfree video sent enjoy one vid enough day text back keyword picsfree get next video,0.6265560165975104
ham,Now thats going to ruin your thesis!,0,36,short,0.0,0.0,1.0,thats going ruin thesis,0.14107883817427386
ham,In sch but neva mind u eat 1st lor..,0,36,short,0.0,0.0,1.0,sch neva mind eat st lor,0.14107883817427386
ham,Hey whats up? U sleeping all morning?,0,37,short,0.0,0.0,1.0,hey whats sleeping morning,0.14522821576763487
ham,Erm. I thought the contract ran out the4th of october.,0,54,medium,0.0,1.0,0.0,erm thought contract ran th october,0.2157676348547718
ham,I dunno until when... Lets go learn pilates...,0,46,medium,0.0,1.0,0.0,dunno lets go learn pilates,0.1825726141078838
spam,U are subscribed to the best Mobile Content Service in the UK for å£3 per ten days until you send STOP to 83435. Helpline 08706091795.,1,134,long,1.0,0.0,0.0,subscribed best mobile content service uk å£ per ten days send stop helpline,0.5477178423236515
ham,Yup i'm elaborating on the safety aspects and some other issues..,0,65,medium,0.0,1.0,0.0,yup im elaborating safety aspects issues,0.2614107883817427
spam,"3 FREE TAROT TEXTS! Find out about your love life now! TRY 3 FOR FREE! Text CHANCE to 85555 16 only! After 3 Free, Msgs å£1.50 each",1,131,long,1.0,0.0,0.0,free tarot texts find love life try free text chance free msgs å£,0.5352697095435685
ham,"Goodmorning, today i am late for 1hr.",0,37,short,0.0,0.0,1.0,goodmorning today late hr,0.14522821576763487
ham,Hi happy birthday. Hi hi hi hi hi hi hi,0,39,short,0.0,0.0,1.0,hi happy birthday hi hi hi hi hi hi hi,0.15352697095435686
ham,I will be outside office take all from there,0,44,medium,0.0,1.0,0.0,outside office take,0.17427385892116182
ham,If you don't respond imma assume you're still asleep and imma start calling n shit,0,82,medium,0.0,1.0,0.0,dont respond imma assume youre still asleep imma start calling shit,0.33195020746887965
ham,"Aight, see you in a bit",0,23,short,0.0,0.0,1.0,aight see bit,0.08713692946058091
ham,My superior telling that friday is leave for all other department except ours:)so it will be leave for you:)any way call waheed fathima hr and conform it:),0,155,long,1.0,0.0,0.0,superior telling friday leave department except oursso leave youany way call waheed fathima hr conform,0.6348547717842324
spam,Join the UK's horniest Dogging service and u can have sex 2nite!. Just sign up and follow the instructions. Txt ENTRY to 69888 now! Nyt.EC2A.3LP.msg@150p,1,153,long,1.0,0.0,0.0,join uks horniest dogging service sex nite sign follow instructions txt entry nytec lpmsg,0.6265560165975104
ham,Lol I have to take it. member how I said my aunt flow didn't visit for 6 months? It's cause I developed ovarian cysts. Bc is the only way to shrink them.,0,153,long,1.0,0.0,0.0,lol take member said aunt flow didnt visit months cause developed ovarian cysts bc way shrink,0.6265560165975104
ham,Still work going on:)it is very small house.,0,44,medium,0.0,1.0,0.0,still work going onit small house,0.17427385892116182
ham,"My friend just got here and says he's upping his order by a few grams (he's got $ &lt;#&gt; ), when can you get here?",0,117,long,1.0,0.0,0.0,friend got says hes upping order grams hes got ltgt get,0.4771784232365145
ham,Tmr timin still da same wat cos i got lesson until 6...,0,55,medium,0.0,1.0,0.0,tmr timin still da wat cos got lesson,0.21991701244813278
ham,"ThatÛ÷s the thing with apes, u can fight to the death to keep something, but the minute they have it when u let go, thats it!",0,126,long,1.0,0.0,0.0,thatû÷s thing apes fight death keep something minute let go thats,0.5145228215767635
ham,No i'm not gonna be able to. || too late notice. || i'll be home in a few weeks anyway. || what are the plans,0,109,long,1.0,0.0,0.0,im gonna able late notice ill home weeks anyway plans,0.44398340248962653
ham,"Got fujitsu, ibm, hp, toshiba... Got a lot of model how to say...",0,65,medium,0.0,1.0,0.0,got fujitsu ibm hp toshiba got lot model say,0.2614107883817427
ham,Okie... Thanx...,0,16,short,0.0,0.0,1.0,okie thanx,0.058091286307053944
ham,"Gosh that , what a pain. Spose I better come then.",0,50,medium,0.0,1.0,0.0,gosh pain spose better come,0.19917012448132781
ham,"As usual..iam fine, happy &amp; doing well..:)",0,46,medium,0.0,1.0,0.0,usualiam fine happy amp well,0.1825726141078838
ham,Okie,0,4,short,0.0,0.0,1.0,okie,0.008298755186721992
ham,So when you gonna get rimac access ,0,35,short,0.0,0.0,1.0,gonna get rimac access,0.13692946058091288
ham,"\Im at arestaurant eating squid! i will be out about 10:30 wanna dosomething or is that to late?\""""",0,99,medium,0.0,1.0,0.0,im arestaurant eating squid wanna dosomething late,0.40248962655601656
ham,You call times job today ok umma and ask them to speed up,0,57,medium,0.0,1.0,0.0,call times job today ok umma ask speed,0.22821576763485477
ham,"\HELLO U.CALL WEN U FINISH WRK.I FANCY MEETIN UP WIV U ALL TONITE AS I NEED A BREAK FROM DABOOKS. DID 4 HRS LAST NITE+2 TODAY OF WRK!\""""",0,136,long,1.0,0.0,0.0,hello ucall wen finish wrki fancy meetin wiv tonite need break dabooks hrs last nite today wrk,0.5560165975103735
ham,R U &SAM P IN EACHOTHER. IF WE MEET WE CAN GO 2 MY HOUSE,0,56,medium,0.0,1.0,0.0,sam eachother meet go house,0.22406639004149378
ham,:-) yeah! Lol. Luckily i didn't have a starring role like you!,0,62,medium,0.0,1.0,0.0,yeah lol luckily didnt starring role like,0.24896265560165973
ham,Hello madam how are you ?,0,25,short,0.0,0.0,1.0,hello madam,0.09543568464730291
ham,"Awesome, text me when you're restocked",0,38,short,0.0,0.0,1.0,awesome text youre restocked,0.14937759336099585
spam,Knock Knock Txt whose there to 80082 to enter r weekly draw 4 a å£250 gift voucher 4 a store of yr choice. T&Cs www.tkls.com age16 to stoptxtstopå£1.50/week,1,156,long,1.0,0.0,0.0,knock knock txt whose enter weekly draw å£ gift voucher store yr choice tcs age stoptxtstopå£ week,0.6390041493775934
ham,Yes. It's all innocent fun. O:-),0,32,short,0.0,0.0,1.0,yes innocent fun,0.12448132780082988
ham,Thanks for sending this mental ability question..,0,49,medium,0.0,1.0,0.0,thanks sending mental ability question,0.1950207468879668
ham,"Sir, hope your day is going smoothly. i really hoped i wont have to bother you about this. I have some bills that i can't settle this month. I am out of all extra cash. I know this is a challenging time for you also but i have to let you know.",0,243,long,1.0,0.0,0.0,sir hope day going smoothly really hoped wont bother bills cant settle month extra cash know challenging time also let know,1.0
ham,2marrow only. Wed at  &lt;#&gt;  to 2 aha.,0,42,medium,0.0,1.0,0.0,marrow wed ltgt aha,0.16597510373443983
ham,I went to ur hon lab but no one is there.,0,41,medium,0.0,1.0,0.0,went ur hon lab one,0.16182572614107885
ham,Hey pple...$700 or $900 for 5 nights...Excellent location wif breakfast hamper!!!,0,81,medium,0.0,1.0,0.0,hey pple nightsexcellent location wif breakfast hamper,0.3278008298755187
spam,<Forwarded from 21870000>Hi - this is your Mailbox Messaging SMS alert. You have 40 matches. Please call back on 09056242159 to retrieve your messages and matches cc100p/min,1,173,long,1.0,0.0,0.0,forwarded hi mailbox messaging sms alert matches please call back retrieve messages matches cc pmin,0.7095435684647303
ham,How come?,0,9,short,0.0,0.0,1.0,come,0.029045643153526972
ham,Lol! Nah wasn't too bad thanks. Its good to b home but its been quite a reality check. Hows ur day been? Did u do anything with website?,0,136,long,1.0,0.0,0.0,lol nah wasnt bad thanks good home quite reality check hows ur day anything website,0.5560165975103735
ham,Ok lor...,0,9,short,0.0,0.0,1.0,ok lor,0.029045643153526972
ham,I'm coming home 4 dinner.,0,25,short,0.0,0.0,1.0,im coming home dinner,0.09543568464730291
ham,S da..al r above  &lt;#&gt;,0,27,short,0.0,0.0,1.0,daal ltgt,0.1037344398340249
spam,"FREE RING TONE just text \POLYS\"" to 87131. Then every week get a new tone. 0870737910216yrs only å£1.50/wk.""",1,109,long,1.0,0.0,0.0,free ring tone text polys every week get new tone yrs å£ wk,0.44398340248962653
ham,Unni thank you dear for the recharge..Rakhesh,0,45,medium,0.0,1.0,0.0,unni thank dear rechargerakhesh,0.17842323651452283
ham,I know I'm lacking on most of this particular dramastorm's details but for the most part I'm not worried about that,0,115,long,1.0,0.0,0.0,know im lacking particular dramastorms details part im worried,0.46887966804979253
ham,Haha... They cant what... At the most tmr forfeit... haha so how?,0,65,medium,0.0,1.0,0.0,haha cant tmr forfeit haha,0.2614107883817427
ham,"Hey there! Glad u r better now. I hear u treated urself to a digi cam, is it good? We r off at 9pm. Have a fab new year, c u in coupla wks!",0,139,long,1.0,0.0,0.0,hey glad better hear treated urself digi cam good pm fab new year coupla wks,0.5684647302904564
ham,No way I'm going back there!,0,28,short,0.0,0.0,1.0,way im going back,0.1078838174273859
spam,"URGENT! Your mobile No 077xxx WON a å£2,000 Bonus Caller Prize on 02/06/03! This is the 2nd attempt to reach YOU! Call 09066362206 ASAP! BOX97N7QP, 150ppm",1,154,long,1.0,0.0,0.0,urgent mobile xxx å£ bonus caller prize nd attempt reach call asap box qp ppm,0.6307053941908713
ham,I WILL CAL YOU SIR. In meeting,0,30,short,0.0,0.0,1.0,cal sir meeting,0.11618257261410789
ham,"That's what I love to hear :V see you sundayish, then",0,53,medium,0.0,1.0,0.0,thats love hear see sundayish,0.21161825726141079
ham,"Sorry da thangam, very very sorry i am held up with prasad.",0,59,medium,0.0,1.0,0.0,sorry da thangam sorry held prasad,0.23651452282157676
ham,Tiwary to rcb.battle between bang and kochi.,0,44,medium,0.0,1.0,0.0,tiwary rcbbattle bang kochi,0.17427385892116182
ham,Thank god they are in bed!,0,26,short,0.0,0.0,1.0,thank god bed,0.09958506224066391
ham,No I don't have cancer. Moms making a big deal out of a regular checkup aka pap smear,0,85,medium,0.0,1.0,0.0,dont cancer moms making big deal regular checkup aka pap smear,0.34439834024896265
ham,Am in gobi arts college,0,23,short,0.0,0.0,1.0,gobi arts college,0.08713692946058091
ham,Why she wants to talk to me,0,27,short,0.0,0.0,1.0,wants talk,0.1037344398340249
ham,Pandy joined 4w technologies today.he got job..,0,47,medium,0.0,1.0,0.0,pandy joined technologies todayhe got job,0.18672199170124482
spam,"You are guaranteed the latest Nokia Phone, a 40GB iPod MP3 player or a å£500 prize! Txt word: COLLECT to No: 83355! IBHltd LdnW15H 150p/Mtmsgrcvd18",1,147,long,1.0,0.0,0.0,guaranteed latest nokia phone gb ipod mp player å£ prize txt word collect ibhltd ldnw pmtmsgrcvd,0.6016597510373445
ham,"They can try! They can get lost, in fact. Tee hee",0,49,medium,0.0,1.0,0.0,try get lost fact tee hee,0.1950207468879668
ham,My friends use to call the same.,0,32,short,0.0,0.0,1.0,friends use call,0.12448132780082988
ham,"Em, its olowoyey@ usc.edu have a great time in argentina. Not sad about secretary, everything is a blessing",0,107,long,1.0,0.0,0.0,em olowoyey uscedu great time argentina sad secretary everything blessing,0.4356846473029045
ham,"It,,s a taxt massage....tie-pos argh ok! Lool!",0,46,medium,0.0,1.0,0.0,taxt massagetiepos argh ok lool,0.1825726141078838
ham,"Hi, can i please get a  &lt;#&gt;  dollar loan from you. I.ll pay you back by mid february. Pls.",0,96,medium,0.0,1.0,0.0,hi please get ltgt dollar loan ill pay back mid february pls,0.3900414937759336
ham,"You might want to pull out more just in case and just plan on not spending it if you can, I don't have much confidence in derek and taylor's money management",0,157,long,1.0,0.0,0.0,might want pull case plan spending dont much confidence derek taylors money management,0.6431535269709544
ham,Do you like shaking your booty on the dance floor?,0,50,medium,0.0,1.0,0.0,like shaking booty dance floor,0.19917012448132781
ham,"Text me when you get off, don't call, my phones having problems",0,63,medium,0.0,1.0,0.0,text get dont call phones problems,0.25311203319502074
ham,No need for the drug anymore.,0,29,short,0.0,0.0,1.0,need drug anymore,0.11203319502074689
ham,Sorry da:)i was thought of calling you lot of times:)lil busy.i will call you at noon..,0,87,medium,0.0,1.0,0.0,sorry dai thought calling lot timeslil busyi call noon,0.3526970954356846
ham,Its sarcasm.. .nt scarcasim,0,27,short,0.0,0.0,1.0,sarcasm nt scarcasim,0.1037344398340249
ham,Great! I have to run now so ttyl!,0,33,short,0.0,0.0,1.0,great run ttyl,0.1286307053941909
ham,Feel like trying kadeem again? :V,0,33,short,0.0,0.0,1.0,feel like trying kadeem,0.1286307053941909
ham,Dai  &lt;#&gt;  naal eruku.,0,27,short,0.0,0.0,1.0,dai ltgt naal eruku,0.1037344398340249
ham,Not yet chikku..wat abt u?,0,26,short,0.0,0.0,1.0,yet chikkuwat abt,0.09958506224066391
ham,Want to finally have lunch today?,0,33,short,0.0,0.0,1.0,want finally lunch today,0.1286307053941909
ham,Do you know when dad will be back?,0,34,short,0.0,0.0,1.0,know dad back,0.13278008298755187
spam,"Hello darling how are you today? I would love to have a chat, why dont you tell me what you look like and what you are in to sexy?",1,130,long,1.0,0.0,0.0,hello darling today would love chat dont tell look like sexy,0.5311203319502075
spam,8007 FREE for 1st week! No1 Nokia tone 4 ur mob every week just txt NOKIA to 8007 Get txting and tell ur mates www.getzed.co.uk POBox 36504 W4 5WQ norm 150p/tone 16+,1,165,long,1.0,0.0,0.0,free st week nokia tone ur mob every week txt nokia get txting tell ur mates pobox wq norm ptone,0.6763485477178424
ham,He remains a bro amongst bros,0,29,short,0.0,0.0,1.0,remains bro amongst bros,0.11203319502074689
ham,R u meeting da ge at nite tmr?,0,30,short,0.0,0.0,1.0,meeting da ge nite tmr,0.11618257261410789
ham,"* Was a nice day and, impressively, i was sensible, went home early and now feel fine. Or am i just boring?! When's yours, i can't remember.",0,140,long,1.0,0.0,0.0,nice day impressively sensible went home early feel fine boring whens cant remember,0.5726141078838175
ham,Why de. You looking good only:-)..,0,34,short,0.0,0.0,1.0,de looking good,0.13278008298755187
spam,Wanna get laid 2nite? Want real Dogging locations sent direct to ur mobile? Join the UK's largest Dogging Network. Txt PARK to 69696 now! Nyt. ec2a. 3lp å£1.50/msg,1,163,long,1.0,0.0,0.0,wanna get laid nite want real dogging locations sent direct ur mobile join uks largest dogging network txt park nyt ec lp å£ msg,0.6680497925311204
spam,we tried to contact you re your response to our offer of a new nokia fone and camcorder hit reply or call 08000930705 for delivery,1,130,long,1.0,0.0,0.0,tried contact response offer new nokia fone camcorder hit reply call delivery,0.5311203319502075
ham,Yes. They replied my mail. I'm going to the management office later. Plus will in to bank later also.or on wednesday.,0,117,long,1.0,0.0,0.0,yes replied mail im going management office later plus bank later alsoor wednesday,0.4771784232365145
ham,"That's cool, I'll come by like  &lt;#&gt; ish",0,45,medium,0.0,1.0,0.0,thats cool ill come like ltgt ish,0.17842323651452283
ham,Super msg da:)nalla timing.,0,27,short,0.0,0.0,1.0,super msg danalla timing,0.1037344398340249
ham,"Good afternoon, my boytoy ... How are you feeling today ? Better I hope? Are you being my good boy? Are you my obedient, slave? Do you please your Queen?",0,153,long,1.0,0.0,0.0,good afternoon boytoy feeling today better hope good boy obedient slave please queen,0.6265560165975104
ham,I am 6 ft. We will be a good combination!,0,41,medium,0.0,1.0,0.0,ft good combination,0.16182572614107885
ham,I'm sick !! I'm needy !! I want you !! *pouts* *stomps feet* Where are you ?! *pouts* *stomps feet* I want my slave !! I want him now !!,0,136,long,1.0,0.0,0.0,im sick im needy want pouts stomps feet pouts stomps feet want slave want,0.5560165975103735
ham,* Am on a train back from northampton so i'm afraid not!,0,56,medium,0.0,1.0,0.0,train back northampton im afraid,0.22406639004149378
ham,Where in abj are you serving. Are you staying with dad or alone.,0,64,medium,0.0,1.0,0.0,abj serving staying dad alone,0.2572614107883817
ham,Was playng 9 doors game and gt racing on phone lol,0,50,medium,0.0,1.0,0.0,playng doors game gt racing phone lol,0.19917012448132781
spam,"New Tones This week include: 1)McFly-All Ab.., 2) Sara Jorge-Shock.. 3) Will Smith-Switch.. To order follow instructions on next message",1,136,long,1.0,0.0,0.0,new tones week include mcflyall ab sara jorgeshock smithswitch order follow instructions next message,0.5560165975103735
ham,I'm on da bus going home...,0,27,short,0.0,0.0,1.0,im da bus going home,0.1037344398340249
ham,I got a call from a landline number. . . I am asked to come to anna nagar . . . I will go in the afternoon,0,106,long,1.0,0.0,0.0,got call landline number asked come anna nagar go afternoon,0.43153526970954353
ham,I'm okay. Chasing the dream. What's good. What are you doing next.,0,66,medium,0.0,1.0,0.0,im okay chasing dream whats good next,0.26556016597510373
ham,Yupz... I've oredi booked slots 4 my weekends liao... ,0,54,medium,0.0,1.0,0.0,yupz ive oredi booked slots weekends liao,0.2157676348547718
spam,URGENT! We are trying to contact U. Todays draw shows that you have won a å£800 prize GUARANTEED. Call 09050003091 from land line. Claim C52. Valid 12hrs only,1,158,long,1.0,0.0,0.0,urgent trying contact todays draw shows å£ prize guaranteed call land line claim valid hrs,0.6473029045643154
ham,There r many model..sony ericson also der.. &lt;#&gt; ..it luks good bt i forgot modl no,0,88,medium,0.0,1.0,0.0,many modelsony ericson also der ltgt luks good bt forgot modl,0.3568464730290456
ham,Yes I know the cheesy songs from frosty the snowman :),0,54,medium,0.0,1.0,0.0,yes know cheesy songs frosty snowman,0.2157676348547718
ham,"Ya ok, vikky vl c witin  &lt;#&gt; mins and il reply u..",0,56,medium,0.0,1.0,0.0,ya ok vikky vl witin ltgt mins il reply,0.22406639004149378
spam,sports fans - get the latest sports news str* 2 ur mobile 1 wk FREE PLUS a FREE TONE Txt SPORT ON to 8007 www.getzed.co.uk 0870141701216+ norm 4txt/120p ,1,153,long,1.0,0.0,0.0,sports fans get latest sports news str ur mobile wk free plus free tone txt sport norm txt,0.6265560165975104
ham,Hey tmr meet at bugis 930 ?,0,27,short,0.0,0.0,1.0,hey tmr meet bugis,0.1037344398340249
spam,"Urgent Urgent! We have 800 FREE flights to Europe to give away, call B4 10th Sept & take a friend 4 FREE. Call now to claim on 09050000555. BA128NNFWFLY150ppm",1,158,long,1.0,0.0,0.0,urgent urgent free flights europe give away call th sept take friend free call claim ba nnfwfly ppm,0.6473029045643154
ham,All these nice new shirts and the only thing I can wear them to is nudist themed ;_; you in mu?,0,95,medium,0.0,1.0,0.0,nice new shirts thing wear nudist themed mu,0.3858921161825726
ham,Hey sexy buns! What of that day? No word from you this morning on YM ... :-( ... I think of you,0,95,medium,0.0,1.0,0.0,hey sexy buns day word morning ym think,0.3858921161825726
ham,And whenever you and i see we can still hook up too.,0,52,medium,0.0,1.0,0.0,whenever see still hook,0.2074688796680498
ham,Nope but i'm going home now then go pump petrol lor... Like going 2 rain soon...,0,80,medium,0.0,1.0,0.0,nope im going home go pump petrol lor like going rain soon,0.32365145228215764
ham,Can you use foreign stamps for whatever you send them off for? ,0,63,medium,0.0,1.0,0.0,use foreign stamps whatever send,0.25311203319502074
spam,FROM 88066 LOST å£12 HELP,1,25,short,0.0,0.0,1.0,lost å£ help,0.09543568464730291
ham,Oh baby of the house. How come you dont have any new pictures on facebook,0,73,medium,0.0,1.0,0.0,oh baby house come dont new pictures facebook,0.29460580912863066
ham,"Feb  &lt;#&gt;  is \I LOVE U\"" day. Send dis to all ur \""VALUED FRNDS\"" evn me. If 3 comes back u'll gt married d person u luv! If u ignore dis u will lose ur luv 4 Evr""",0,169,long,1.0,0.0,0.0,feb ltgt love day send dis ur valued frnds evn comes back ull gt married person luv ignore dis lose ur luv evr,0.6929460580912863
ham,"Hiya, sorry didn't hav signal. I haven't seen or heard from and neither has, which is unusual in itself! I'll put on the case and get him to sort it out! Hugs and snogs.",0,169,long,1.0,0.0,0.0,hiya sorry didnt hav signal havent seen heard neither unusual ill put case get sort hugs snogs,0.6929460580912863
ham,"Omw back to tampa from west palm, you hear what happened?",0,57,medium,0.0,1.0,0.0,omw back tampa west palm hear happened,0.22821576763485477
ham,Yup no more already... Thanx 4 printing n handing it up.,0,56,medium,0.0,1.0,0.0,yup already thanx printing handing,0.22406639004149378
spam,FreeMsg: Fancy a flirt? Reply DATE now & join the UKs fastest growing mobile dating service. Msgs rcvd just 25p to optout txt stop to 83021. Reply DATE now!,1,156,long,1.0,0.0,0.0,freemsg fancy flirt reply date join uks fastest growing mobile dating service msgs rcvd optout txt stop reply date,0.6390041493775934
ham,What i mean is do they come chase you out when its over or is it stated you can watch as many movies as you want.,0,113,long,1.0,0.0,0.0,mean come chase stated watch many movies want,0.4605809128630705
ham,S now only i took tablets . Reaction morning only.,0,50,medium,0.0,1.0,0.0,took tablets reaction morning,0.19917012448132781
spam,Great NEW Offer - DOUBLE Mins & DOUBLE Txt on best Orange tariffs AND get latest camera phones 4 FREE! Call MobileUpd8 free on 08000839402 NOW! or 2stoptxt T&Cs,1,160,long,1.0,0.0,0.0,great new offer double mins double txt best orange tariffs get latest camera phones free call mobileupd free stoptxt tcs,0.6556016597510373
ham,"Nah, I'm a perpetual DD",0,23,short,0.0,0.0,1.0,nah im perpetual dd,0.08713692946058091
ham,Sorry de i went to shop.,0,24,short,0.0,0.0,1.0,sorry de went shop,0.09128630705394192
spam,Hope you enjoyed your new content. text stop to 61610 to unsubscribe. help:08712400602450p Provided by tones2you.co.uk,1,118,long,1.0,0.0,0.0,hope enjoyed new content text stop unsubscribe help provided tones youcouk,0.4813278008298755
ham,Hey you still want to go for yogasana? Coz if we end at cine then can go bathe and hav the steam bath,0,101,long,1.0,0.0,0.0,hey still want go yogasana coz end cine go bathe hav steam bath,0.4107883817427386
ham,Nope i'm not drivin... I neva develop da photos lei...,0,54,medium,0.0,1.0,0.0,nope im drivin neva develop da photos lei,0.2157676348547718
ham,I am thinking of going down to reg for pract lessons.. Flung my advance.. Haha wat time u going?,0,96,medium,0.0,1.0,0.0,thinking going reg pract lessons flung advance haha wat time going,0.3900414937759336
ham,Cool. I am  &lt;#&gt;  inches long. hope you like them big!,0,59,medium,0.0,1.0,0.0,cool ltgt inches long hope like big,0.23651452282157676
ham,"House-Maid is the murderer, coz the man was murdered on  &lt;#&gt; th January.. As public holiday all govt.instituitions are closed,including post office..understand?",0,166,long,1.0,0.0,0.0,housemaid murderer coz man murdered ltgt th january public holiday govtinstituitions closedincluding post officeunderstand,0.6804979253112033
ham,Okie.. Thanx..,0,14,short,0.0,0.0,1.0,okie thanx,0.049792531120331954
ham,Go where n buy? Juz buy when we get there lar.,0,46,medium,0.0,1.0,0.0,go buy juz buy get lar,0.1825726141078838
ham,I'm working technical support :)voice process.,0,46,medium,0.0,1.0,0.0,im working technical support voice process,0.1825726141078838
ham,It's justbeen overa week since we broke up and already our brains are going to mush!,0,84,medium,0.0,1.0,0.0,justbeen overa week since broke already brains going mush,0.3402489626556016
ham,"Tunde, how are you doing. This is just wishing you a great day. Abiola.",0,71,medium,0.0,1.0,0.0,tunde wishing great day abiola,0.2863070539419087
ham,Nope... C Ì_ then...,0,20,short,0.0,0.0,1.0,nope,0.07468879668049792
ham,No. But we'll do medical missions to nigeria,0,44,medium,0.0,1.0,0.0,well medical missions nigeria,0.17427385892116182
ham,No i am not having not any movies in my laptop,0,46,medium,0.0,1.0,0.0,movies laptop,0.1825726141078838
spam,Urgent Please call 09066612661 from landline. å£5000 cash or a luxury 4* Canary Islands Holiday await collection. T&Cs SAE award. 20M12AQ. 150ppm. 16+ ÛÏ,1,154,long,1.0,0.0,0.0,urgent please call landline å£ cash luxury canary islands holiday await collection tcs sae award aq ppm ûï,0.6307053941908713
spam,"Urgent! Please call 09066612661 from your landline, your complimentary 4* Lux Costa Del Sol holiday or å£1000 CASH await collection. ppm 150 SAE T&Cs James 28, EH74RR",1,166,long,1.0,0.0,0.0,urgent please call landline complimentary lux costa del sol holiday å£ cash await collection ppm sae tcs james eh rr,0.6804979253112033
ham,I havent lei.. Next mon can?,0,28,short,0.0,0.0,1.0,havent lei next mon,0.1078838174273859
ham,Mm feeling sleepy. today itself i shall get that dear,0,53,medium,0.0,1.0,0.0,mm feeling sleepy today shall get dear,0.21161825726141079
ham,How dare you stupid. I wont tell anything to you. Hear after i wont talk to you:-.,0,82,medium,0.0,1.0,0.0,dare stupid wont tell anything hear wont talk,0.33195020746887965
ham,Do Ì_ noe if ben is going?,0,26,short,0.0,0.0,1.0,noe ben going,0.09958506224066391
ham,Can you do a mag meeting this avo at some point?,0,48,medium,0.0,1.0,0.0,mag meeting avo point,0.19087136929460582
ham,I meant middle left or right?,0,29,short,0.0,0.0,1.0,meant middle left right,0.11203319502074689
ham,Really? I crashed out cuddled on my sofa.,0,41,medium,0.0,1.0,0.0,really crashed cuddled sofa,0.16182572614107885
ham,Hi Chachi tried calling u now unable to reach u .. Pl give me a missed cal once u c tiz msg  Kanagu,0,99,medium,0.0,1.0,0.0,hi chachi tried calling unable reach pl give missed cal tiz msg kanagu,0.40248962655601656
ham,"I sent you the prices and do you mean the  &lt;#&gt; g,",0,55,medium,0.0,1.0,0.0,sent prices mean ltgt,0.21991701244813278
ham,Nothing. Can...,0,15,short,0.0,0.0,1.0,nothing,0.05394190871369295
ham,No * am working on the ringing u thing but have whole houseful of screaming brats so * am pulling my hair out! Loving u,0,119,long,1.0,0.0,0.0,working ringing thing whole houseful screaming brats pulling hair loving,0.4854771784232365
ham,But my family not responding for anything. Now am in room not went to home for diwali but no one called me and why not coming. It makes me feel like died.,0,154,long,1.0,0.0,0.0,family responding anything room went home diwali one called coming makes feel like died,0.6307053941908713
ham,"Tick, tick, tick ... Babe",0,25,short,0.0,0.0,1.0,tick tick tick babe,0.09543568464730291
ham,R Ì_ going 4 today's meeting?,0,29,short,0.0,0.0,1.0,going todays meeting,0.11203319502074689
ham,K da:)how many page you want?,0,29,short,0.0,0.0,1.0,dahow many page want,0.11203319502074689
ham,Ya had just now.onion roast.,0,28,short,0.0,0.0,1.0,ya nowonion roast,0.1078838174273859
ham,Send his number and give reply tomorrow morning for why you said that to him like that ok,0,89,medium,0.0,1.0,0.0,send number give reply tomorrow morning said like ok,0.36099585062240663
ham,You said not now. No problem. When you can. Let me know.,0,56,medium,0.0,1.0,0.0,said problem let know,0.22406639004149378
ham,Ok but tell me half an hr b4 u come i need 2 prepare.,0,53,medium,0.0,1.0,0.0,ok tell half hr come need prepare,0.21161825726141079
ham,Play w computer? Aiyah i tok 2 u lor?,0,37,short,0.0,0.0,1.0,play computer aiyah tok lor,0.14522821576763487
ham,Sat right? Okay thanks... ,0,26,short,0.0,0.0,1.0,sat right okay thanks,0.09958506224066391
ham,"Derp. Which is worse, a dude who always wants to party or a dude who files a complaint about the three drug abusers he lives with",0,129,long,1.0,0.0,0.0,derp worse dude always wants party dude files complaint three drug abusers lives,0.5269709543568465
ham,Ok Chinese food on its way. When I get fat you're paying for my lipo.,0,69,medium,0.0,1.0,0.0,ok chinese food way get fat youre paying lipo,0.2780082987551867
ham,We r outside already.,0,21,short,0.0,0.0,1.0,outside already,0.07883817427385892
ham,Have a good trip. Watch out for . Remember when you get back we must decide about easter.,0,89,medium,0.0,1.0,0.0,good trip watch remember get back must decide easter,0.36099585062240663
ham,Yo we are watching a movie on netflix,0,37,short,0.0,0.0,1.0,yo watching movie netflix,0.14522821576763487
ham,What time. IÛ÷m out until prob 3 or so,0,39,short,0.0,0.0,1.0,time iû÷m prob,0.15352697095435686
ham,"Can meh? Thgt some will clash... Really ah, i dun mind... I dun seen to have lost any weight... Gee...",0,102,long,1.0,0.0,0.0,meh thgt clash really ah dun mind dun seen lost weight gee,0.41493775933609955
ham,ARR birthday today:) i wish him to get more oscar.,0,50,medium,0.0,1.0,0.0,arr birthday today wish get oscar,0.19917012448132781
ham,"Open rebtel with firefox. When it loads just put plus sign in the user name place, and it will show you two numbers. The lower number is my number. Once you pick that number the pin will display okay!",0,200,long,1.0,0.0,0.0,open rebtel firefox loads put plus sign user name place show two numbers lower number number pick number pin display okay,0.8215767634854773
ham, and  picking them up from various points,0,41,medium,0.0,1.0,0.0,picking various points,0.16182572614107885
spam,Married local women looking for discreet action now! 5 real matches instantly to your phone. Text MATCH to 69969 Msg cost 150p 2 stop txt stop BCMSFWC1N3XX,1,155,long,1.0,0.0,0.0,married local women looking discreet action real matches instantly phone text match msg cost stop txt stop bcmsfwc xx,0.6348547717842324
ham,Wow v v impressed. Have funs shopping!,0,38,short,0.0,0.0,1.0,wow impressed funs shopping,0.14937759336099585
ham,I am on the way to ur home,0,26,short,0.0,0.0,1.0,way ur home,0.09958506224066391
spam,Burger King - Wanna play footy at a top stadium? Get 2 Burger King before 1st Sept and go Large or Super with Coca-Cola and walk out a winner,1,141,long,1.0,0.0,0.0,burger king wanna play footy top stadium get burger king st sept go large super cocacola walk winner,0.5767634854771785
ham,No problem. Talk to you later,0,29,short,0.0,0.0,1.0,problem talk later,0.11203319502074689
ham,Then ur sis how?,0,16,short,0.0,0.0,1.0,ur sis,0.058091286307053944
ham,Still in customer place,0,23,short,0.0,0.0,1.0,still customer place,0.08713692946058091
spam,How come it takes so little time for a child who is afraid of the dark to become a teenager who wants to stay out all night?,1,124,long,1.0,0.0,0.0,come takes little time child afraid dark become teenager wants stay night,0.5062240663900415
ham,"Dude u knw also telugu..thts gud..k, gud nyt..",0,46,medium,0.0,1.0,0.0,dude knw also teluguthts gudk gud nyt,0.1825726141078838
ham,We confirm eating at esplanade?,0,31,short,0.0,0.0,1.0,confirm eating esplanade,0.12033195020746887
ham,Send me your id and password,0,28,short,0.0,0.0,1.0,send id password,0.1078838174273859
ham,Kind of. Took it to garage. Centre part of exhaust needs replacing. Part ordered n taking it to be fixed tomo morning.,0,118,long,1.0,0.0,0.0,kind took garage centre part exhaust needs replacing part ordered taking fixed tomo morning,0.4813278008298755
spam,"For ur chance to win a å£250 cash every wk TXT: ACTION to 80608. T's&C's www.movietrivia.tv custcare 08712405022, 1x150p/wk.",1,124,long,1.0,0.0,0.0,ur chance win å£ cash every wk txt action tscs custcare pwk,0.5062240663900415
ham,Well I might not come then...,0,29,short,0.0,0.0,1.0,well might come,0.11203319502074689
ham,Long after I quit. I get on only like 5 minutes a day as it is.,0,63,medium,0.0,1.0,0.0,long quit get like minutes day,0.25311203319502074
ham,Then its most likely called Mittelschmertz. Google it. If you dont have paracetamol dont worry it will go.,0,106,long,1.0,0.0,0.0,likely called mittelschmertz google dont paracetamol dont worry go,0.43153526970954353
ham,Well at this right I'm gonna have to get up and check today's steam sales/pee so text me when you want me to come get you,0,121,long,1.0,0.0,0.0,well right im gonna get check todays steam salespee text want come get,0.4937759336099585
ham,"Just arrived, see you in a couple days &lt;3",0,44,medium,0.0,1.0,0.0,arrived see couple days lt,0.17427385892116182
ham,"K, wat s tht incident?",0,22,short,0.0,0.0,1.0,wat tht incident,0.08298755186721991
ham,Yeah get the unlimited,0,22,short,0.0,0.0,1.0,yeah get unlimited,0.08298755186721991
ham,cThen i thk shd b enuff.. Still got conclusion n contents pg n references.. I'll b doing da contents pg n cover pg..,0,116,long,1.0,0.0,0.0,cthen thk shd enuff still got conclusion contents pg references ill da contents pg cover pg,0.4730290456431535
ham,"Forgot it takes me 3 years to shower, sorry. Where you at/your phone dead yet?",0,78,medium,0.0,1.0,0.0,forgot takes years shower sorry atyour phone dead yet,0.3153526970954357
ham,ÌÏ got wat to buy tell us then Ì_ no need to come in again.,0,59,medium,0.0,1.0,0.0,ìï got wat buy tell us need come,0.23651452282157676
ham,When you are big..| God will bring success.,0,43,medium,0.0,1.0,0.0,big god bring success,0.17012448132780084
spam,UÛªve Bin Awarded å£50 to Play 4 Instant Cash. Call 08715203028 To Claim. EVERY 9th Player Wins Min å£50-å£500. OptOut 08718727870,1,131,long,1.0,0.0,0.0,uûªve bin awarded å£ play instant cash call claim every th player wins min å£ å£ optout,0.5352697095435685
ham,"Û_ we r stayin here an extra week, back next wed. How did we do in the rugby this weekend? Hi to and and , c u soon \""ham"" Well there's still a bit left if you guys want to tonight",0,182,long,1.0,0.0,0.0,û stayin extra week back next wed rugby weekend hi soon ham well theres still bit left guys want tonight,0.7468879668049793
ham,Not from this campus. Are you in the library?,0,45,medium,0.0,1.0,0.0,campus library,0.17842323651452283
ham,"The affidavit says  &lt;#&gt;  E Twiggs St, division g, courtroom  &lt;#&gt; , &lt;TIME&gt;  AM. I'll double check and text you again tomorrow",0,142,long,1.0,0.0,0.0,affidavit says ltgt twiggs st division courtroom ltgt lttimegt ill double check text tomorrow,0.5809128630705395
ham,How will I creep on you now? ;_;,0,32,short,0.0,0.0,1.0,creep,0.12448132780082988
ham,If I get there before you after your ten billion calls and texts so help me god,0,79,medium,0.0,1.0,0.0,get ten billion calls texts help god,0.31950207468879666
ham,I've told him that i've returned it. That should i re order it.,0,63,medium,0.0,1.0,0.0,ive told ive returned order,0.25311203319502074
ham,"House-Maid is the murderer, coz the man was murdered on  &lt;#&gt; th January.. As public holiday all govt.instituitions are closed,including post office..",0,155,long,1.0,0.0,0.0,housemaid murderer coz man murdered ltgt th january public holiday govtinstituitions closedincluding post office,0.6348547717842324
ham,Depends on where u going lor.,0,29,short,0.0,0.0,1.0,depends going lor,0.11203319502074689
ham,And smile for me right now as you go and the world will wonder what you are smiling about and think your crazy and keep away from you ... *grins*,0,145,long,1.0,0.0,0.0,smile right go world wonder smiling think crazy keep away grins,0.5933609958506224
spam,FreeMsg>FAV XMAS TONES!Reply REAL,1,33,short,0.0,0.0,1.0,freemsgfav xmas tonesreply real,0.1286307053941909
ham,Lil fever:) now fine:),0,22,short,0.0,0.0,1.0,lil fever fine,0.08298755186721991
ham,I think it's all still in my car,0,32,short,0.0,0.0,1.0,think still car,0.12448132780082988
ham,Can a not?,0,10,short,0.0,0.0,1.0,,0.03319502074688797
spam,December only! Had your mobile 11mths+? You are entitled to update to the latest colour camera mobile for Free! Call The Mobile Update Co FREE on 08002986906 ,1,158,long,1.0,0.0,0.0,december mobile mths entitled update latest colour camera mobile free call mobile update co free,0.6473029045643154
ham,Yes princess! I want to catch you with my big strong hands...,0,61,medium,0.0,1.0,0.0,yes princess want catch big strong hands,0.24481327800829875
ham,Oh yeah I forgot. U can only take 2 out shopping at once.,0,57,medium,0.0,1.0,0.0,oh yeah forgot take shopping,0.22821576763485477
ham,Mm so you asked me not to call radio,0,36,short,0.0,0.0,1.0,mm asked call radio,0.14107883817427386
ham,Thinkin about someone is all good. No drugs for that,0,52,medium,0.0,1.0,0.0,thinkin someone good drugs,0.2074688796680498
ham,"Enjoy the showers of possessiveness poured on u by ur loved ones, bcoz in this world of lies, it is a golden gift to be loved truly..",0,133,long,1.0,0.0,0.0,enjoy showers possessiveness poured ur loved ones bcoz world lies golden gift loved truly,0.5435684647302905
ham,"Alright if you're sure, let me know when you're leaving",0,55,medium,0.0,1.0,0.0,alright youre sure let know youre leaving,0.21991701244813278
ham,Some are lasting as much as 2 hours. You might get lucky.,0,57,medium,0.0,1.0,0.0,lasting much hours might get lucky,0.22821576763485477
ham,Genius what's up. How your brother. Pls send his number to my skype.,0,68,medium,0.0,1.0,0.0,genius whats brother pls send number skype,0.2738589211618257
spam,"Gr8 Poly tones 4 ALL mobs direct 2u rply with POLY TITLE to 8007 eg POLY BREATHE1 Titles: CRAZYIN, SLEEPINGWITH, FINEST, YMCA :getzed.co.uk POBox365O4W45WQ 300p",1,160,long,1.0,0.0,0.0,gr poly tones mobs direct rply poly title eg poly breathe titles crazyin sleepingwith finest ymca getzedcouk pobox wq,0.6556016597510373
ham,Thk some of em find wtc too far... Weiyi not goin... E rest i dunno yet... R ur goin 4 dinner den i might b able to join...,0,123,long,1.0,0.0,0.0,thk em find wtc far weiyi goin rest dunno yet ur goin dinner den might able join,0.5020746887966805
ham,Don't forget who owns you and who's private property you are ... And be my good boy always .. *passionate kiss*,0,111,long,1.0,0.0,0.0,dont forget owns whos private property good boy always passionate kiss,0.4522821576763485
spam,INTERFLORA - åÒIt's not too late to order Interflora flowers for christmas call 0800 505060 to place your order before Midnight tomorrow.,1,137,long,1.0,0.0,0.0,interflora åòits late order interflora flowers christmas call place order midnight tomorrow,0.5601659751037344
ham,Oh god..taken the teeth?is it paining,0,37,short,0.0,0.0,1.0,oh godtaken teethis paining,0.14522821576763487
spam,ROMCAPspam Everyone around should be responding well to your presence since you are so warm and outgoing. You are bringing in a real breath of sunshine.,1,152,long,1.0,0.0,0.0,romcapspam everyone around responding well presence since warm outgoing bringing real breath sunshine,0.6224066390041494
ham,Then u ask darren go n pick u lor... But i oso sian tmr haf 2 meet lect...,0,74,medium,0.0,1.0,0.0,ask darren go pick lor oso sian tmr haf meet lect,0.2987551867219917
ham,No need to buy lunch for me.. I eat maggi mee..,0,47,medium,0.0,1.0,0.0,need buy lunch eat maggi mee,0.18672199170124482
spam,"Congratulations - Thanks to a good friend U have WON the å£2,000 Xmas prize. 2 claim is easy, just call 08712103738 NOW! Only 10p per minute. BT-national-rate",1,158,long,1.0,0.0,0.0,congratulations thanks good friend å£ xmas prize claim easy call per minute btnationalrate,0.6473029045643154
ham,"Oh right, ok. I'll make sure that i do loads of work during the day!  got a really nasty cough today and is dry n shot so that should really help it!",0,149,long,1.0,0.0,0.0,oh right ok ill make sure loads work day got really nasty cough today dry shot really help,0.6099585062240664
spam,Send a logo 2 ur lover - 2 names joined by a heart. Txt LOVE NAME1 NAME2 MOBNO eg LOVE ADAM EVE 07123456789 to 87077 Yahoo! POBox36504W45WQ TxtNO 4 no ads 150p.,1,160,long,1.0,0.0,0.0,send logo ur lover names joined heart txt love name name mobno eg love adam eve yahoo pobox wq txtno ads,0.6556016597510373
ham,Thanx 4 sending me home...,0,26,short,0.0,0.0,1.0,thanx sending home,0.09958506224066391
ham,Its normally hot mail. Com you see!,0,35,short,0.0,0.0,1.0,normally hot mail com see,0.13692946058091288
spam,"You've won tkts to the EURO2004 CUP FINAL or å£800 CASH, to collect CALL 09058099801 b4190604, POBOX 7876150ppm",1,111,long,1.0,0.0,0.0,youve tkts euro cup final å£ cash collect call pobox ppm,0.4522821576763485
ham,U sick still can go shopping?,0,29,short,0.0,0.0,1.0,sick still go shopping,0.11203319502074689
ham,"Ya they are well and fine., BBD(pooja) full pimples..even she become quite black..and ur rite here its too cold, wearing sweatter..",0,131,long,1.0,0.0,0.0,ya well fine bbdpooja full pimpleseven become quite blackand ur rite cold wearing sweatter,0.5352697095435685
ham,Nice.nice.how is it working?,0,28,short,0.0,0.0,1.0,nicenicehow working,0.1078838174273859
ham,1's reach home call me.,0,23,short,0.0,0.0,1.0,reach home call,0.08713692946058091
ham,Were trying to find a Chinese food place around here,0,52,medium,0.0,1.0,0.0,trying find chinese food place around,0.2074688796680498
ham,"Easy mate, * guess the quick drink was bit ambitious.",0,53,medium,0.0,1.0,0.0,easy mate guess quick drink bit ambitious,0.21161825726141079
ham,BABE !!! I miiiiiiissssssssss you ! I need you !!! I crave you !!! :-( ... Geeee ... I'm so sad without you babe ... I love you ...,0,131,long,1.0,0.0,0.0,babe miiiiiiissssssssss need crave geeee im sad without babe love,0.5352697095435685
ham,Ok thanx...,0,11,short,0.0,0.0,1.0,ok thanx,0.03734439834024896
ham,"Tunji, how's the queen? how are you doing. This is just wishing you a great day. Abiola.",0,88,medium,0.0,1.0,0.0,tunji hows queen wishing great day abiola,0.3568464730290456
ham,Today iZ Yellow rose day. If u love my frndship give me 1 misscall &amp; send this to ur frndZ &amp; See how many miss calls u get. If u get 6missed U marry ur Lover.,0,166,long,1.0,0.0,0.0,today iz yellow rose day love frndship give misscall amp send ur frndz amp see many miss calls get get missed marry ur lover,0.6804979253112033
ham,Will be out of class in a few hours. Sorry,0,42,medium,0.0,1.0,0.0,class hours sorry,0.16597510373443983
ham,Wat time u finish ur lect today?,0,32,short,0.0,0.0,1.0,wat time finish ur lect today,0.12448132780082988
spam,"Free-message: Jamster!Get the crazy frog sound now! For poly text MAD1, for real text MAD2 to 88888. 6 crazy sounds for just 3 GBP/week! 16+only! T&C's apply",1,157,long,1.0,0.0,0.0,freemessage jamsterget crazy frog sound poly text mad real text mad crazy sounds gbpweek tcs apply,0.6431535269709544
spam,"YOUR CHANCE TO BE ON A REALITY FANTASY SHOW call now = 08707509020 Just 20p per min NTT Ltd, PO Box 1327 Croydon CR9 5WB 0870 is a national = rate call",1,151,long,1.0,0.0,0.0,chance reality fantasy show call per min ntt ltd po box croydon cr wb national rate call,0.6182572614107884
ham,She's fine. Good to hear from you. How are you my dear? Happy new year oh.,0,74,medium,0.0,1.0,0.0,shes fine good hear dear happy new year oh,0.2987551867219917
ham,Are you going to wipro interview today?,0,39,short,0.0,0.0,1.0,going wipro interview today,0.15352697095435686
ham,how tall are you princess?,0,26,short,0.0,0.0,1.0,tall princess,0.09958506224066391
ham,I doubt you could handle 5 times per night in any case...,0,57,medium,0.0,1.0,0.0,doubt could handle times per night case,0.22821576763485477
ham,Haha... Hope Ì_ can hear the receipt sound... Gd luck!,0,54,medium,0.0,1.0,0.0,haha hope hear receipt sound gd luck,0.2157676348547718
ham,Your gonna be the death if me. I'm gonna leave a note that says its all robs fault. Avenge me.,0,94,medium,0.0,1.0,0.0,gonna death im gonna leave note says robs fault avenge,0.3817427385892116
ham,Today i'm not workin but not free oso... Gee... Thgt u workin at ur fren's shop ? ,0,82,medium,0.0,1.0,0.0,today im workin free oso gee thgt workin ur frens shop,0.33195020746887965
ham,In life when you face choices Just toss a coin not becoz its settle the question But while the coin in the air U will know what your heart is hoping for. Gudni8,0,160,long,1.0,0.0,0.0,life face choices toss coin becoz settle question coin air know heart hoping gudni,0.6556016597510373
ham,I want to be there so i can kiss you and feel you next to me,0,60,medium,0.0,1.0,0.0,want kiss feel next,0.24066390041493776
ham,I am not at all happy with what you saying or doing,0,51,medium,0.0,1.0,0.0,happy saying,0.2033195020746888
spam,Adult 18 Content Your video will be with you shortly,1,52,medium,0.0,1.0,0.0,adult content video shortly,0.2074688796680498
ham,"Ok that would b lovely, if u r sure. Think about wot u want to do, drinkin, dancin, eatin, cinema, in, out, about... Up to u! Wot about ? ",0,138,long,1.0,0.0,0.0,ok would lovely sure think wot want drinkin dancin eatin cinema wot,0.5643153526970954
ham,What I'm saying is if you haven't explicitly told nora I know someone I'm probably just not gonna bother,0,104,long,1.0,0.0,0.0,im saying havent explicitly told nora know someone im probably gonna bother,0.42323651452282157
ham,Smith waste da.i wanna gayle.,0,29,short,0.0,0.0,1.0,smith waste dai wanna gayle,0.11203319502074689
ham,"Mum, i've sent you many many messages since i got here. I just want to know that you are actually getting them. Do enjoy the rest of your day.",0,142,long,1.0,0.0,0.0,mum ive sent many many messages since got want know actually getting enjoy rest day,0.5809128630705395
ham,"Aight, tomorrow around  &lt;#&gt;  it is",0,40,medium,0.0,1.0,0.0,aight tomorrow around ltgt,0.15767634854771784
spam,"YOUR CHANCE TO BE ON A REALITY FANTASY SHOW call now = 08707509020 Just 20p per min NTT Ltd, PO Box 1327 Croydon CR9 5WB 0870 is a national = rate call.",1,152,long,1.0,0.0,0.0,chance reality fantasy show call per min ntt ltd po box croydon cr wb national rate call,0.6224066390041494
ham,I actually did for the first time in a while. I went to bed not too long after i spoke with you. Woke up at 7. How was your night?,0,130,long,1.0,0.0,0.0,actually first time went bed long spoke woke night,0.5311203319502075
ham,See you there! ,0,15,short,0.0,0.0,1.0,see,0.05394190871369295
ham,I dont understand your message.,0,31,short,0.0,0.0,1.0,dont understand message,0.12033195020746887
ham,Crucify is c not s. You should have told me earlier.,0,52,medium,0.0,1.0,0.0,crucify told earlier,0.2074688796680498
ham,"Idk. You keep saying that you're not, but since he moved, we keep butting heads over freedom vs. responsibility. And i'm tired. I have so much other shit to deal with that i'm barely keeping myself together once this gets added to it.",0,234,long,1.0,0.0,0.0,idk keep saying youre since moved keep butting heads freedom vs responsibility im tired much shit deal im barely keeping together gets added,0.9626556016597511
ham,Fuck cedar key and fuck her (come over anyway tho),0,50,medium,0.0,1.0,0.0,fuck cedar key fuck come anyway tho,0.19917012448132781
ham,twenty past five he said will this train have been to durham already or not coz i am in a reserved seat,0,103,long,1.0,0.0,0.0,twenty past five said train durham already coz reserved seat,0.41908713692946054
spam,"Hey Boys. Want hot XXX pics sent direct 2 ur phone? Txt PORN to 69855, 24Hrs free and then just 50p per day. To stop text STOPBCM SF WC1N3XX",1,140,long,1.0,0.0,0.0,hey boys want hot xxx pics sent direct ur phone txt porn hrs free per day stop text stopbcm sf wc xx,0.5726141078838175
ham,U still painting ur wall?,0,25,short,0.0,0.0,1.0,still painting ur wall,0.09543568464730291
ham,Printer is cool. I mean groovy. Wine is groovying,0,49,medium,0.0,1.0,0.0,printer cool mean groovy wine groovying,0.1950207468879668
ham,Hi Harish's rent has been transfred to ur Acnt.,0,47,medium,0.0,1.0,0.0,hi harishs rent transfred ur acnt,0.18672199170124482
ham,Anything lor is she coming?,0,27,short,0.0,0.0,1.0,anything lor coming,0.1037344398340249
ham,Cbe is really good nowadays:)lot of shop and showrooms:)city is shaping good.,0,77,medium,0.0,1.0,0.0,cbe really good nowadayslot shop showroomscity shaping good,0.31120331950207464
ham,ÌÏ still attending da talks?,0,28,short,0.0,0.0,1.0,ìï still attending da talks,0.1078838174273859
ham,No probs hon! How u doinat the mo?,0,34,short,0.0,0.0,1.0,probs hon doinat mo,0.13278008298755187
ham,K I'll take care of it,0,22,short,0.0,0.0,1.0,ill take care,0.08298755186721991
ham,I take it we didn't have the phone callon Friday. Can we assume we won't have it this year now?,0,95,medium,0.0,1.0,0.0,take didnt phone callon friday assume wont year,0.3858921161825726
ham,My battery is low babe,0,22,short,0.0,0.0,1.0,battery low babe,0.08298755186721991
ham,Shuhui has bought ron's present it's a swatch watch...,0,54,medium,0.0,1.0,0.0,shuhui bought rons present swatch watch,0.2157676348547718
ham,"Yeah there's quite a bit left, I'll swing by tomorrow when I get up",0,67,medium,0.0,1.0,0.0,yeah theres quite bit left ill swing tomorrow get,0.2697095435684647
ham,Babe? You said 2 hours and it's been almost 4 ... Is your internet down ?,0,73,medium,0.0,1.0,0.0,babe said hours almost internet,0.29460580912863066
ham,K I'll be sure to get up before noon and see what's what,0,56,medium,0.0,1.0,0.0,ill sure get noon see whats,0.22406639004149378
ham,K...k...yesterday i was in cbe .,0,32,short,0.0,0.0,1.0,kkyesterday cbe,0.12448132780082988
ham,Went to ganesh dress shop,0,25,short,0.0,0.0,1.0,went ganesh dress shop,0.09543568464730291
spam,"pdate_Now - Double mins and 1000 txts on Orange tariffs. Latest Motorola, SonyEricsson & Nokia & Bluetooth FREE! Call MobileUpd8 on 08000839402 or call2optout/!YHL",1,163,long,1.0,0.0,0.0,pdatenow double mins txts orange tariffs latest motorola sonyericsson nokia bluetooth free call mobileupd call optoutyhl,0.6680497925311204
ham,ÌÏ collecting ur laptop then going to configure da settings izzit?,0,66,medium,0.0,1.0,0.0,ìï collecting ur laptop going configure da settings izzit,0.26556016597510373
ham,"Aight, I should be there by 8 at the latest, probably closer to 7. Are jay and tyler down or should we just do two trips?",0,121,long,1.0,0.0,0.0,aight latest probably closer jay tyler two trips,0.4937759336099585
ham,Come aftr  &lt;DECIMAL&gt; ..now i m cleaning the house,0,55,medium,0.0,1.0,0.0,come aftr ltdecimalgt cleaning house,0.21991701244813278
spam,Ur cash-balance is currently 500 pounds - to maximize ur cash-in now send CASH to 86688 only 150p/msg. CC: 08718720201 PO BOX 114/14 TCR/W1,1,139,long,1.0,0.0,0.0,ur cashbalance currently pounds maximize ur cashin send cash pmsg cc po box tcrw,0.5684647302904564
ham,"Bill, as in: Are there any letters for me. iÛªm expecting one from orange that isnÛªt a bill but may still say orange on it.",0,126,long,1.0,0.0,0.0,bill letters iûªm expecting one orange isnûªt bill may still say orange,0.5145228215767635
ham,Tell me pa. How is pain de.,0,27,short,0.0,0.0,1.0,tell pa pain de,0.1037344398340249
ham,HI DARLIN I HOPE YOU HAD A NICE NIGHT I WISH I HAD COME CANT WAIT TO SEE YOU LOVE FRAN PS I WANT DIRTY ANAL SEX AND I WANT A 10 MAN GANG BANG,0,141,long,1.0,0.0,0.0,hi darlin hope nice night wish come cant wait see love fran ps want dirty anal sex want man gang bang,0.5767634854771785
ham,"Ha. You donÛ÷t know either. I did a a clever but simple thing with pears the other day, perfect for christmas.",0,111,long,1.0,0.0,0.0,ha donû÷t know either clever simple thing pears day perfect christmas,0.4522821576763485
ham,"Helloooo... Wake up..! \Sweet\"" \""morning\"" \""welcomes\"" \""You\"" \""Enjoy\"" \""This Day\"" \""with full of joy\"".. \""GUD MRNG\"".""",0,125,long,1.0,0.0,0.0,helloooo wake sweet morning welcomes enjoy day full joy gud mrng,0.5103734439834026
ham,ALRITE,0,6,short,0.0,0.0,1.0,alrite,0.016597510373443987
ham,Why must we sit around and wait for summer days to celebrate. Such a magical sight when the worlds dressed in white. Oooooh let there be snow.,0,142,long,1.0,0.0,0.0,must sit around wait summer days celebrate magical sight worlds dressed white oooooh let snow,0.5809128630705395
spam,URGENT! Your Mobile number has been awarded with a å£2000 prize GUARANTEED. Call 09058094454 from land line. Claim 3030. Valid 12hrs only,1,137,long,1.0,0.0,0.0,urgent mobile number awarded å£ prize guaranteed call land line claim valid hrs,0.5601659751037344
ham,How do you guys go to see movies on your side.,0,46,medium,0.0,1.0,0.0,guys go see movies side,0.1825726141078838
ham,You didn't have to tell me that...now i'm thinking. Plus he's going to stop all your runs,0,89,medium,0.0,1.0,0.0,didnt tell thatnow im thinking plus hes going stop runs,0.36099585062240663
ham,Kindly send some one to our flat before  &lt;DECIMAL&gt;  today.,0,64,medium,0.0,1.0,0.0,kindly send one flat ltdecimalgt today,0.2572614107883817
spam,Sorry! U can not unsubscribe yet. THE MOB offer package has a min term of 54 weeks> pls resubmit request after expiry. Reply THEMOB HELP 4 more info,1,148,long,1.0,0.0,0.0,sorry unsubscribe yet mob offer package min term weeks pls resubmit request expiry reply themob help info,0.6058091286307055
ham,Nothing lor... A bit bored too... Then y dun u go home early 2 sleep today...,0,77,medium,0.0,1.0,0.0,nothing lor bit bored dun go home early sleep today,0.31120331950207464
ham,What time should I tell my friend to be around?,0,47,medium,0.0,1.0,0.0,time tell friend around,0.18672199170124482
ham,Yes. that will be fine. Love you. Be safe.,0,42,medium,0.0,1.0,0.0,yes fine love safe,0.16597510373443983
ham,Thanks chikku..:-) gud nyt:-*,0,29,short,0.0,0.0,1.0,thanks chikku gud nyt,0.11203319502074689
ham,Is xy in ur car when u picking me up?,0,37,short,0.0,0.0,1.0,xy ur car picking,0.14522821576763487
ham,"Thanx 4 the time weåÕve spent 2geva, its bin mint! Ur my Baby and all I want is u!xxxx",0,86,medium,0.0,1.0,0.0,thanx time weåõve spent geva bin mint ur baby want uxxxx,0.34854771784232363
ham,"Yo, any way we could pick something up tonight?",0,47,medium,0.0,1.0,0.0,yo way could pick something tonight,0.18672199170124482
ham,I've not sent it. He can send me.,0,33,short,0.0,0.0,1.0,ive sent send,0.1286307053941909
ham,Fine am simply sitting.,0,23,short,0.0,0.0,1.0,fine simply sitting,0.08713692946058091
ham,Thts god's gift for birds as humans hav some natural gift frm god..,0,67,medium,0.0,1.0,0.0,thts gods gift birds humans hav natural gift frm god,0.2697095435684647
ham,Are you coming to day for class.,0,32,short,0.0,0.0,1.0,coming day class,0.12448132780082988
ham,Im done. Just studyn in library,0,31,short,0.0,0.0,1.0,im done studyn library,0.12033195020746887
ham,Ok... U enjoy ur shows...,0,25,short,0.0,0.0,1.0,ok enjoy ur shows,0.09543568464730291
ham,Anything...,0,11,short,0.0,0.0,1.0,anything,0.03734439834024896
ham,Where wuld I be without my baby? The thought alone mite break me and I donåÕt wanna go crazy but everyboy needs his lady xxxxxxxx,0,129,long,1.0,0.0,0.0,wuld without baby thought alone mite break donåõt wanna go crazy everyboy needs lady xxxxxxxx,0.5269709543568465
ham,Wat's my dear doing? Sleeping ah?,0,33,short,0.0,0.0,1.0,wats dear sleeping ah,0.1286307053941909
ham,Hi' Test on  &lt;#&gt; rd ....,0,30,short,0.0,0.0,1.0,hi test ltgt rd,0.11618257261410789
ham,Only 2% students solved this CAT question in 'xam... 5+3+2= &lt;#&gt;  9+2+4= &lt;#&gt;  8+6+3= &lt;#&gt;  then 7+2+5=????? Tell me the answer if u r brilliant...1thing.i got d answr.,0,183,long,1.0,0.0,0.0,students solved cat question xam ltgt ltgt ltgt tell answer brilliant thingi got answr,0.7510373443983402
ham,Yo do you know anyone  &lt;#&gt;  or otherwise able to buy liquor? Our guy flaked and right now if we don't get a hold of somebody its just 4 loko all night,0,156,long,1.0,0.0,0.0,yo know anyone ltgt otherwise able buy liquor guy flaked right dont get hold somebody loko night,0.6390041493775934
ham,Yup n her fren lor. I'm meeting my fren at 730.,0,47,medium,0.0,1.0,0.0,yup fren lor im meeting fren,0.18672199170124482
ham,"Yeah, we got one lined up for us",0,32,short,0.0,0.0,1.0,yeah got one lined us,0.12448132780082988
ham,"And stop wondering \wow is she ever going to stop tm'ing me ?!\"" because I will tm you whenever I want because you are MINE ... *laughs*""",0,137,long,1.0,0.0,0.0,stop wondering wow ever going stop tming tm whenever want mine laughs,0.5601659751037344
ham,Lol yep did that yesterday. Already got my fireplace. Now its just another icon sitting there for me.,0,101,long,1.0,0.0,0.0,lol yep yesterday already got fireplace another icon sitting,0.4107883817427386
ham,Hey i've booked the pilates and yoga lesson already... Haha,0,59,medium,0.0,1.0,0.0,hey ive booked pilates yoga lesson already haha,0.23651452282157676
ham,Are you ok. What happen to behave like this,0,43,medium,0.0,1.0,0.0,ok happen behave like,0.17012448132780084
spam,You have 1 new message. Please call 08712400200.,1,48,medium,0.0,1.0,0.0,new message please call,0.19087136929460582
ham,My supervisor find 4 me one lor i thk his students. I havent ask her yet. Tell u aft i ask her.,0,95,medium,0.0,1.0,0.0,supervisor find one lor thk students havent ask yet tell aft ask,0.3858921161825726
ham,"Hello. No news on job, they are making me wait a fifth week! Yeah im up for some woozles and weasels... In exeter still, but be home about 3. ",0,142,long,1.0,0.0,0.0,hello news job making wait fifth week yeah im woozles weasels exeter still home,0.5809128630705395
spam,We currently have a message awaiting your collection. To collect your message just call 08718723815.,1,100,long,1.0,0.0,0.0,currently message awaiting collection collect message call,0.4066390041493776
ham,make that 3! 4 fucks sake?! x,0,29,short,0.0,0.0,1.0,make fucks sake,0.11203319502074689
ham,Leave it. U will always be ignorant.,0,36,short,0.0,0.0,1.0,leave always ignorant,0.14107883817427386
ham,Nope but i'll b going 2 sch on fri quite early lor cos mys sis got paper in da morn :-),0,87,medium,0.0,1.0,0.0,nope ill going sch fri quite early lor cos mys sis got paper da morn,0.3526970954356846
ham,at bruce b downs &amp; fletcher now,0,35,short,0.0,0.0,1.0,bruce downs amp fletcher,0.13692946058091288
ham,Where are you ? You said you would be here when I woke ... :-(,0,62,medium,0.0,1.0,0.0,said would woke,0.24896265560165973
ham,Hey now am free you can call me.,0,32,short,0.0,0.0,1.0,hey free call,0.12448132780082988
ham,Tell me whos this pls:-),0,24,short,0.0,0.0,1.0,tell whos pls,0.09128630705394192
spam,"URGENT! Your mobile was awarded a å£1,500 Bonus Caller Prize on 27/6/03. Our final attempt 2 contact U! Call 08714714011",1,120,long,1.0,0.0,0.0,urgent mobile awarded å£ bonus caller prize final attempt contact call,0.4896265560165975
ham,"Think i might have to give it a miss. Am teaching til twelve, then have lecture at two. Damn this working thing.",0,112,long,1.0,0.0,0.0,think might give miss teaching til twelve lecture two damn working thing,0.45643153526970953
ham,Id have to check but there's only like 1 bowls worth left,0,57,medium,0.0,1.0,0.0,id check theres like bowls worth left,0.22821576763485477
ham,Yes there were many sweets,0,26,short,0.0,0.0,1.0,yes many sweets,0.09958506224066391
ham,I would but I'm still cozy. And exhausted from last night.nobody went to school or work. Everything is closed.,0,110,long,1.0,0.0,0.0,would im still cozy exhausted last nightnobody went school work everything closed,0.4481327800829875
ham,Buzzzz! *grins* Did I buzz your ass? Buzz your chest ? Buzz your cock ? Where do you keep your phone ? Is the vibrator on ? Did you feel it shake ?,0,147,long,1.0,0.0,0.0,buzzzz grins buzz ass buzz chest buzz cock keep phone vibrator feel shake,0.6016597510373445
ham,Sir send to group mail check it.,0,32,short,0.0,0.0,1.0,sir send group mail check,0.12448132780082988
ham,I'm doing da intro covers energy trends n pros n cons... Brief description of nuclear fusion n oso brief history of iter n jet got abt 7 n half pages..,0,151,long,1.0,0.0,0.0,im da intro covers energy trends pros cons brief description nuclear fusion oso brief history iter jet got abt half pages,0.6182572614107884
ham,"\NONE!NOWHERE IKNO DOESDISCOUNT!SHITINNIT\""""",0,44,medium,0.0,1.0,0.0,nonenowhere ikno doesdiscountshitinnit,0.17427385892116182
ham,You dont know you jabo me abi.,0,30,short,0.0,0.0,1.0,dont know jabo abi,0.11618257261410789
spam,"Do you ever notice that when you're driving, anyone going slower than you is an idiot and everyone driving faster than you is a maniac?",1,135,long,1.0,0.0,0.0,ever notice youre driving anyone going slower idiot everyone driving faster maniac,0.5518672199170125
ham,Not yet had..ya sapna aunty manege y'day hogidhe..chinnu full weak and swalpa black agidhane..,0,94,medium,0.0,1.0,0.0,yet hadya sapna aunty manege yday hogidhechinnu full weak swalpa black agidhane,0.3817427385892116
ham,"Are you being good, baby? :)",0,28,short,0.0,0.0,1.0,good baby,0.1078838174273859
ham,"Mostly sports type..lyk footbl,crckt..",0,38,short,0.0,0.0,1.0,mostly sports typelyk footblcrckt,0.14937759336099585
ham,Ma head dey swell oh. Thanks for making my day,0,46,medium,0.0,1.0,0.0,head dey swell oh thanks making day,0.1825726141078838
ham,U should make a fb list,0,23,short,0.0,0.0,1.0,make fb list,0.08713692946058091
ham,Sary just need Tim in the bollox &it hurt him a lot so he tol me!,0,65,medium,0.0,1.0,0.0,sary need tim bollox hurt lot tol,0.2614107883817427
ham,Happy New Year Princess!,0,24,short,0.0,0.0,1.0,happy new year princess,0.09128630705394192
ham,"I'll text carlos and let you know, hang on",0,42,medium,0.0,1.0,0.0,ill text carlos let know hang,0.16597510373443983
ham,"Don't worry, * is easy once have ingredients!",0,45,medium,0.0,1.0,0.0,dont worry easy ingredients,0.17842323651452283
ham,I love u 2 my little pocy bell I am sorry but I love u,0,54,medium,0.0,1.0,0.0,love little pocy bell sorry love,0.2157676348547718
ham,"Ok omw now, you at castor?",0,26,short,0.0,0.0,1.0,ok omw castor,0.09958506224066391
ham,Yar lor... Keep raining non stop... Or u wan 2 go elsewhere?,0,60,medium,0.0,1.0,0.0,yar lor keep raining non stop wan go elsewhere,0.24066390041493776
spam,"Xmas Offer! Latest Motorola, SonyEricsson & Nokia & FREE Bluetooth or DVD! Double Mins & 1000 Txt on Orange. Call MobileUpd8 on 08000839402 or call2optout/4QF2",1,159,long,1.0,0.0,0.0,xmas offer latest motorola sonyericsson nokia free bluetooth dvd double mins txt orange call mobileupd call optout qf,0.6514522821576764
ham,What u mean u almost done? Done wif sleeping? But i tot u going to take a nap.. Yup i send her liao so i'm picking her up at ard 4 smth lor..,0,141,long,1.0,0.0,0.0,mean almost done done wif sleeping tot going take nap yup send liao im picking ard smth lor,0.5767634854771785
ham,"Tonight? Yeah, I'd be down for that",0,35,short,0.0,0.0,1.0,tonight yeah id,0.13692946058091288
ham,What should i eat fo lunch senor,0,32,short,0.0,0.0,1.0,eat fo lunch senor,0.12448132780082988
ham,"He said that he had a right giggle when he saw u again! You would possibly be the first person2die from NVQ, but think how much you could for! ",0,143,long,1.0,0.0,0.0,said right giggle saw would possibly first person die nvq think much could,0.5850622406639004
ham,No break time one... How... I come out n get my stuff fr Ì_?,0,60,medium,0.0,1.0,0.0,break time one come get stuff fr,0.24066390041493776
spam,Reply to win å£100 weekly! What professional sport does Tiger Woods play? Send STOP to 87239 to end service,1,107,long,1.0,0.0,0.0,reply win å£ weekly professional sport tiger woods play send stop end service,0.4356846473029045
ham,"I'm there and I can see you, but you can't see me ? Maybe you should reboot ym ? I seen the buzz",0,96,medium,0.0,1.0,0.0,im see cant see maybe reboot ym seen buzz,0.3900414937759336
ham,Do you still have the grinder?,0,30,short,0.0,0.0,1.0,still grinder,0.11618257261410789
spam,No 1 POLYPHONIC tone 4 ur mob every week! Just txt PT2 to 87575. 1st Tone FREE ! so get txtin now and tell ur friends. 150p/tone. 16 reply HL 4info,1,147,long,1.0,0.0,0.0,polyphonic tone ur mob every week txt pt st tone free get txtin tell ur friends ptone reply hl info,0.6016597510373445
ham,K.i did't see you.:)k:)where are you now?,0,41,medium,0.0,1.0,0.0,ki didt see youkwhere,0.16182572614107885
ham,So i'm doing a list of buyers.,0,30,short,0.0,0.0,1.0,im list buyers,0.11618257261410789
ham,"No idea, I guess we'll work that out an hour after we're supposed to leave since as usual nobody has any interest in figuring shit out before the last second",0,157,long,1.0,0.0,0.0,idea guess well work hour supposed leave since usual nobody interest figuring shit last second,0.6431535269709544
ham,Mm not entirely sure i understood that text but hey. Ho. Which weekend?,0,71,medium,0.0,1.0,0.0,mm entirely sure understood text hey ho weekend,0.2863070539419087
ham,They released vday shirts and when u put it on it makes your bottom half naked instead of those white underwear.,0,112,long,1.0,0.0,0.0,released vday shirts put makes bottom half naked instead white underwear,0.45643153526970953
ham,Don know..he is watching film in computer..,0,43,medium,0.0,1.0,0.0,knowhe watching film computer,0.17012448132780084
ham,No b4 Thursday,0,14,short,0.0,0.0,1.0,thursday,0.049792531120331954
ham,"Oh, then your phone phoned me but it disconnected",0,49,medium,0.0,1.0,0.0,oh phone phoned disconnected,0.1950207468879668
ham,Id onluy matters when getting on from offcampus,0,47,medium,0.0,1.0,0.0,id onluy matters getting offcampus,0.18672199170124482
spam,This message is free. Welcome to the new & improved Sex & Dogging club! To unsubscribe from this service reply STOP. msgs@150p 18+only,1,134,long,1.0,0.0,0.0,message free welcome new improved sex dogging club unsubscribe service reply stop msgs,0.5477178423236515
ham,"Excellent, I'll see what riley's plans are",0,42,medium,0.0,1.0,0.0,excellent ill see rileys plans,0.16597510373443983
ham,Ew are you one of them?,0,23,short,0.0,0.0,1.0,ew one,0.08713692946058091
ham,Also hi wesley how've you been,0,30,short,0.0,0.0,1.0,also hi wesley howve,0.11618257261410789
ham,Ah you see. You have to be in the lingo. I will let you know wot on earth it is when has finished making it!,0,108,long,1.0,0.0,0.0,ah see lingo let know wot earth finished making,0.43983402489626555
spam,Update_Now - 12Mths Half Price Orange line rental: 400mins...Call MobileUpd8 on 08000839402 or call2optout=J5Q,1,110,long,1.0,0.0,0.0,updatenow mths half price orange line rental minscall mobileupd call optoutj,0.4481327800829875
ham,Imagine Life WITHOUT ME... see.. How fast u are searching me?Don't worry.. l'm always there To disturb U.. Goodnoon..:),0,119,long,1.0,0.0,0.0,imagine life without see fast searching medont worry lm always disturb goodnoon,0.4854771784232365
ham,"Hm good morning, headache anyone? :-)",0,37,short,0.0,0.0,1.0,hm good morning headache anyone,0.14522821576763487
ham,Yeah no probs - last night is obviously catching up with you... Speak soon ,0,75,medium,0.0,1.0,0.0,yeah probs last night obviously catching speak soon,0.3029045643153527
spam,FREE UNLIMITED HARDCORE PORN direct 2 your mobile Txt PORN to 69200 & get FREE access for 24 hrs then chrgd@50p per day txt Stop 2exit. This msg is free,1,152,long,1.0,0.0,0.0,free unlimited hardcore porn direct mobile txt porn get free access hrs chrgd per day txt stop exit msg free,0.6224066390041494
ham,I might go 2 sch. Yar at e salon now v boring.,0,46,medium,0.0,1.0,0.0,might go sch yar salon boring,0.1825726141078838
ham, &lt;#&gt;  mins but i had to stop somewhere first.,0,51,medium,0.0,1.0,0.0,ltgt mins stop somewhere first,0.2033195020746888
ham,One of the joys in lifeis waking up each daywith thoughts that somewhereSomeone cares enough tosend a warm morning greeting.. -,0,127,long,1.0,0.0,0.0,one joys lifeis waking daywith thoughts somewheresomeone cares enough tosend warm morning greeting,0.5186721991701245
ham,I didn't get the second half of that message,0,44,medium,0.0,1.0,0.0,didnt get second half message,0.17427385892116182
ham,Wat time do u wan 2 meet me later?,0,34,short,0.0,0.0,1.0,wat time wan meet later,0.13278008298755187
ham,I thank you so much for all you do with selflessness. I love you plenty.,0,72,medium,0.0,1.0,0.0,thank much selflessness love plenty,0.2904564315352697
ham,Am in film ill call you later.,0,30,short,0.0,0.0,1.0,film ill call later,0.11618257261410789
ham,How dare you change my ring,0,27,short,0.0,0.0,1.0,dare change ring,0.1037344398340249
ham,You are a very very very very bad girl. Or lady.,0,48,medium,0.0,1.0,0.0,bad girl lady,0.19087136929460582
ham,I love ya too but try and budget your money better babe. Gary would freak on me if he knew,0,90,medium,0.0,1.0,0.0,love ya try budget money better babe gary would freak knew,0.3651452282157676
ham,"What part of \don't initiate\"" don't you understand""",0,52,medium,0.0,1.0,0.0,part dont initiate dont understand,0.2074688796680498
ham,I finished my lunch already. U wake up already?,0,47,medium,0.0,1.0,0.0,finished lunch already wake already,0.18672199170124482
ham,You still at the game?,0,22,short,0.0,0.0,1.0,still game,0.08298755186721991
ham,You have got tallent but you are wasting.,0,41,medium,0.0,1.0,0.0,got tallent wasting,0.16182572614107885
ham,What is your record for one night? :),0,37,short,0.0,0.0,1.0,record one night,0.14522821576763487
ham,"Also sir, i sent you an email about how to log into the usc payment portal. I.ll send you another message that should explain how things are back home. Have a great weekend.",0,173,long,1.0,0.0,0.0,also sir sent email log usc payment portal ill send another message explain things back home great weekend,0.7095435684647303
ham, gonna let me know cos comes bak from holiday that day.  is coming. Don't4get2text me  number. ,0,95,medium,0.0,1.0,0.0,gonna let know cos comes bak holiday day coming dont get text number,0.3858921161825726
ham,Jokin only lar... :-) depends on which phone my father can get lor...,0,69,medium,0.0,1.0,0.0,jokin lar depends phone father get lor,0.2780082987551867
ham,"Aight, lemme know what's up",0,27,short,0.0,0.0,1.0,aight lemme know whats,0.1037344398340249
ham,Get ready for  &lt;#&gt;  inches of pleasure...,0,47,medium,0.0,1.0,0.0,get ready ltgt inches pleasure,0.18672199170124482
ham,;-) ok. I feel like john lennon.,0,32,short,0.0,0.0,1.0,ok feel like john lennon,0.12448132780082988
ham,Cos darren say Ì_ considering mah so i ask Ì_...,0,48,medium,0.0,1.0,0.0,cos darren say considering mah ask,0.19087136929460582
ham,You are not bothering me but you have to trust my answers. Pls.,0,63,medium,0.0,1.0,0.0,bothering trust answers pls,0.25311203319502074
ham,Aight what time you want me to come up?,0,39,short,0.0,0.0,1.0,aight time want come,0.15352697095435686
ham,Slaaaaave ! Where are you ? Must I summon you to me all the time now ? Don't you wish to come to me on your own anymore?,0,120,long,1.0,0.0,0.0,slaaaaave must summon time dont wish come anymore,0.4896265560165975
ham,Your bill at 3 is å£33.65 so thats not bad!,0,43,medium,0.0,1.0,0.0,bill å£ thats bad,0.17012448132780084
ham,Let me know how it changes in the next 6hrs. It can even be appendix but you are out of that age range. However its not impossible. So just chill and let me know in 6hrs,0,169,long,1.0,0.0,0.0,let know changes next hrs even appendix age range however impossible chill let know hrs,0.6929460580912863
ham,"Hello, yeah i've just got out of the bath and need to do my hair so i'll come up when i'm done, yeah?",0,101,long,1.0,0.0,0.0,hello yeah ive got bath need hair ill come im done yeah,0.4107883817427386
ham,So how's the weather over there?,0,32,short,0.0,0.0,1.0,hows weather,0.12448132780082988
ham,"Ok. Not much to do here though. H&M Friday, cant wait. Dunno wot the hell im gonna do for another 3 weeks! Become a slob- oh wait, already done that! ",0,150,long,1.0,0.0,0.0,ok much though hm friday cant wait dunno wot hell im gonna another weeks become slob oh wait already done,0.6141078838174274
ham,Die... Now i have e toot fringe again...,0,40,medium,0.0,1.0,0.0,die toot fringe,0.15767634854771784
ham,Lol they don't know about my awesome phone. I could click delete right now if I want.,0,85,medium,0.0,1.0,0.0,lol dont know awesome phone could click delete right want,0.34439834024896265
ham,"Awesome question with a cute answer: Someone asked a boy \how is ur life?\"" . . He smiled &amp; answered: . . \""She is fine!\"" Gudnite""",0,135,long,1.0,0.0,0.0,awesome question cute answer someone asked boy ur life smiled amp answered fine gudnite,0.5518672199170125
ham,Please leave this topic..sorry for telling that..,0,49,medium,0.0,1.0,0.0,please leave topicsorry telling,0.1950207468879668
ham,Pls send me the correct name da.,0,32,short,0.0,0.0,1.0,pls send correct name da,0.12448132780082988
ham,What happened to our yo date?,0,29,short,0.0,0.0,1.0,happened yo date,0.11203319502074689
ham,Webpage s not available!,0,24,short,0.0,0.0,1.0,webpage available,0.09128630705394192
ham,Just woke up. Yeesh its late. But I didn't fall asleep til &lt;#&gt; am :/,0,74,medium,0.0,1.0,0.0,woke yeesh late didnt fall asleep til ltgt,0.2987551867219917
spam,You are now unsubscribed all services. Get tons of sexy babes or hunks straight to your phone! go to http://gotbabes.co.uk. No subscriptions.,1,141,long,1.0,0.0,0.0,unsubscribed services get tons sexy babes hunks straight phone go subscriptions,0.5767634854771785
ham,"Dear all, as we know  &lt;#&gt; th is the  &lt;#&gt; th birthday of our loving Gopalettan. We are planning to give a small gift on that day. Those who like to participate in that you are welcome. Please contact our admin team for more details",0,242,long,1.0,0.0,0.0,dear know ltgt th ltgt th birthday loving gopalettan planning give small gift day like participate welcome please contact admin team details,0.995850622406639
ham,K..k...from tomorrow onwards started ah?,0,40,medium,0.0,1.0,0.0,kkfrom tomorrow onwards started ah,0.15767634854771784
ham,What u talking bout early morning? It's almost noon where your at!,0,66,medium,0.0,1.0,0.0,talking bout early morning almost noon,0.26556016597510373
ham,Fine. Do you remember me.,0,25,short,0.0,0.0,1.0,fine remember,0.09543568464730291
spam,"Hi babe its Jordan, how r u? Im home from abroad and lonely, text me back if u wanna chat xxSP visionsms.com Text stop to stopCost 150p 08712400603",1,147,long,1.0,0.0,0.0,hi babe jordan im home abroad lonely text back wanna chat xxsp visionsmscom text stop stopcost,0.6016597510373445
ham,Ok. How many should i buy.,0,26,short,0.0,0.0,1.0,ok many buy,0.09958506224066391
ham,"Sounds good, keep me posted",0,27,short,0.0,0.0,1.0,sounds good keep posted,0.1037344398340249
spam,Get a brand new mobile phone by being an agent of The Mob! Plus loads more goodies! For more info just text MAT to 87021.,1,121,long,1.0,0.0,0.0,get brand new mobile phone agent mob plus loads goodies info text mat,0.4937759336099585
ham,Ok. So april. Cant wait,0,23,short,0.0,0.0,1.0,ok april cant wait,0.08713692946058091
ham,Boy you best get yo ass out here quick,0,38,short,0.0,0.0,1.0,boy best get yo ass quick,0.14937759336099585
ham,Ay wana meet on sat?Ì_ wkg on sat?,0,34,short,0.0,0.0,1.0,ay wana meet satì wkg sat,0.13278008298755187
ham,I'm now but have to wait till 2 for the bus to pick me.,0,55,medium,0.0,1.0,0.0,im wait till bus pick,0.21991701244813278
ham,Apart from the one i told you about yesterday?,0,46,medium,0.0,1.0,0.0,apart one told yesterday,0.1825726141078838
ham,Ok lor... But buy wat?,0,22,short,0.0,0.0,1.0,ok lor buy wat,0.08298755186721991
ham,Somebody should go to andros and steal ice,0,42,medium,0.0,1.0,0.0,somebody go andros steal ice,0.16597510373443983
ham,Don know. I did't msg him recently.,0,35,short,0.0,0.0,1.0,know didt msg recently,0.13692946058091288
ham,Take us out shopping and Mark will distract Isaiah.=D,0,53,medium,0.0,1.0,0.0,take us shopping mark distract isaiahd,0.21161825726141079
ham,"Mum, hope you are having a great day. Hoping this text meets you well and full of life. Have a great day. Abiola",0,112,long,1.0,0.0,0.0,mum hope great day hoping text meets well full life great day abiola,0.45643153526970953
ham,There is no sense in my foot and penis.,0,39,short,0.0,0.0,1.0,sense foot penis,0.15352697095435686
ham,Okay but i thought you were the expert,0,38,short,0.0,0.0,1.0,okay thought expert,0.14937759336099585
ham,*deep sigh* ... I miss you :-( ... I am really surprised you haven't gone to the net cafe yet to get to me ... Don't you miss me?,0,129,long,1.0,0.0,0.0,deep sigh miss really surprised havent gone net cafe yet get dont miss,0.5269709543568465
ham,S.s:)i thinl role is like sachin.just standing. Others have to hit.,0,67,medium,0.0,1.0,0.0,ssi thinl role like sachinjust standing others hit,0.2697095435684647
ham,Have a great trip to India. And bring the light to everyone not just with the project but with everyone that is lucky to see you smile. Bye. Abiola,0,147,long,1.0,0.0,0.0,great trip india bring light everyone project everyone lucky see smile bye abiola,0.6016597510373445
ham,"And very importantly, all we discuss is between u and i only.",0,61,medium,0.0,1.0,0.0,importantly discuss,0.24481327800829875
ham,K..k:)how about your training process?,0,38,short,0.0,0.0,1.0,kkhow training process,0.14937759336099585
ham,Ok lor. I ned 2 go toa payoh 4 a while 2 return smth u wan 2 send me there or wat?,0,82,medium,0.0,1.0,0.0,ok lor ned go toa payoh return smth wan send wat,0.33195020746887965
ham,In da car park ,0,15,short,0.0,0.0,1.0,da car park,0.05394190871369295
ham,I wish that I was with you. Holding you tightly. Making you see how important you are. How much you mean to me ... How much I need you ... In my life ...,0,153,long,1.0,0.0,0.0,wish holding tightly making see important much mean much need life,0.6265560165975104
ham,So i asked how's anthony. Dad. And your bf,0,42,medium,0.0,1.0,0.0,asked hows anthony dad bf,0.16597510373443983
ham,"'Wnevr i wana fal in luv vth my books, My bed fals in luv vth me..!'' . Yen madodu, nav pretsorginta, nammanna pretsovru important alwa....!!:) Gud eveB-).",0,155,long,1.0,0.0,0.0,wnevr wana fal luv vth books bed fals luv vth yen madodu nav pretsorginta nammanna pretsovru important alwa gud eveb,0.6348547717842324
ham,Am going to take bath ill place the key in window:-),0,52,medium,0.0,1.0,0.0,going take bath ill place key window,0.2074688796680498
spam,LORD OF THE RINGS:RETURN OF THE KING in store NOW!REPLY LOTR by 2 June 4 Chance 2 WIN LOTR soundtrack CDs StdTxtRate. Reply STOP to end txts,1,140,long,1.0,0.0,0.0,lord ringsreturn king store nowreply lotr june chance win lotr soundtrack cds stdtxtrate reply stop end txts,0.5726141078838175
ham,"Dear, take care. I am just reaching home.love u a lot.",0,54,medium,0.0,1.0,0.0,dear take care reaching homelove lot,0.2157676348547718
ham,staff.science.nus.edu.sg/~phyhcmk/teaching/pc1323,0,49,medium,0.0,1.0,0.0,staffsciencenusedusgphyhcmkteachingpc,0.1950207468879668
ham,Have you emigrated or something? Ok maybe 5.30 was a bit hopeful...,0,67,medium,0.0,1.0,0.0,emigrated something ok maybe bit hopeful,0.2697095435684647
ham,Olol i printed out a forum post by a guy with the exact same  prob which was fixed with a gpu replacement. Hopefully they dont ignore that.,0,139,long,1.0,0.0,0.0,olol printed forum post guy exact prob fixed gpu replacement hopefully dont ignore,0.5684647302904564
ham,We walked from my moms. Right on stagwood pass right on winterstone left on victors hill. Address is &lt;#&gt;,0,110,long,1.0,0.0,0.0,walked moms right stagwood pass right winterstone left victors hill address ltgt,0.4481327800829875
ham,"Yo, you at jp and hungry like a mofo?",0,37,short,0.0,0.0,1.0,yo jp hungry like mofo,0.14522821576763487
ham,This is all just creepy and crazy to me.,0,40,medium,0.0,1.0,0.0,creepy crazy,0.15767634854771784
ham,Ok... I din get ur msg...,0,25,short,0.0,0.0,1.0,ok din get ur msg,0.09543568464730291
ham,Pathaya enketa maraikara pa',0,28,short,0.0,0.0,1.0,pathaya enketa maraikara pa,0.1078838174273859
ham,Even if he my friend he is a priest call him now,0,48,medium,0.0,1.0,0.0,even friend priest call,0.19087136929460582
ham,"U so lousy, run already come back then half dead... Hee...",0,58,medium,0.0,1.0,0.0,lousy run already come back half dead hee,0.23236514522821577
ham,That's y i said it's bad dat all e gals know u... Wat u doing now?,0,66,medium,0.0,1.0,0.0,thats said bad dat gals know wat,0.26556016597510373
ham,Or remind me in a few hrs.,0,26,short,0.0,0.0,1.0,remind hrs,0.09958506224066391
ham,Hi. Happy New Year. I dont mean to intrude but can you pls let me know how much tuition you paid last semester and how much this semester is. Thanks,0,148,long,1.0,0.0,0.0,hi happy new year dont mean intrude pls let know much tuition paid last semester much semester thanks,0.6058091286307055
ham,Hello hun how ru? Its here by the way. Im good. Been on 2 dates with that guy i met in walkabout so far. We have to meet up soon. Hows everyone else?,0,149,long,1.0,0.0,0.0,hello hun ru way im good dates guy met walkabout far meet soon hows everyone else,0.6099585062240664
ham,Lol I was gonna last month. I cashed some in but I left &lt;#&gt; just in case. I was collecting more during the week cause they announced it on the blog.,0,154,long,1.0,0.0,0.0,lol gonna last month cashed left ltgt case collecting week cause announced blog,0.6307053941908713
spam,Good Luck! Draw takes place 28th Feb 06. Good Luck! For removal send STOP to 87239 customer services 08708034412,1,112,long,1.0,0.0,0.0,good luck draw takes place th feb good luck removal send stop customer services,0.45643153526970953
ham,"Short But Cute : \ Be a good person   but dont try to prove\"" ..... Gud mrng...""",0,80,medium,0.0,1.0,0.0,short cute good person dont try prove gud mrng,0.32365145228215764
ham,Just haven't decided where yet eh ?,0,35,short,0.0,0.0,1.0,havent decided yet eh,0.13692946058091288
ham,"Wat time liao, where still got.",0,31,short,0.0,0.0,1.0,wat time liao still got,0.12033195020746887
ham,Yes watching footie but worried we're going to blow it - Phil Neville?,0,70,medium,0.0,1.0,0.0,yes watching footie worried going blow phil neville,0.2821576763485477
ham,I wait 4 Ì_ inside da car park...,0,33,short,0.0,0.0,1.0,wait inside da car park,0.1286307053941909
ham,Uncle Abbey! Happy New Year. Abiola,0,35,short,0.0,0.0,1.0,uncle abbey happy new year abiola,0.13692946058091288
ham,Now am free call me pa.,0,23,short,0.0,0.0,1.0,free call pa,0.08713692946058091
ham,R u saying i should re order the slippers cos i had to pay for returning it.,0,76,medium,0.0,1.0,0.0,saying order slippers cos pay returning,0.30705394190871366
ham,Stop knowing me so well!,0,24,short,0.0,0.0,1.0,stop knowing well,0.09128630705394192
ham,Good evening! this is roger. How are you?,0,41,medium,0.0,1.0,0.0,good evening roger,0.16182572614107885
ham,Small problem in auction:)punj now asking tiwary,0,48,medium,0.0,1.0,0.0,small problem auctionpunj asking tiwary,0.19087136929460582
ham,He telling not to tell any one. If so treat for me hi hi hi,0,59,medium,0.0,1.0,0.0,telling tell one treat hi hi hi,0.23651452282157676
spam,1st wk FREE! Gr8 tones str8 2 u each wk. Txt NOKIA ON to 8007 for Classic Nokia tones or HIT ON to 8007 for Polys. Nokia/150p Poly/200p 16+,1,139,long,1.0,0.0,0.0,st wk free gr tones str wk txt nokia classic nokia tones hit polys nokia poly,0.5684647302904564
ham,U coming 2 pick me?,0,19,short,0.0,0.0,1.0,coming pick,0.07053941908713693
ham,Thats cool. i liked your photos. You are very sexy!,0,51,medium,0.0,1.0,0.0,thats cool liked photos sexy,0.2033195020746888
ham,would u fuckin believe it they didnt know i had thurs pre booked off so they re cancelled me AGAIN! that needs to b sacked,0,122,long,1.0,0.0,0.0,would fuckin believe didnt know thurs pre booked cancelled needs sacked,0.49792531120331945
ham,"Haha better late than ever, any way I could swing by?",0,53,medium,0.0,1.0,0.0,haha better late ever way could swing,0.21161825726141079
ham,Ok. But i finish at 6.,0,22,short,0.0,0.0,1.0,ok finish,0.08298755186721991
spam,"LookAtMe!: Thanks for your purchase of a video clip from LookAtMe!, you've been charged 35p. Think you can do better? Why not send a video in a MMSto 32323.",1,156,long,1.0,0.0,0.0,lookatme thanks purchase video clip lookatme youve charged think better send video mmsto,0.6390041493775934
ham,I've been barred from all B and Q stores for life!?This twat in orange dungerees came up to me and asked if I wanted decking? So I got the first punch in!!,0,155,long,1.0,0.0,0.0,ive barred stores lifethis twat orange dungerees came asked wanted decking got first punch,0.6348547717842324
ham,So no messages. Had food?,0,25,short,0.0,0.0,1.0,messages food,0.09543568464730291
ham,Ok going to sleep. Hope i can meet her.,0,39,short,0.0,0.0,1.0,ok going sleep hope meet,0.15352697095435686
ham,Can you let me know details of fri when u find out cos I'm not in tom or fri. mentionned chinese. Thanks,0,104,long,1.0,0.0,0.0,let know details fri find cos im tom fri mentionned chinese thanks,0.42323651452282157
ham,You're right I have now that I think about it,0,45,medium,0.0,1.0,0.0,youre right think,0.17842323651452283
ham,Wat r u doing now?,0,18,short,0.0,0.0,1.0,wat,0.06639004149377593
ham,Is ur lecture over?,0,19,short,0.0,0.0,1.0,ur lecture,0.07053941908713693
spam,sexy sexy cum and text me im wet and warm and ready for some porn! u up for some fun? THIS MSG IS FREE RECD MSGS 150P INC VAT 2 CANCEL TEXT STOP,1,144,long,1.0,0.0,0.0,sexy sexy cum text im wet warm ready porn fun msg free recd msgs inc vat cancel text stop,0.5892116182572614
ham,Customer place i will call you,0,30,short,0.0,0.0,1.0,customer place call,0.11618257261410789
ham,Not planned yet :)going to join company on jan 5 only.don know what will happen after that.,0,91,medium,0.0,1.0,0.0,planned yet going join company jan onlydon know happen,0.3692946058091286
ham,Boy; I love u Grl: Hogolo Boy: gold chain kodstini Grl: Agalla Boy: necklace madstini Grl: agalla Boy: Hogli 1 mutai eerulli kodthini! Grl: I love U kano;-),0,156,long,1.0,0.0,0.0,boy love grl hogolo boy gold chain kodstini grl agalla boy necklace madstini grl agalla boy hogli mutai eerulli kodthini grl love kano,0.6390041493775934
ham,"Haha I heard that, text me when you're around",0,45,medium,0.0,1.0,0.0,haha heard text youre around,0.17842323651452283
ham,I.ll get there tomorrow and send it to you,0,42,medium,0.0,1.0,0.0,ill get tomorrow send,0.16597510373443983
ham,"\SHIT BABE.. THASA BIT MESSED UP.YEH  SHE SHUDVETOLD U. DID URGRAN KNOW?NEWAY  ILLSPEAK 2 U2MORO WEN IM NOT ASLEEP...\""""",0,120,long,1.0,0.0,0.0,shit babe thasa bit messed upyeh shudvetold urgran knowneway illspeak moro wen im asleep,0.4896265560165975
ham,Oh thats late! Well have a good night and i will give u a call tomorrow. Iam now going to go to sleep night night,0,113,long,1.0,0.0,0.0,oh thats late well good night give call tomorrow iam going go sleep night night,0.4605809128630705
ham,"\CHEERS U TEX MECAUSE U WEREBORED! YEAH OKDEN HUNNY R UIN WK SAT?SOUNDåÕS LIKEYOUR HAVIN GR8FUN J! KEEP UPDAT COUNTINLOTS OF LOVEME XXXXX.\""""",0,141,long,1.0,0.0,0.0,cheers tex mecause werebored yeah okden hunny uin wk satsoundåõs likeyour havin gr fun keep updat countinlots loveme xxxxx,0.5767634854771785
ham,"Sorry,  in meeting I'll call you later",0,38,short,0.0,0.0,1.0,sorry meeting ill call later,0.14937759336099585
ham,Yo! Howz u? girls never rang after india. L,0,43,medium,0.0,1.0,0.0,yo howz girls never rang india,0.17012448132780084
ham,Yeah but which is worse for i,0,29,short,0.0,0.0,1.0,yeah worse,0.11203319502074689
ham,I tagged MY friends that you seemed to count as YOUR friends.,0,61,medium,0.0,1.0,0.0,tagged friends seemed count friends,0.24481327800829875
ham,Long time. You remember me today.,0,33,short,0.0,0.0,1.0,long time remember today,0.1286307053941909
ham,Havent shopping now lor i juz arrive only,0,41,medium,0.0,1.0,0.0,havent shopping lor juz arrive,0.16182572614107885
ham,Thank u. IT BETTER WORK OUT CAUSE I WILL FEEL USED OTHERWISE,0,60,medium,0.0,1.0,0.0,thank better work cause feel used otherwise,0.24066390041493776
ham,Are you up for the challenge? I know i am :),0,44,medium,0.0,1.0,0.0,challenge know,0.17427385892116182
ham,How much did ur hdd casing cost.,0,32,short,0.0,0.0,1.0,much ur hdd casing cost,0.12448132780082988
ham,Mystery solved! Just opened my email and he's sent me another batch! Isn't he a sweetie,0,87,medium,0.0,1.0,0.0,mystery solved opened email hes sent another batch isnt sweetie,0.3526970954356846
ham,I can't describe how lucky you are that I'm actually awake by noon,0,66,medium,0.0,1.0,0.0,cant describe lucky im actually awake noon,0.26556016597510373
spam,This is the 2nd time we have tried to contact u. U have won the å£1450 prize to claim just call 09053750005 b4 310303. T&Cs/stop SMS 08718725756. 140ppm,1,152,long,1.0,0.0,0.0,nd time tried contact å£ prize claim call tcsstop sms ppm,0.6224066390041494
ham,Cheers for the card ... Is it that time of year already?,0,56,medium,0.0,1.0,0.0,cheers card time year already,0.22406639004149378
ham,Ugh hopefully the asus ppl dont randomly do a reformat.,0,55,medium,0.0,1.0,0.0,ugh hopefully asus ppl dont randomly reformat,0.21991701244813278
ham,"Haven't seen my facebook, huh? Lol!",0,35,short,0.0,0.0,1.0,havent seen facebook huh lol,0.13692946058091288
ham,"Mah b, I'll pick it up tomorrow",0,31,short,0.0,0.0,1.0,mah ill pick tomorrow,0.12033195020746887
ham,Still otside le..u come 2morrow maga..,0,38,short,0.0,0.0,1.0,still otside leu come morrow maga,0.14937759336099585
ham,Do u still have plumbers tape and a wrench we could borrow?,0,59,medium,0.0,1.0,0.0,still plumbers tape wrench could borrow,0.23651452282157676
spam,"Dear Voucher Holder, To claim this weeks offer, at you PC please go to http://www.e-tlp.co.uk/reward. Ts&Cs apply.",1,114,long,1.0,0.0,0.0,dear voucher holder claim weeks offer pc please go tscs apply,0.4647302904564315
ham,It vl bcum more difficult..,0,27,short,0.0,0.0,1.0,vl bcum difficult,0.1037344398340249
ham,Havent still waitin as usual... ÌÏ come back sch oredi?,0,55,medium,0.0,1.0,0.0,havent still waitin usual ìï come back sch oredi,0.21991701244813278
ham,In meeting da. I will call you,0,30,short,0.0,0.0,1.0,meeting da call,0.11618257261410789
ham,K k :-):-) then watch some films.,0,33,short,0.0,0.0,1.0,watch films,0.1286307053941909
ham,Does cinema plus drink appeal tomo? * Is a fr thriller by director i like on at mac at 8.30.,0,92,medium,0.0,1.0,0.0,cinema plus drink appeal tomo fr thriller director like mac,0.3734439834024896
ham,There the size of elephant tablets & u shove um up ur ass!!,0,59,medium,0.0,1.0,0.0,size elephant tablets shove um ur ass,0.23651452282157676
ham,"So many people seems to be special at first sight, But only very few will remain special to you till your last sight.. Maintain them till life ends.. take cr da",0,160,long,1.0,0.0,0.0,many people seems special first sight remain special till last sight maintain till life ends take cr da,0.6556016597510373
ham,"My Parents, My Kidz, My Friends n My Colleagues. All screaming.. SURPRISE !! and I was waiting on the sofa.. ... ..... ' NAKED...!",0,130,long,1.0,0.0,0.0,parents kidz friends colleagues screaming surprise waiting sofa naked,0.5311203319502075
ham,Dunno i juz askin cos i got a card got 20% off 4 a salon called hair sense so i tot it's da one Ì_ cut ur hair. ,0,112,long,1.0,0.0,0.0,dunno juz askin cos got card got salon called hair sense tot da one cut ur hair,0.45643153526970953
ham,Good morning pookie pie! Lol hope I didn't wake u up,0,52,medium,0.0,1.0,0.0,good morning pookie pie lol hope didnt wake,0.2074688796680498
ham,MAYBE IF YOU WOKE UP BEFORE FUCKING 3 THIS WOULDN'T BE A PROBLEM.,0,65,medium,0.0,1.0,0.0,maybe woke fucking wouldnt problem,0.2614107883817427
ham,Happy birthday to you....dear.with lots of love.rakhesh NRI,0,59,medium,0.0,1.0,0.0,happy birthday youdearwith lots loverakhesh nri,0.23651452282157676
spam,"This is the 2nd time we have tried 2 contact u. U have won the 750 Pound prize. 2 claim is easy, call 08712101358 NOW! Only 10p per min. BT-national-rate",1,153,long,1.0,0.0,0.0,nd time tried contact pound prize claim easy call per min btnationalrate,0.6265560165975104
ham,X2  &lt;#&gt; . Are you going to get that,0,41,medium,0.0,1.0,0.0,ltgt going get,0.16182572614107885
ham,Hi neva worry bout da truth coz the truth will lead me 2 ur heart. ItåÕs the least a unique person like u deserve. Sleep tight or morning,0,137,long,1.0,0.0,0.0,hi neva worry bout da truth coz truth lead ur heart itåõs least unique person like deserve sleep tight morning,0.5601659751037344
spam,UR awarded a City Break and could WIN a å£200 Summer Shopping spree every WK. Txt STORE to 88039.SkilGme.TsCs087147403231Winawk!Age16+å£1.50perWKsub,1,148,long,1.0,0.0,0.0,ur awarded city break could win å£ summer shopping spree every wk txt store skilgmetscs winawkage å£ perwksub,0.6058091286307055
ham,Is ur paper today in e morn or aft?,0,35,short,0.0,0.0,1.0,ur paper today morn aft,0.13692946058091288
ham,I will lick up every drop :) are you ready to use your mouth as well?,0,69,medium,0.0,1.0,0.0,lick every drop ready use mouth well,0.2780082987551867
ham,And you! Will expect you whenever you text! Hope all goes well tomo ,0,68,medium,0.0,1.0,0.0,expect whenever text hope goes well tomo,0.2738589211618257
ham,Great. P diddy is my neighbor and comes for toothpaste every morning,0,68,medium,0.0,1.0,0.0,great diddy neighbor comes toothpaste every morning,0.2738589211618257
ham,"I av a new number,  . Wil u only use this one,ta.",0,49,medium,0.0,1.0,0.0,av new number wil use oneta,0.1950207468879668
ham,So its to be poking man everyday that they teach you in canada abi! How are you. Just saying hi.,0,96,medium,0.0,1.0,0.0,poking man everyday teach canada abi saying hi,0.3900414937759336
ham,7 lor... Change 2 suntec... Wat time u coming?,0,46,medium,0.0,1.0,0.0,lor change suntec wat time coming,0.1825726141078838
ham,No de.am seeing in online shop so that i asked.,0,47,medium,0.0,1.0,0.0,deam seeing online shop asked,0.18672199170124482
ham,Just curious because my cuz asked what I was up to,0,50,medium,0.0,1.0,0.0,curious cuz asked,0.19917012448132781
ham,Okay lor... Wah... like that def they wont let us go... Haha... What did they say in the terms and conditions?,0,110,long,1.0,0.0,0.0,okay lor wah like def wont let us go haha say terms conditions,0.4481327800829875
ham,Haha... Yup hopefully  we will lose a few kg by mon. after hip hop can go orchard and weigh again,0,97,medium,0.0,1.0,0.0,haha yup hopefully lose kg mon hip hop go orchard weigh,0.3941908713692946
ham,She's good. How are you. Where r u working now,0,46,medium,0.0,1.0,0.0,shes good working,0.1825726141078838
ham,"Oh, yes, I've just been a little under the weather so i've kind of been coccooning at home",0,90,medium,0.0,1.0,0.0,oh yes ive little weather ive kind coccooning home,0.3651452282157676
ham,At home also.,0,13,short,0.0,0.0,1.0,home also,0.04564315352697096
ham,This phone has the weirdest auto correct.,0,41,medium,0.0,1.0,0.0,phone weirdest auto correct,0.16182572614107885
ham,Oops my phone died and I didn't even know. Yeah I like it better.,0,65,medium,0.0,1.0,0.0,oops phone died didnt even know yeah like better,0.2614107883817427
ham,Havent mus ask if u can 1st wat. Of meet 4 lunch den u n him meet can already lor. Or u wan 2 go ask da ge 1st then confirm w me asap?,0,134,long,1.0,0.0,0.0,havent mus ask st wat meet lunch den meet already lor wan go ask da ge st confirm asap,0.5477178423236515
ham,"She said,'' do u mind if I go into the bedroom for a minute ? '' ''OK'', I sed in a sexy mood. She came out 5 minuts latr wid a cake...n My Wife,",0,145,long,1.0,0.0,0.0,said mind go bedroom minute ok sed sexy mood came minuts latr wid caken wife,0.5933609958506224
ham,"OH YEAH,AND HAV A GREAT TIME IN NEWQUAY-SEND ME A POSTCARD !1 LOOK AFTER ALL THE GIRLS WHILE IM GONE(U KNOW THE 1IM TALKIN BOUT!)xx",0,131,long,1.0,0.0,0.0,oh yeahand hav great time newquaysend postcard look girls im goneu know im talkin boutxx,0.5352697095435685
ham,We got a divorce. Lol. She.s here,0,33,short,0.0,0.0,1.0,got divorce lol shes,0.1286307053941909
ham,What's ur pin?,0,14,short,0.0,0.0,1.0,whats ur pin,0.049792531120331954
ham,"Babe, have you got enough money to pick up bread and milk ? And I'll give you it back when you get home ?",0,105,long,1.0,0.0,0.0,babe got enough money pick bread milk ill give back get home,0.42738589211618255
ham,I want snow. It's just freezing and windy.,0,42,medium,0.0,1.0,0.0,want snow freezing windy,0.16597510373443983
spam,URGENT! We are trying to contact U. Todays draw shows that you have won a å£2000 prize GUARANTEED. Call 09066358361 from land line. Claim Y87. Valid 12hrs only,1,159,long,1.0,0.0,0.0,urgent trying contact todays draw shows å£ prize guaranteed call land line claim valid hrs,0.6514522821576764
ham,Come to mahal bus stop.. &lt;DECIMAL&gt;,0,40,medium,0.0,1.0,0.0,come mahal bus stop ltdecimalgt,0.15767634854771784
ham,Don know:)this week i'm going to tirunelvai da.,0,47,medium,0.0,1.0,0.0,knowthis week im going tirunelvai da,0.18672199170124482
ham,Me too baby! I promise to treat you well! I bet you will take good care of me...,0,80,medium,0.0,1.0,0.0,baby promise treat well bet take good care,0.32365145228215764
ham,Its like that hotel dusk game i think. You solve puzzles in a area thing,0,72,medium,0.0,1.0,0.0,like hotel dusk game think solve puzzles area thing,0.2904564315352697
spam,"Thanks for your ringtone order, reference number X29. Your mobile will be charged 4.50. Should your tone not arrive please call customer services 09065989180",1,157,long,1.0,0.0,0.0,thanks ringtone order reference number mobile charged tone arrive please call customer services,0.6431535269709544
ham,"Hi, my love! How goes that day? Fuck, this morning I woke and dropped my cell on the way down the stairs but it seems alright ... *phews* I miss you !",0,150,long,1.0,0.0,0.0,hi love goes day fuck morning woke dropped cell way stairs seems alright phews miss,0.6141078838174274
ham,Well that must be a pain to catch,0,33,short,0.0,0.0,1.0,well must pain catch,0.1286307053941909
ham,Sorry da thangam.it's my mistake.,0,33,short,0.0,0.0,1.0,sorry da thangamits mistake,0.1286307053941909
ham,I need... Coz i never go before ,0,32,short,0.0,0.0,1.0,need coz never go,0.12448132780082988
spam,Ur cash-balance is currently 500 pounds - to maximize ur cash-in now send COLLECT to 83600 only 150p/msg. CC: 08718720201 PO BOX 114/14 TCR/W1,1,142,long,1.0,0.0,0.0,ur cashbalance currently pounds maximize ur cashin send collect pmsg cc po box tcrw,0.5809128630705395
ham,"I feel like a dick because I keep sleeping through your texts and facebook messages. Sup, you in town?",0,102,long,1.0,0.0,0.0,feel like dick keep sleeping texts facebook messages sup town,0.41493775933609955
ham,No plm i will come da. On the way.,0,34,short,0.0,0.0,1.0,plm come da way,0.13278008298755187
ham,Guess he wants alone time. We could just show up and watch when they do..,0,73,medium,0.0,1.0,0.0,guess wants alone time could show watch,0.29460580912863066
ham,Height of recycling: Read twice- People spend time for earning money and the same money is spent for spending time!;-) Good morning.. keep smiling:-),0,149,long,1.0,0.0,0.0,height recycling read twice people spend time earning money money spent spending time good morning keep smiling,0.6099585062240664
ham,Yup Ì_ not comin :-(,0,20,short,0.0,0.0,1.0,yup comin,0.07468879668049792
ham,"Yes, princess. Toledo.",0,22,short,0.0,0.0,1.0,yes princess toledo,0.08298755186721991
ham,"Aight text me when you're back at mu and I'll swing by, need somebody to get the door for me",0,92,medium,0.0,1.0,0.0,aight text youre back mu ill swing need somebody get door,0.3734439834024896
ham,Ron say fri leh. N he said ding tai feng cant make reservations. But he said wait lor.,0,86,medium,0.0,1.0,0.0,ron say fri leh said ding tai feng cant make reservations said wait lor,0.34854771784232363
ham,Good. No swimsuit allowed :),0,28,short,0.0,0.0,1.0,good swimsuit allowed,0.1078838174273859
ham,Am okay. Will soon be over. All the best,0,40,medium,0.0,1.0,0.0,okay soon best,0.15767634854771784
ham,"A cute thought for friendship: \Its not necessary to share every secret with ur close Frnd  but watever u shared should be true\""....""",0,134,long,1.0,0.0,0.0,cute thought friendship necessary share every secret ur close frnd watever shared true,0.5477178423236515
ham,Ok i've sent u da latest version of da project.,0,47,medium,0.0,1.0,0.0,ok ive sent da latest version da project,0.18672199170124482
ham,Pls accept me for one day. Or am begging you change the number.,0,63,medium,0.0,1.0,0.0,pls accept one day begging change number,0.25311203319502074
ham,Squeeeeeze!! This is christmas hug.. If u lik my frndshp den hug me back.. If u get 3 u r cute:) 6 u r luvd:* 9 u r so lucky;) None? People hate u:,0,147,long,1.0,0.0,0.0,squeeeeeze christmas hug lik frndshp den hug back get cute luvd lucky none people hate,0.6016597510373445
ham,"Its ok, if anybody asks abt me, u tel them..:-P",0,47,medium,0.0,1.0,0.0,ok anybody asks abt tel themp,0.18672199170124482
ham,"Funny fact Nobody teaches volcanoes 2 erupt, tsunamis 2 arise, hurricanes 2 sway aroundn no 1 teaches hw 2 choose a wife Natural disasters just happens",0,151,long,1.0,0.0,0.0,funny fact nobody teaches volcanoes erupt tsunamis arise hurricanes sway aroundn teaches hw choose wife natural disasters happens,0.6182572614107884
ham,* You gonna ring this weekend or wot?,0,37,short,0.0,0.0,1.0,gonna ring weekend wot,0.14522821576763487
ham,Also track down any lighters you can find,0,41,medium,0.0,1.0,0.0,also track lighters find,0.16182572614107885
ham,"Babe, I need your advice",0,24,short,0.0,0.0,1.0,babe need advice,0.09128630705394192
ham,"IÛ÷ll leave around four, ok?",0,29,short,0.0,0.0,1.0,iû÷ll leave around four ok,0.11203319502074689
ham,Come to medical college at 7pm ......forward it da,0,50,medium,0.0,1.0,0.0,come medical college pm forward da,0.19917012448132781
ham,K:)k..its good:)when are you going?,0,35,short,0.0,0.0,1.0,kkits goodwhen going,0.13692946058091288
ham,I can make lasagna for you... vodka...,0,38,short,0.0,0.0,1.0,make lasagna vodka,0.14937759336099585
ham,HI ITS KATE CAN U GIVE ME A RING ASAP XXX,0,41,medium,0.0,1.0,0.0,hi kate give ring asap xxx,0.16182572614107885
ham,Who were those people ? Were you in a tour ? I thought you were doing that sofa thing you sent me ? Your curious sugar,0,118,long,1.0,0.0,0.0,people tour thought sofa thing sent curious sugar,0.4813278008298755
ham,"No, but you told me you were going, before you got drunk!",0,57,medium,0.0,1.0,0.0,told going got drunk,0.22821576763485477
ham,He fucking chickened out. He messaged me he would be late and woould buzz me and then I didn't hear a word from him,0,115,long,1.0,0.0,0.0,fucking chickened messaged would late woould buzz didnt hear word,0.46887966804979253
spam,"Congratulations! Thanks to a good friend U have WON the å£2,000 Xmas prize. 2 claim is easy, just call 08718726978 NOW! Only 10p per minute. BT-national-rate",1,157,long,1.0,0.0,0.0,congratulations thanks good friend å£ xmas prize claim easy call per minute btnationalrate,0.6431535269709544
ham,I'm always looking for an excuse to be in the city.,0,51,medium,0.0,1.0,0.0,im always looking excuse city,0.2033195020746888
ham,Yup i'm still having coffee wif my frens... My fren drove she'll give me a lift...,0,82,medium,0.0,1.0,0.0,yup im still coffee wif frens fren drove shell give lift,0.33195020746887965
ham,O shore are you takin the bus,0,29,short,0.0,0.0,1.0,shore takin bus,0.11203319502074689
ham,So u gonna get deus ex?,0,23,short,0.0,0.0,1.0,gonna get deus ex,0.08713692946058091
ham,I will send them to your email. Do you mind  &lt;#&gt;  times per night?,0,72,medium,0.0,1.0,0.0,send email mind ltgt times per night,0.2904564315352697
spam,"44 7732584351, Do you want a New Nokia 3510i colour phone DeliveredTomorrow? With 300 free minutes to any mobile + 100 free texts + Free Camcorder reply or call 08000930705.",1,173,long,1.0,0.0,0.0,want new nokia colour phone deliveredtomorrow free minutes mobile free texts free camcorder reply call,0.7095435684647303
ham,tap & spile at seven. * Is that pub on gas st off broad st by canal. Ok?,0,72,medium,0.0,1.0,0.0,tap spile seven pub gas st broad st canal ok,0.2904564315352697
ham,Ok then i come n pick u at engin?,0,33,short,0.0,0.0,1.0,ok come pick engin,0.1286307053941909
ham,Which is why i never wanted to tell you any of this. Which is why i'm so short with you and on-edge as of late.,0,111,long,1.0,0.0,0.0,never wanted tell im short onedge late,0.4522821576763485
ham,Raviyog Peripherals bhayandar east,0,34,short,0.0,0.0,1.0,raviyog peripherals bhayandar east,0.13278008298755187
ham,K actually can you guys meet me at the sunoco on howard? It should be right on the way,0,86,medium,0.0,1.0,0.0,actually guys meet sunoco howard right way,0.34854771784232363
ham,"MOON has come to color your dreams, STARS to make them musical and my SMS to give you warm and Peaceful Sleep. Good Night",0,121,long,1.0,0.0,0.0,moon come color dreams stars make musical sms give warm peaceful sleep good night,0.4937759336099585
ham,Just finished eating. Got u a plate. NOT leftovers this time.,0,61,medium,0.0,1.0,0.0,finished eating got plate leftovers time,0.24481327800829875
ham,Thanx a lot...,0,14,short,0.0,0.0,1.0,thanx lot,0.049792531120331954
ham,Hurry home u big butt. Hang up on your last caller if u have to. Food is done and I'm starving. Don't ask what I cooked.,0,120,long,1.0,0.0,0.0,hurry home big butt hang last caller food done im starving dont ask cooked,0.4896265560165975
ham,Lol your right. What diet? Everyday I cheat anyway. I'm meant to be a fatty :(,0,78,medium,0.0,1.0,0.0,lol right diet everyday cheat anyway im meant fatty,0.3153526970954357
ham,Its a great day. Do have yourself a beautiful one.,0,50,medium,0.0,1.0,0.0,great day beautiful one,0.19917012448132781
ham,What happened in interview?,0,27,short,0.0,0.0,1.0,happened interview,0.1037344398340249
ham,Badrith is only for chennai:)i will surely pick for us:)no competition for him.,0,79,medium,0.0,1.0,0.0,badrith chennaii surely pick usno competition,0.31950207468879666
ham,I tot it's my group mate... Lucky i havent reply... Wat time do Ì_ need to leave... ,0,84,medium,0.0,1.0,0.0,tot group mate lucky havent reply wat time need leave,0.3402489626556016
ham,Hey you around? I've got enough for a half + the ten I owe you,0,62,medium,0.0,1.0,0.0,hey around ive got enough half ten owe,0.24896265560165973
ham,Hey tmr maybe can meet you at yck,0,33,short,0.0,0.0,1.0,hey tmr maybe meet yck,0.1286307053941909
ham,ALRITE SAM ITS NIC JUST CHECKIN THAT THIS IS UR NUMBER-SO IS IT?T.B*,0,68,medium,0.0,1.0,0.0,alrite sam nic checkin ur numberso ittb,0.2738589211618257
ham,They are just making it easy to pay back. I have  &lt;#&gt; yrs to say but i can pay back earlier. You get?,0,107,long,1.0,0.0,0.0,making easy pay back ltgt yrs say pay back earlier get,0.4356846473029045
ham,Not to worry. I'm sure you'll get it.,0,37,short,0.0,0.0,1.0,worry im sure youll get,0.14522821576763487
ham,"The gas station is like a block away from my house, you'll drive right by it since armenia ends at swann and you have to take howard",0,132,long,1.0,0.0,0.0,gas station like block away house youll drive right since armenia ends swann take howard,0.5394190871369295
spam,"Someone U know has asked our dating service 2 contact you! Cant Guess who? CALL 09058097189 NOW all will be revealed. POBox 6, LS15HB 150p ",1,139,long,1.0,0.0,0.0,someone know asked dating service contact cant guess call revealed pobox ls hb,0.5684647302904564
spam,Camera - You are awarded a SiPix Digital Camera! call 09061221066 fromm landline. Delivery within 28 days,1,105,long,1.0,0.0,0.0,camera awarded sipix digital camera call fromm landline delivery within days,0.42738589211618255
ham,My tuition is at 330. Hm we go for the 1120 to 1205 one? Do you mind?,0,69,medium,0.0,1.0,0.0,tuition hm go one mind,0.2780082987551867
ham,"I'm not smoking while people use \wylie smokes too much\"" to justify ruining my shit""",0,85,medium,0.0,1.0,0.0,im smoking people use wylie smokes much justify ruining shit,0.34439834024896265
ham,Dear good morning how you feeling dear,0,38,short,0.0,0.0,1.0,dear good morning feeling dear,0.14937759336099585
ham,A little. Meds say take once every 8 hours. It's only been 5 but pain is back. So I took another. Hope I don't die,0,114,long,1.0,0.0,0.0,little meds say take every hours pain back took another hope dont die,0.4647302904564315
ham,"Beautiful tomorrow never comes.. When it comes, it's already TODAY.. In the hunt of beautiful tomorrow don't waste your wonderful TODAY.. GOODMORNING:)",0,151,long,1.0,0.0,0.0,beautiful tomorrow never comes comes already today hunt beautiful tomorrow dont waste wonderful today goodmorning,0.6182572614107884
ham,Dunno lei Ì_ all decide lor. How abt leona? Oops i tot ben is going n i msg him.,0,80,medium,0.0,1.0,0.0,dunno lei decide lor abt leona oops tot ben going msg,0.32365145228215764
ham,Hi there. We have now moved in2 our pub . Would be great 2 c u if u cud come up.,0,80,medium,0.0,1.0,0.0,hi moved pub would great cud come,0.32365145228215764
spam,Todays Voda numbers ending 5226 are selected to receive a ?350 award. If you hava a match please call 08712300220 quoting claim code 1131 standard rates app ,1,157,long,1.0,0.0,0.0,todays voda numbers ending selected receive award hava match please call quoting claim code standard rates app,0.6431535269709544
spam,This message is free. Welcome to the new & improved Sex & Dogging club! To unsubscribe from this service reply STOP. msgs@150p 18 only,1,134,long,1.0,0.0,0.0,message free welcome new improved sex dogging club unsubscribe service reply stop msgs,0.5477178423236515
ham,Just do what ever is easier for you,0,35,short,0.0,0.0,1.0,ever easier,0.13692946058091288
spam,RCT' THNQ Adrian for U text. Rgds Vatian,1,40,medium,0.0,1.0,0.0,rct thnq adrian text rgds vatian,0.15767634854771784
ham,Stop calling everyone saying I might have cancer. My throat hurts to talk. I can't be answering everyones calls. If I get one more call I'm not babysitting on Monday,0,165,long,1.0,0.0,0.0,stop calling everyone saying might cancer throat hurts talk cant answering everyones calls get one call im babysitting monday,0.6763485477178424
ham,"It'll be tough, but I'll do what I have to",0,42,medium,0.0,1.0,0.0,itll tough ill,0.16597510373443983
ham,IM GONNAMISSU SO MUCH!!I WOULD SAY IL SEND U A POSTCARD BUTTHERES ABOUTAS MUCH CHANCE OF MEREMEMBERIN ASTHERE IS OFSI NOT BREAKIN HIS CONTRACT!! LUV Yaxx,0,153,long,1.0,0.0,0.0,im gonnamissu muchi would say il send postcard buttheres aboutas much chance merememberin asthere ofsi breakin contract luv yaxx,0.6265560165975104
ham,HI DARLIN I FINISH AT 3 DO U 1 2 PICK ME UP OR MEET ME? TEXT BACK ON THIS NUMBER LUV KATE XXX,0,93,medium,0.0,1.0,0.0,hi darlin finish pick meet text back number luv kate xxx,0.3775933609958506
ham,"Set a place for me in your heart and not in your mind, as the mind easily forgets but the heart will always remember. Wish you Happy Valentines Day!",0,148,long,1.0,0.0,0.0,set place heart mind mind easily forgets heart always remember wish happy valentines day,0.6058091286307055
ham,But i'm surprised she still can guess right lor...,0,50,medium,0.0,1.0,0.0,im surprised still guess right lor,0.19917012448132781
ham,Okie Ì_ wan meet at bishan? Cos me at bishan now. I'm not driving today.,0,72,medium,0.0,1.0,0.0,okie wan meet bishan cos bishan im driving today,0.2904564315352697
ham,HI DARLIN HOW WAS WORK DID U GET INTO TROUBLE? IJUST TALKED TO YOUR MUM ALL MORNING! I HAD A REALLY GOOD TIME LAST NIGHT IM GOIN OUT SOON BUT CALL ME IF U CAN,0,158,long,1.0,0.0,0.0,hi darlin work get trouble ijust talked mum morning really good time last night im goin soon call,0.6473029045643154
ham,I know you are serving. I mean what are you doing now.,0,54,medium,0.0,1.0,0.0,know serving mean,0.2157676348547718
ham,"Huh... Hyde park not in mel ah, opps, got confused... Anyway, if tt's e best choice den we juz have to take it...",0,113,long,1.0,0.0,0.0,huh hyde park mel ah opps got confused anyway tts best choice den juz take,0.4605809128630705
ham,Oh gei. That happend to me in tron. Maybe ill dl it in 3d when its out,0,70,medium,0.0,1.0,0.0,oh gei happend tron maybe ill dl,0.2821576763485477
ham,I know girls always safe and selfish know i got it pa. Thank you. good night.,0,77,medium,0.0,1.0,0.0,know girls always safe selfish know got pa thank good night,0.31120331950207464
ham,"No worries, hope photo shoot went well. have a spiffing fun at workage. ",0,72,medium,0.0,1.0,0.0,worries hope photo shoot went well spiffing fun workage,0.2904564315352697
ham,I'm freezing and craving ice. Fml,0,33,short,0.0,0.0,1.0,im freezing craving ice fml,0.1286307053941909
ham,Kay... Since we are out already ,0,32,short,0.0,0.0,1.0,kay since already,0.12448132780082988
ham,Eh sorry leh... I din c ur msg. Not sad already lar. Me watching tv now. U still in office?,0,91,medium,0.0,1.0,0.0,eh sorry leh din ur msg sad already lar watching tv still office,0.3692946058091286
ham,Yo im right by yo work,0,22,short,0.0,0.0,1.0,yo im right yo work,0.08298755186721991
ham,Ok darlin i supose it was ok i just worry too much.i have to do some film stuff my mate and then have to babysit again! But you can call me there.xx,0,148,long,1.0,0.0,0.0,ok darlin supose ok worry muchi film stuff mate babysit call therexx,0.6058091286307055
ham,I don wake since. I checked that stuff and saw that its true no available spaces. Pls call the embassy or send a mail to them.,0,126,long,1.0,0.0,0.0,wake since checked stuff saw true available spaces pls call embassy send mail,0.5145228215767635
ham,Nope... Juz off from work...,0,28,short,0.0,0.0,1.0,nope juz work,0.1078838174273859
ham,Huh so fast... Dat means u havent finished painting?,0,52,medium,0.0,1.0,0.0,huh fast dat means havent finished painting,0.2074688796680498
ham, what number do u live at? Is it 11?,0,36,short,0.0,0.0,1.0,number live,0.14107883817427386
ham,"No we put party 7 days a week and study lightly, I think we need to draw in some custom checkboxes so they know we're hardcore",0,126,long,1.0,0.0,0.0,put party days week study lightly think need draw custom checkboxes know hardcore,0.5145228215767635
ham,Sac will score big hundred.he is set batsman:-),0,47,medium,0.0,1.0,0.0,sac score big hundredhe set batsman,0.18672199170124482
ham,Send me yetty's number pls.,0,27,short,0.0,0.0,1.0,send yettys number pls,0.1037344398340249
ham,How much it will cost approx . Per month.,0,41,medium,0.0,1.0,0.0,much cost approx per month,0.16182572614107885
ham,Ok... The theory test? when are Ì_ going to book? I think it's on 21 may. Coz thought wanna go out with jiayin. But she isnt free,0,129,long,1.0,0.0,0.0,ok theory test going book think may coz thought wanna go jiayin isnt free,0.5269709543568465
spam,"You are being contacted by our dating service by someone you know! To find out who it is, call from a land line 09050000928. PoBox45W2TG150P",1,140,long,1.0,0.0,0.0,contacted dating service someone know find call land line pobox tg,0.5726141078838175
ham,"That's fine, have him give me a call if he knows what he wants or has any questions",0,83,medium,0.0,1.0,0.0,thats fine give call knows wants questions,0.33609958506224064
ham,"Sorry, got a late start, we're on the way",0,41,medium,0.0,1.0,0.0,sorry got late start way,0.16182572614107885
ham,Then u go back urself lor...,0,28,short,0.0,0.0,1.0,go back urself lor,0.1078838174273859
ham,I AM AT THE GAS STATION. GO THERE.,0,34,short,0.0,0.0,1.0,gas station go,0.13278008298755187
ham,"K, if u bored up just come to my home..",0,39,short,0.0,0.0,1.0,bored come home,0.15352697095435686
ham,Babe !!!! I LOVE YOU !!!! *covers your face in kisses*,0,54,medium,0.0,1.0,0.0,babe love covers face kisses,0.2157676348547718
ham,"Like I made him throw up when we were smoking in our friend's car one time, it was awesome",0,90,medium,0.0,1.0,0.0,like made throw smoking friends car one time awesome,0.3651452282157676
ham,Still i have not checked it da. . .,0,35,short,0.0,0.0,1.0,still checked da,0.13692946058091288
ham,You will go to walmart. I.ll stay.,0,34,short,0.0,0.0,1.0,go walmart ill stay,0.13278008298755187
ham,"I haven't forgotten you, i might have a couple bucks to send you tomorrow, k? I love ya too",0,91,medium,0.0,1.0,0.0,havent forgotten might couple bucks send tomorrow love ya,0.3692946058091286
ham,Oh great. I.ll disturb him more so that we can talk.,0,52,medium,0.0,1.0,0.0,oh great ill disturb talk,0.2074688796680498
ham,Reverse is cheating. That is not mathematics.,0,45,medium,0.0,1.0,0.0,reverse cheating mathematics,0.17842323651452283
ham,U're welcome... Caught u using broken english again...,0,54,medium,0.0,1.0,0.0,ure welcome caught using broken english,0.2157676348547718
ham,No problem baby. Is this is a good time to talk? I called and left a message.,0,77,medium,0.0,1.0,0.0,problem baby good time talk called left message,0.31120331950207464
ham,Oh is it! Which brand?,0,22,short,0.0,0.0,1.0,oh brand,0.08298755186721991
ham,At what time are you coming.,0,28,short,0.0,0.0,1.0,time coming,0.1078838174273859
ham,Call him and say you not coming today ok and tell them not to fool me like this ok,0,82,medium,0.0,1.0,0.0,call say coming today ok tell fool like ok,0.33195020746887965
ham,I emailed yifeng my part oredi.. Can Ì_ get it fr him..,0,55,medium,0.0,1.0,0.0,emailed yifeng part oredi get fr,0.21991701244813278
ham,R u sure they'll understand that! Wine * good idea just had a slurp!,0,68,medium,0.0,1.0,0.0,sure theyll understand wine good idea slurp,0.2738589211618257
ham,Minimum walk is 3miles a day.,0,29,short,0.0,0.0,1.0,minimum walk miles day,0.11203319502074689
ham,Ok not a problem will get them a taxi. C ing  tomorrow and tuesday. On tuesday think we r all going to the cinema. ,0,115,long,1.0,0.0,0.0,ok problem get taxi ing tomorrow tuesday tuesday think going cinema,0.46887966804979253
ham,"Brainless Baby Doll..:-D;-), vehicle sariyag drive madoke barolla..",0,67,medium,0.0,1.0,0.0,brainless baby dolld vehicle sariyag drive madoke barolla,0.2697095435684647
spam,Sorry I missed your call let's talk when you have the time. I'm on 07090201529,1,78,medium,0.0,1.0,0.0,sorry missed call lets talk time im,0.3153526970954357
ham,Please attend the phone:),0,25,short,0.0,0.0,1.0,please attend phone,0.09543568464730291
ham,You only hate me. You can call any but you didnt accept even a single call of mine. Or even you messaged,0,104,long,1.0,0.0,0.0,hate call didnt accept even single call mine even messaged,0.42323651452282157
ham,No messages on her phone. I'm holding it now,0,44,medium,0.0,1.0,0.0,messages phone im holding,0.17427385892116182
ham,Can... I'm free...,0,18,short,0.0,0.0,1.0,im free,0.06639004149377593
ham,"Yo my trip got postponed, you still stocked up?",0,47,medium,0.0,1.0,0.0,yo trip got postponed still stocked,0.18672199170124482
ham,I am waiting for your call sir.,0,31,short,0.0,0.0,1.0,waiting call sir,0.12033195020746887
ham,Hey what are you doing. Y no reply pa..,0,39,short,0.0,0.0,1.0,hey reply pa,0.15352697095435686
ham,"Hey elaine, is today's meeting still on?",0,40,medium,0.0,1.0,0.0,hey elaine todays meeting still,0.15767634854771784
ham,Sorry i've not gone to that place. I.ll do so tomorrow. Really sorry.,0,69,medium,0.0,1.0,0.0,sorry ive gone place ill tomorrow really sorry,0.2780082987551867
ham,Most of the tiime when i don't let you hug me it's so i don't break into tears.,0,79,medium,0.0,1.0,0.0,tiime dont let hug dont break tears,0.31950207468879666
ham,Tomorrow i am not going to theatre. . . So i can come wherever u call me. . . Tell me where and when to come tomorrow,0,117,long,1.0,0.0,0.0,tomorrow going theatre come wherever call tell come tomorrow,0.4771784232365145
ham,And now electricity just went out fml.,0,38,short,0.0,0.0,1.0,electricity went fml,0.14937759336099585
ham,"Looks like you found something to do other than smoke, great job!",0,65,medium,0.0,1.0,0.0,looks like found something smoke great job,0.2614107883817427
ham,Also andros ice etc etc,0,23,short,0.0,0.0,1.0,also andros ice etc etc,0.08713692946058091
ham,:) ,0,3,short,0.0,0.0,1.0,,0.004149377593360997
ham,"Good afternon, my love. How are today? I hope your good and maybe have some interviews. I wake and miss you babe. A passionate kiss from across the sea",0,151,long,1.0,0.0,0.0,good afternon love today hope good maybe interviews wake miss babe passionate kiss across sea,0.6182572614107884
ham,Yup. Wun believe wat? U really neva c e msg i sent shuhui?,0,58,medium,0.0,1.0,0.0,yup wun believe wat really neva msg sent shuhui,0.23236514522821577
ham,Hows that watch resizing,0,24,short,0.0,0.0,1.0,hows watch resizing,0.09128630705394192
ham,Dear umma she called me now :-),0,31,short,0.0,0.0,1.0,dear umma called,0.12033195020746887
ham,Just finished. Missing you plenty,0,33,short,0.0,0.0,1.0,finished missing plenty,0.1286307053941909
spam,"complimentary 4 STAR Ibiza Holiday or å£10,000 cash needs your URGENT collection. 09066364349 NOW from Landline not to lose out! Box434SK38WP150PPM18+",1,150,long,1.0,0.0,0.0,complimentary star ibiza holiday å£ cash needs urgent collection landline lose box sk wp ppm,0.6141078838174274
ham,"Well, I meant as opposed to my drunken night of before",0,54,medium,0.0,1.0,0.0,well meant opposed drunken night,0.2157676348547718
ham,K... Must book a not huh? so going for yoga basic on sunday?,0,60,medium,0.0,1.0,0.0,must book huh going yoga basic sunday,0.24066390041493776
spam,FREE MSG:We billed your mobile number by mistake from shortcode 83332.Please call 08081263000 to have charges refunded.This call will be free from a BT landline,1,160,long,1.0,0.0,0.0,free msgwe billed mobile number mistake shortcode please call charges refundedthis call free bt landline,0.6556016597510373
ham,Ok can...,0,9,short,0.0,0.0,1.0,ok,0.029045643153526972
ham,"Oops - am at my mum's in somerset... Bit far! Back tomo, see you soon x",0,71,medium,0.0,1.0,0.0,oops mums somerset bit far back tomo see soon,0.2863070539419087
ham,So u workin overtime nigpun?,0,28,short,0.0,0.0,1.0,workin overtime nigpun,0.1078838174273859
ham,Same as kallis dismissial in 2nd test:-).,0,41,medium,0.0,1.0,0.0,kallis dismissial nd test,0.16182572614107885
ham,O. Guess they both got screwd,0,29,short,0.0,0.0,1.0,guess got screwd,0.11203319502074689
spam,Please CALL 08712402972 immediately as there is an urgent message waiting for you,1,81,medium,0.0,1.0,0.0,please call immediately urgent message waiting,0.3278008298755187
ham,What r u cooking me for dinner?,0,31,short,0.0,0.0,1.0,cooking dinner,0.12033195020746887
ham,Bull. Your plan was to go floating off to IKEA with me without a care in the world. So i have to live with your mess another day.,0,129,long,1.0,0.0,0.0,bull plan go floating ikea without care world live mess another day,0.5269709543568465
ham,Then i buy.,0,11,short,0.0,0.0,1.0,buy,0.03734439834024896
spam,URGENT! Your Mobile number has been awarded with a å£2000 Bonus Caller Prize. Call 09058095201 from land line. Valid 12hrs only,1,127,long,1.0,0.0,0.0,urgent mobile number awarded å£ bonus caller prize call land line valid hrs,0.5186721991701245
ham,Heehee that was so funny tho,0,28,short,0.0,0.0,1.0,heehee funny tho,0.1078838174273859
ham,It only does simple arithmetic not percentages.,0,47,medium,0.0,1.0,0.0,simple arithmetic percentages,0.18672199170124482
ham,"Yeah we wouldn't leave for an hour at least, how's 4 sound?",0,59,medium,0.0,1.0,0.0,yeah wouldnt leave hour least hows sound,0.23651452282157676
ham,Thanks honey. Have a great day.,0,31,short,0.0,0.0,1.0,thanks honey great day,0.12033195020746887
ham,"'An Amazing Quote'' - \Sometimes in life its difficult to decide whats wrong!! a lie that brings a smile or the truth that brings a tear....\""""",0,143,long,1.0,0.0,0.0,amazing quote sometimes life difficult decide whats wrong lie brings smile truth brings tear,0.5850622406639004
ham,Then Ì_ ask dad to pick Ì_ up lar... ÌÏ wan 2 stay until 6 meh...,0,65,medium,0.0,1.0,0.0,ask dad pick lar ìï wan stay meh,0.2614107883817427
ham,"Jus chillaxin, what up",0,22,short,0.0,0.0,1.0,jus chillaxin,0.08298755186721991
ham,"\HEY DAS COOL... IKNOW ALL 2 WELLDA PERIL OF STUDENTFINANCIAL CRISIS!SPK 2 U L8R.\""""",0,84,medium,0.0,1.0,0.0,hey das cool iknow wellda peril studentfinancial crisisspk,0.3402489626556016
spam,Do you want a New Nokia 3510i colour phone DeliveredTomorrow? With 300 free minutes to any mobile + 100 free texts + Free Camcorder reply or call 08000930705,1,157,long,1.0,0.0,0.0,want new nokia colour phone deliveredtomorrow free minutes mobile free texts free camcorder reply call,0.6431535269709544
ham,"Whats that coming over the hill..... Is it a monster! Hope you have a great day. Things r going fine here, busy though! ",0,120,long,1.0,0.0,0.0,whats coming hill monster hope great day things going fine busy though,0.4896265560165975
ham,Joy's father is John. Then John is the ____ of Joy's father. If u ans ths you hav  &lt;#&gt;  IQ. Tis s IAS question try to answer.,0,131,long,1.0,0.0,0.0,joys father john john joys father ans ths hav ltgt iq tis ias question try answer,0.5352697095435685
ham,Only once then after ill obey all yours.,0,40,medium,0.0,1.0,0.0,ill obey,0.15767634854771784
ham,No she didnt. I will search online and let you know.,0,52,medium,0.0,1.0,0.0,didnt search online let know,0.2074688796680498
ham,Where do you need to go to get it?,0,34,short,0.0,0.0,1.0,need go get,0.13278008298755187
ham,No pic. Please re-send.,0,23,short,0.0,0.0,1.0,pic please resend,0.08713692946058091
ham,Uhhhhrmm isnt having tb test bad when youre sick,0,48,medium,0.0,1.0,0.0,uhhhhrmm isnt tb test bad youre sick,0.19087136929460582
ham,But i haf enuff space got like 4 mb...,0,38,short,0.0,0.0,1.0,haf enuff space got like mb,0.14937759336099585
spam,LIFE has never been this much fun and great until you came in. You made it truly special for me. I won't forget you! enjoy @ one gbp/sms,1,136,long,1.0,0.0,0.0,life never much fun great came made truly special wont forget enjoy one gbpsms,0.5560165975103735
spam,Do you want a new Video phone? 600 anytime any network mins 400 Inclusive Video calls AND downloads 5 per week Free delTOMORROW call 08002888812 or reply NOW,1,157,long,1.0,0.0,0.0,want new video phone anytime network mins inclusive video calls downloads per week free deltomorrow call reply,0.6431535269709544
spam,"As a valued customer, I am pleased to advise you that following recent review of your Mob No. you are awarded with a å£1500 Bonus Prize, call 09066368470",1,153,long,1.0,0.0,0.0,valued customer pleased advise following recent review mob awarded å£ bonus prize call,0.6265560165975104
spam,Welcome! Please reply with your AGE and GENDER to begin. e.g 24M,1,64,medium,0.0,1.0,0.0,welcome please reply age gender begin eg,0.2572614107883817
spam,Freemsg: 1-month unlimited free calls! Activate SmartCall Txt: CALL to No: 68866. Subscriptn3gbp/wk unlimited calls Help: 08448714184 Stop?txt stop landlineonly,1,160,long,1.0,0.0,0.0,freemsg month unlimited free calls activate smartcall txt call subscriptn gbpwk unlimited calls help stoptxt stop landlineonly,0.6556016597510373
spam,Had your mobile 10 mths? Update to latest Orange camera/video phones for FREE. Save å£s with Free texts/weekend calls. Text YES for a callback orno to opt out,1,158,long,1.0,0.0,0.0,mobile mths update latest orange cameravideo phones free save å£s free textsweekend calls text yes callback orno opt,0.6473029045643154
spam,Am new 2 club & dont fink we met yet Will B gr8 2 C U Please leave msg 2day wiv ur area 09099726553 reply promised CARLIE x Callså£1/minMobsmore LKPOBOX177HP51FL,1,161,long,1.0,0.0,0.0,new club dont fink met yet gr please leave msg day wiv ur area reply promised carlie callså£ minmobsmore lkpobox hp fl,0.6597510373443983
ham,True. Its easier with her here.,0,31,short,0.0,0.0,1.0,true easier,0.12033195020746887
ham,Sure but since my parents will be working on Tuesday I don't really need a cover story,0,86,medium,0.0,1.0,0.0,sure since parents working tuesday dont really need cover story,0.34854771784232363
ham,Haha okay... Today weekend leh... ,0,34,short,0.0,0.0,1.0,haha okay today weekend leh,0.13278008298755187
ham,"\Hi darlin did youPhone me? Im atHome if youwanna chat.\""""",0,58,medium,0.0,1.0,0.0,hi darlin youphone im athome youwanna chat,0.23236514522821577
ham,I don't know jack shit about anything or i'd say/ask something helpful but if you want you can pretend that I did and just text me whatever in response to the hypotheticalhuagauahahuagahyuhagga,0,193,long,1.0,0.0,0.0,dont know jack shit anything id sayask something helpful want pretend text whatever response hypotheticalhuagauahahuagahyuhagga,0.7925311203319503
ham,You've always been the brainy one.,0,34,short,0.0,0.0,1.0,youve always brainy one,0.13278008298755187
ham,Yeah if we do have to get a random dude we need to change our info sheets to PARTY  &lt;#&gt; /7 NEVER STUDY just to be safe,0,124,long,1.0,0.0,0.0,yeah get random dude need change info sheets party ltgt never study safe,0.5062240663900415
spam,Camera - You are awarded a SiPix Digital Camera! call 09061221066 fromm landline. Delivery within 28 days.,1,106,long,1.0,0.0,0.0,camera awarded sipix digital camera call fromm landline delivery within days,0.43153526970954353
ham,"Christmas is An occasion that is Celebrated as a Reflection of UR... Values..., Desires..., Affections...&amp; Traditions.... Have an ideal Christmas...",0,152,long,1.0,0.0,0.0,christmas occasion celebrated reflection ur values desires affectionsamp traditions ideal christmas,0.6224066390041494
ham,Sending you greetings of joy and happiness. Do have a gr8 evening,0,65,medium,0.0,1.0,0.0,sending greetings joy happiness gr evening,0.2614107883817427
ham,"\Hi darlin i cantdo anythingtomorrow as myparents aretaking me outfor a meal. when are u free? Katexxx\""""",0,105,long,1.0,0.0,0.0,hi darlin cantdo anythingtomorrow myparents aretaking outfor meal free katexxx,0.42738589211618255
ham,If india win or level series means this is record:),0,51,medium,0.0,1.0,0.0,india win level series means record,0.2033195020746888
ham,Then what about further plan?,0,29,short,0.0,0.0,1.0,plan,0.11203319502074689
ham,Its good to hear from you,0,25,short,0.0,0.0,1.0,good hear,0.09543568464730291
ham,"awesome, how do I deal with the gate? Charles told me last night but, uh, yeah",0,78,medium,0.0,1.0,0.0,awesome deal gate charles told last night uh yeah,0.3153526970954357
ham,What time you thinkin of goin?,0,30,short,0.0,0.0,1.0,time thinkin goin,0.11618257261410789
spam,Get a FREE mobile video player FREE movie. To collect text GO to 89105. Its free! Extra films can be ordered t's and c's apply. 18 yrs only,1,139,long,1.0,0.0,0.0,get free mobile video player free movie collect text go free extra films ordered ts cs apply yrs,0.5684647302904564
spam,Save money on wedding lingerie at www.bridal.petticoatdreams.co.uk Choose from a superb selection with national delivery. Brought to you by WeddingFriend,1,153,long,1.0,0.0,0.0,save money wedding lingerie choose superb selection national delivery brought weddingfriend,0.6265560165975104
ham,Your board is working fine. The issue of overheating is also reslove. But still software inst is pending. I will come around 8'o clock.,0,135,long,1.0,0.0,0.0,board working fine issue overheating also reslove still software inst pending come around clock,0.5518672199170125
ham,Yes but I don't care cause I know its there!,0,44,medium,0.0,1.0,0.0,yes dont care cause know,0.17427385892116182
ham,"Mon okie lor... Haha, best is cheap n gd food la, ex oso okie... Depends on whether wana eat western or chinese food... Den which u prefer... ",0,142,long,1.0,0.0,0.0,mon okie lor haha best cheap gd food la ex oso okie depends whether wana eat western chinese food den prefer,0.5809128630705395
ham,Sitting ard nothing to do lor. U leh busy w work?,0,49,medium,0.0,1.0,0.0,sitting ard nothing lor leh busy work,0.1950207468879668
ham,Its  &lt;#&gt; k here oh. Should i send home for sale.,0,54,medium,0.0,1.0,0.0,ltgt oh send home sale,0.2157676348547718
ham,Sorry. || mail? || ,0,19,short,0.0,0.0,1.0,sorry mail,0.07053941908713693
ham,Ya just telling abt tht incident..,0,34,short,0.0,0.0,1.0,ya telling abt tht incident,0.13278008298755187
ham,Yes we were outside for like 2 hours. And I called my whole family to wake them up cause it started at 1 am,0,107,long,1.0,0.0,0.0,yes outside like hours called whole family wake cause started,0.4356846473029045
ham,Ugh just got outta class,0,24,short,0.0,0.0,1.0,ugh got outta class,0.09128630705394192
ham,No need lar. Jus testing e phone card. Dunno network not gd i thk. Me waiting 4 my sis 2 finish bathing so i can bathe. Dun disturb u liao u cleaning ur room.,0,158,long,1.0,0.0,0.0,need lar jus testing phone card dunno network gd thk waiting sis finish bathing bathe dun disturb liao cleaning ur room,0.6473029045643154
ham,Ok. I.ll do you right later.,0,28,short,0.0,0.0,1.0,ok ill right later,0.1078838174273859
ham,Have your lunch and come quickly and open the door:),0,52,medium,0.0,1.0,0.0,lunch come quickly open door,0.2074688796680498
spam,Not heard from U4 a while. Call me now am here all night with just my knickers on. Make me beg for it like U did last time 01223585236 XX Luv Nikiyu4.net,1,153,long,1.0,0.0,0.0,heard call night knickers make beg like last time xx luv nikiyu net,0.6265560165975104
ham,I am back. Bit long cos of accident on a30. Had to divert via wadebridge.I had a brilliant weekend thanks. Speak soon. Lots of love,0,131,long,1.0,0.0,0.0,back bit long cos accident divert via wadebridgei brilliant weekend thanks speak soon lots love,0.5352697095435685
ham,"K.. I yan jiu liao... Sat we can go 4 bugis vill one frm 10 to 3 den hop to parco 4 nb. Sun can go cine frm 1030 to 2, den hop to orc mrt 4 hip hop at 4...",0,155,long,1.0,0.0,0.0,yan jiu liao sat go bugis vill one frm den hop parco nb sun go cine frm den hop orc mrt hip hop,0.6348547717842324
spam,Bloomberg -Message center +447797706009 Why wait? Apply for your future http://careers. bloomberg.com,1,101,long,1.0,0.0,0.0,bloomberg message center wait apply future bloombergcom,0.4107883817427386
ham,i am seeking a lady in the street and a freak in the sheets. Is that you?,0,73,medium,0.0,1.0,0.0,seeking lady street freak sheets,0.29460580912863066
ham,My phone,0,8,short,0.0,0.0,1.0,phone,0.024896265560165977
ham,"Haha figures, well I found the piece and priscilla's bowl",0,57,medium,0.0,1.0,0.0,haha figures well found piece priscillas bowl,0.22821576763485477
ham,"Actually fuck that, just do whatever, do find an excuse to be in tampa at some point before january though",0,106,long,1.0,0.0,0.0,actually fuck whatever find excuse tampa point january though,0.43153526970954353
ham,yay! finally lol. i missed our cinema trip last week :-(,0,56,medium,0.0,1.0,0.0,yay finally lol missed cinema trip last week,0.22406639004149378
ham,All day working day:)except saturday and sunday..,0,49,medium,0.0,1.0,0.0,day working dayexcept saturday sunday,0.1950207468879668
ham,Heart is empty without love.. Mind is empty without wisdom.. Eyes r empty without dreams &amp; Life is empty without frnds.. So Alwys Be In Touch. Good night &amp; sweet dreams,0,176,long,1.0,0.0,0.0,heart empty without love mind empty without wisdom eyes empty without dreams amp life empty without frnds alwys touch good night amp sweet dreams,0.7219917012448133
ham,"I think IÛ÷m waiting for the same bus! Inform me when you get there, if you ever get there.",0,92,medium,0.0,1.0,0.0,think iû÷m waiting bus inform get ever get,0.3734439834024896
ham,You getting back any time soon?,0,31,short,0.0,0.0,1.0,getting back time soon,0.12033195020746887
ham,", how's things? Just a quick question.",0,38,short,0.0,0.0,1.0,hows things quick question,0.14937759336099585
ham,"I can probably come by, everybody's done around  &lt;#&gt;  right?",0,66,medium,0.0,1.0,0.0,probably come everybodys done around ltgt right,0.26556016597510373
ham,I got it before the new year cos yetunde said she wanted to surprise you with it but when i didnt see money i returned it mid january before the  &lt;#&gt; day return period ended.,0,180,long,1.0,0.0,0.0,got new year cos yetunde said wanted surprise didnt see money returned mid january ltgt day return period ended,0.7385892116182573
ham,I can ask around but there's not a lot in terms of mids up here,0,63,medium,0.0,1.0,0.0,ask around theres lot terms mids,0.25311203319502074
ham,Be sure to check your yahoo email. We sent photos yesterday,0,59,medium,0.0,1.0,0.0,sure check yahoo email sent photos yesterday,0.23651452282157676
ham,What was she looking for?,0,25,short,0.0,0.0,1.0,looking,0.09543568464730291
ham,Wherre's my boytoy ? :-(,0,24,short,0.0,0.0,1.0,wherres boytoy,0.09128630705394192
spam,Do you want a NEW video phone750 anytime any network mins 150 text for only five pounds per week call 08000776320 now or reply for delivery tomorrow,1,148,long,1.0,0.0,0.0,want new video phone anytime network mins text five pounds per week call reply delivery tomorrow,0.6058091286307055
ham,"Hello, my love! How goes that day ? I wish your well and fine babe and hope that you find some job prospects. I miss you, boytoy ... *a teasing kiss*",0,149,long,1.0,0.0,0.0,hello love goes day wish well fine babe hope find job prospects miss boytoy teasing kiss,0.6099585062240664
ham,Tell my  bad character which u Dnt lik in me. I'll try to change in  &lt;#&gt; . I ll add tat 2 my new year resolution. Waiting for ur reply.Be frank...good morning.,0,165,long,1.0,0.0,0.0,tell bad character dnt lik ill try change ltgt add tat new year resolution waiting ur replybe frankgood morning,0.6763485477178424
ham,"Yeah, probably earlier than that",0,32,short,0.0,0.0,1.0,yeah probably earlier,0.12448132780082988
ham,Change windows logoff sound..,0,29,short,0.0,0.0,1.0,change windows logoff sound,0.11203319502074689
ham,I'm also came to room.,0,22,short,0.0,0.0,1.0,im also came room,0.08298755186721991
ham,Huh but i got lesson at 4 lei n i was thinkin of going to sch earlier n i tot of parkin at kent vale...  ,0,105,long,1.0,0.0,0.0,huh got lesson lei thinkin going sch earlier tot parkin kent vale,0.42738589211618255
ham,I will reach office around  &lt;DECIMAL&gt; . &amp; my mobile have problem. You cann't get my voice. So call you asa i'll free,0,126,long,1.0,0.0,0.0,reach office around ltdecimalgt amp mobile problem cannt get voice call asa ill free,0.5145228215767635
ham,"Cool, text me when you head out",0,31,short,0.0,0.0,1.0,cool text head,0.12033195020746887
spam,"You are being contacted by our dating service by someone you know! To find out who it is, call from a land line 09050000878. PoBox45W2TG150P",1,140,long,1.0,0.0,0.0,contacted dating service someone know find call land line pobox tg,0.5726141078838175
spam,"Wan2 win a Meet+Greet with Westlife 4 U or a m8? They are currently on what tour? 1)Unbreakable, 2)Untamed, 3)Unkempt. Text 1,2 or 3 to 83049. Cost 50p +std text",1,161,long,1.0,0.0,0.0,wan win meetgreet westlife currently tour unbreakable untamed unkempt text cost std text,0.6597510373443983
ham,Happy birthday... May u find ur prince charming soon n dun work too hard...,0,75,medium,0.0,1.0,0.0,happy birthday may find ur prince charming soon dun work hard,0.3029045643153527
ham,"Oh, the grand is having a bit of a party but it doesn't mention any cover charge so it's probably first come first served",0,121,long,1.0,0.0,0.0,oh grand bit party doesnt mention cover charge probably first come first served,0.4937759336099585
ham,You said to me before i went back to bed that you can't sleep for anything.,0,75,medium,0.0,1.0,0.0,said went back bed cant sleep anything,0.3029045643153527
ham,I hope you arnt pissed off but id would really like to see you tomorrow. Love me xxxxxxxxxxxxxX,0,95,medium,0.0,1.0,0.0,hope arnt pissed id would really like see tomorrow love xxxxxxxxxxxxxx,0.3858921161825726
spam,Dorothy@kiefer.com (Bank of Granite issues Strong-Buy) EXPLOSIVE PICK FOR OUR MEMBERS *****UP OVER 300% *********** Nasdaq Symbol CDGT That is a $5.00 per..,1,156,long,1.0,0.0,0.0,dorothykiefercom bank granite issues strongbuy explosive pick members nasdaq symbol cdgt per,0.6390041493775934
ham,says the  &lt;#&gt;  year old with a man and money. I'm down to my last  &lt;#&gt; . Still waiting for that check.,0,114,long,1.0,0.0,0.0,says ltgt year old man money im last ltgt still waiting check,0.4647302904564315
ham,I will come to ur home now,0,26,short,0.0,0.0,1.0,come ur home,0.09958506224066391
ham,Free any day but i finish at 6 on mon n thurs...,0,48,medium,0.0,1.0,0.0,free day finish mon thurs,0.19087136929460582
ham,Will you be here for food,0,25,short,0.0,0.0,1.0,food,0.09543568464730291
ham,"life alle mone,eppolum oru pole allalo",0,38,short,0.0,0.0,1.0,life alle moneeppolum oru pole allalo,0.14937759336099585
ham,Nite...,0,7,short,0.0,0.0,1.0,nite,0.020746887966804982
ham,"Two fundamentals of cool life: \Walk  like you are the KING\""...! OR \""Walk like you Dont care whoever is the KING\""!... Gud nyt""",0,129,long,1.0,0.0,0.0,two fundamentals cool life walk like king walk like dont care whoever king gud nyt,0.5269709543568465
ham,"Camera quite good, 10.1mega pixels, 3optical and 5digital dooms. Have a lovely holiday, be safe and i hope you hav a good journey! Happy new year to you both! See you in a couple of weeks! ",0,189,long,1.0,0.0,0.0,camera quite good mega pixels optical digital dooms lovely holiday safe hope hav good journey happy new year see couple weeks,0.7759336099585062
ham,Hi Petey!noiåÕm ok just wanted 2 chat coz avent spoken 2 u 4 a long time-hope ur doin alrite.have good nit at js love ya am.x,0,125,long,1.0,0.0,0.0,hi peteynoiåõm ok wanted chat coz avent spoken long timehope ur doin alritehave good nit js love ya amx,0.5103734439834026
ham,I just saw ron burgundy captaining a party boat so yeah,0,55,medium,0.0,1.0,0.0,saw ron burgundy captaining party boat yeah,0.21991701244813278
ham,I'm serious. You are in the money base,0,38,short,0.0,0.0,1.0,im serious money base,0.14937759336099585
ham,Already one guy loving you:-.,0,29,short,0.0,0.0,1.0,already one guy loving,0.11203319502074689
ham,Staff of placement training in Amrita college.,0,46,medium,0.0,1.0,0.0,staff placement training amrita college,0.1825726141078838
ham,I always chat with you. In fact i need money can you raise me?,0,62,medium,0.0,1.0,0.0,always chat fact need money raise,0.24896265560165973
ham,I'm job profile seems like bpo..,0,32,short,0.0,0.0,1.0,im job profile seems like bpo,0.12448132780082988
ham,"Well, I was about to give up cos they all said no they didnÛ÷t do one nighters. I persevered and found one but it is very cheap so i apologise in advance. It is just somewhere to sleep isnt it?",0,194,long,1.0,0.0,0.0,well give cos said didnû÷t one nighters persevered found one cheap apologise advance somewhere sleep isnt,0.7966804979253113
ham,Are you willing to go for apps class.,0,37,short,0.0,0.0,1.0,willing go apps class,0.14522821576763487
ham,Hanging out with my brother and his family,0,42,medium,0.0,1.0,0.0,hanging brother family,0.16597510373443983
ham,No it will reach by 9 only. She telling she will be there. I dont know,0,70,medium,0.0,1.0,0.0,reach telling dont know,0.2821576763485477
ham,Hey... are you going to quit soon? Xuhui and i working till end of the month ,0,77,medium,0.0,1.0,0.0,hey going quit soon xuhui working till end month,0.31120331950207464
ham,"Im sorry bout last nite it wasnåÕt ur fault it was me, spouse it was pmt or sumthin! U 4give me? I think u shldxxxx",0,115,long,1.0,0.0,0.0,im sorry bout last nite wasnåõt ur fault spouse pmt sumthin give think shldxxxx,0.46887966804979253
ham,Try neva mate!!,0,15,short,0.0,0.0,1.0,try neva mate,0.05394190871369295
ham,Yeah that'd pretty much be the best case scenario,0,49,medium,0.0,1.0,0.0,yeah thatd pretty much best case scenario,0.1950207468879668
ham,I not free today i haf 2 pick my parents up tonite...,0,53,medium,0.0,1.0,0.0,free today haf pick parents tonite,0.21161825726141079
ham,"\HEY BABE! FAR 2 SPUN-OUT 2 SPK AT DA MO... DEAD 2 DA WRLD. BEEN SLEEPING ON DA SOFA ALL DAY  HAD A COOL NYTHO  TX 4 FONIN HON  CALL 2MWEN IM BK FRMCLOUD 9! J X\""""",0,163,long,1.0,0.0,0.0,hey babe far spunout spk da mo dead da wrld sleeping da sofa day cool nytho tx fonin hon call mwen im bk frmcloud,0.6680497925311204
ham,Should i send you naughty pix? :),0,33,short,0.0,0.0,1.0,send naughty pix,0.1286307053941909
spam,"You are a å£1000 winner or Guaranteed Caller Prize, this is our Final attempt to contact you! To Claim Call 09071517866 Now! 150ppmPOBox10183BhamB64XE",1,150,long,1.0,0.0,0.0,å£ winner guaranteed caller prize final attempt contact claim call ppmpobox bhamb xe,0.6141078838174274
spam,"Xmas & New Years Eve tickets are now on sale from the club, during the day from 10am till 8pm, and on Thurs, Fri & Sat night this week. They're selling fast!",1,157,long,1.0,0.0,0.0,xmas new years eve tickets sale club day till pm thurs fri sat night week theyre selling fast,0.6431535269709544
ham,"Tyler (getting an 8th) has to leave not long after 9, can you get here in like an hour?",0,87,medium,0.0,1.0,0.0,tyler getting th leave long get like hour,0.3526970954356846
ham,Prepare to be pounded every night...,0,36,short,0.0,0.0,1.0,prepare pounded every night,0.14107883817427386
ham,"Actually, my mobile is full of msg. And i m doing a work online, where i need to send them  &lt;#&gt;  sent msg i wil explain u later.",0,134,long,1.0,0.0,0.0,actually mobile full msg work online need send ltgt sent msg wil explain later,0.5477178423236515
ham,Good evening! How are you?,0,26,short,0.0,0.0,1.0,good evening,0.09958506224066391
ham,I'm at home. Please call,0,24,short,0.0,0.0,1.0,im home please call,0.09128630705394192
ham,Oic cos me n my sis got no lunch today my dad went out... So dunno whether 2 eat in sch or wat...,0,97,medium,0.0,1.0,0.0,oic cos sis got lunch today dad went dunno whether eat sch wat,0.3941908713692946
ham,"Mmmmm ... It was sooooo good to wake to your words this morning, my Love!! Mmmm fuck ... I love you too, my Lion ... *devouring kiss from across the sea*",0,153,long,1.0,0.0,0.0,mmmmm sooooo good wake words morning love mmmm fuck love lion devouring kiss across sea,0.6265560165975104
ham,We are pleased to inform that your application for Airtel Broadband is processed successfully. Your installation will happen within 3 days.,0,139,long,1.0,0.0,0.0,pleased inform application airtel broadband processed successfully installation happen within days,0.5684647302904564
ham,What happen dear. Why you silent. I am tensed,0,45,medium,0.0,1.0,0.0,happen dear silent tensed,0.17842323651452283
ham,"I'll get there at 3, unless you guys want me to come some time sooner",0,69,medium,0.0,1.0,0.0,ill get unless guys want come time sooner,0.2780082987551867
ham,If you are not coughing then its nothing,0,40,medium,0.0,1.0,0.0,coughing nothing,0.15767634854771784
ham,ÌÏ come lt 25 n pass to me lar,0,30,short,0.0,0.0,1.0,ìï come lt pass lar,0.11618257261410789
ham,I'm e person who's doing e sms survey...,0,40,medium,0.0,1.0,0.0,im person whos sms survey,0.15767634854771784
ham,Lol ok ill try to send. Be warned Sprint is dead slow. You'll prolly get it tomorrow,0,84,medium,0.0,1.0,0.0,lol ok ill try send warned sprint dead slow youll prolly get tomorrow,0.3402489626556016
ham,Thank You meet you monday,0,25,short,0.0,0.0,1.0,thank meet monday,0.09543568464730291
ham,SO IS TH GOWER MATE WHICH IS WHERE I AM!?! HOW R U MAN? ALL IS GOOD IN WALES ILL B BACK åÔMORROW. C U THIS WK? WHO WAS THE MSG 4? åÐ RANDOM!,0,140,long,1.0,0.0,0.0,th gower mate man good wales ill back åômorrow wk msg åð random,0.5726141078838175
spam,"Rock yr chik. Get 100's of filthy films &XXX pics on yr phone now. rply FILTH to 69669. Saristar Ltd, E14 9YT 08701752560. 450p per 5 days. Stop2 cancel",1,152,long,1.0,0.0,0.0,rock yr chik get filthy films xxx pics yr phone rply filth saristar ltd yt per days stop cancel,0.6224066390041494
ham,"I got like $ &lt;#&gt; , I can get some more later though. Get whatever you feel like",0,85,medium,0.0,1.0,0.0,got like ltgt get later though get whatever feel like,0.34439834024896265
ham,"Dad wanted to talk about the apartment so I got a late start, omw now",0,69,medium,0.0,1.0,0.0,dad wanted talk apartment got late start omw,0.2780082987551867
ham,I love you both too :-),0,23,short,0.0,0.0,1.0,love,0.08713692946058091
ham,Lol u still feeling sick?,0,25,short,0.0,0.0,1.0,lol still feeling sick,0.09543568464730291
ham,Din i tell u jus now 420,0,24,short,0.0,0.0,1.0,din tell jus,0.09128630705394192
ham,am up to my eyes in philosophy,0,30,short,0.0,0.0,1.0,eyes philosophy,0.11618257261410789
spam,From next month get upto 50% More Calls 4 Ur standard network charge 2 activate Call 9061100010 C Wire3.net 1st4Terms PoBox84 M26 3UZ Cost å£1.50 min MobcudB more,1,162,long,1.0,0.0,0.0,next month get upto calls ur standard network charge activate call wire net st terms pobox uz cost å£ min mobcudb,0.6639004149377594
ham,Ok lor. I'm in town now lei.,0,28,short,0.0,0.0,1.0,ok lor im town lei,0.1078838174273859
ham,I had it already..sabarish asked me to go..,0,43,medium,0.0,1.0,0.0,alreadysabarish asked go,0.17012448132780084
ham,No da. . Vijay going to talk in jaya tv,0,39,short,0.0,0.0,1.0,da vijay going talk jaya tv,0.15352697095435686
spam,URGENT! We are trying to contact U Todays draw shows that you have won a å£800 prize GUARANTEED. Call 09050000460 from land line. Claim J89. po box245c2150pm,1,157,long,1.0,0.0,0.0,urgent trying contact todays draw shows å£ prize guaranteed call land line claim po box pm,0.6431535269709544
ham,Lol I know! Hey someone did a great inpersonation of flea on the forums. I love it!,0,83,medium,0.0,1.0,0.0,lol know hey someone great inpersonation flea forums love,0.33609958506224064
spam,Text BANNEDUK to 89555 to see! cost 150p textoperator g696ga 18+ XXX,1,68,medium,0.0,1.0,0.0,text banneduk see cost textoperator ga xxx,0.2738589211618257
ham,Still chance there. If you search hard you will get it..let have a try :),0,73,medium,0.0,1.0,0.0,still chance search hard get itlet try,0.29460580912863066
spam,"Auction round 4. The highest bid is now å£54. Next maximum bid is å£71. To bid, send BIDS e. g. 10 (to bid å£10) to 83383. Good luck.",1,133,long,1.0,0.0,0.0,auction round highest bid å£ next maximum bid å£ bid send bids bid å£ good luck,0.5435684647302905
ham,Do you always celebrate NY's with your family ?,0,47,medium,0.0,1.0,0.0,always celebrate nys family,0.18672199170124482
ham,Its ok..come to my home it vl nice to meet and v can chat..,0,59,medium,0.0,1.0,0.0,okcome home vl nice meet chat,0.23651452282157676
spam,Collect your VALENTINE'S weekend to PARIS inc Flight & Hotel + å£200 Prize guaranteed! Text: PARIS to No: 69101. www.rtf.sphosting.com,1,134,long,1.0,0.0,0.0,collect valentines weekend paris inc flight hotel å£ prize guaranteed text paris,0.5477178423236515
ham,Sent me de webadres for geting salary slip,0,42,medium,0.0,1.0,0.0,sent de webadres geting salary slip,0.16597510373443983
ham,She's fine. Sends her greetings,0,31,short,0.0,0.0,1.0,shes fine sends greetings,0.12033195020746887
spam,Customer Loyalty Offer:The NEW Nokia6650 Mobile from ONLY å£10 at TXTAUCTION! Txt word: START to No: 81151 & get yours Now! 4T&Ctxt TC 150p/MTmsg,1,145,long,1.0,0.0,0.0,customer loyalty offerthe new nokia mobile å£ txtauction txt word start get tctxt tc pmtmsg,0.5933609958506224
ham,But you dint in touch with me.,0,30,short,0.0,0.0,1.0,dint touch,0.11618257261410789
ham,"Yup, leaving right now, be back soon",0,36,short,0.0,0.0,1.0,yup leaving right back soon,0.14107883817427386
spam,You won't believe it but it's true. It's Incredible Txts! Reply G now to learn truly amazing things that will blow your mind. From O2FWD only 18p/txt,1,149,long,1.0,0.0,0.0,wont believe true incredible txts reply learn truly amazing things blow mind fwd ptxt,0.6099585062240664
ham,Yeah sure I'll leave in a min,0,29,short,0.0,0.0,1.0,yeah sure ill leave min,0.11203319502074689
ham,And do you have any one that can teach me how to ship cars.,0,59,medium,0.0,1.0,0.0,one teach ship cars,0.23651452282157676
ham,"The sign of maturity is not when we start saying big things.. But actually it is, when we start understanding small things... *HAVE A NICE EVENING* BSLVYL",0,154,long,1.0,0.0,0.0,sign maturity start saying big things actually start understanding small things nice evening bslvyl,0.6307053941908713
ham,Yeah confirmed for you staying at  that weekend,0,47,medium,0.0,1.0,0.0,yeah confirmed staying weekend,0.18672199170124482
ham,They said Ì_ dun haf passport or smth like dat.. Or Ì_ juz send to my email account..  ,0,87,medium,0.0,1.0,0.0,said dun haf passport smth like dat juz send email account,0.3526970954356846
ham,"Multiply the numbers independently and count decimal points then, for the division, push the decimal places like i showed you.",0,126,long,1.0,0.0,0.0,multiply numbers independently count decimal points division push decimal places like showed,0.5145228215767635
ham,"Have a lovely night and when you wake up to see this message, i hope you smile knowing all is as should be. Have a great morning",0,128,long,1.0,0.0,0.0,lovely night wake see message hope smile knowing great morning,0.5228215767634855
ham,Ard 4 lor...,0,12,short,0.0,0.0,1.0,ard lor,0.041493775933609964
ham,You are right. Meanwhile how's project twins comin up,0,53,medium,0.0,1.0,0.0,right meanwhile hows project twins comin,0.21161825726141079
ham,I sent your maga that money yesterday oh.,0,41,medium,0.0,1.0,0.0,sent maga money yesterday oh,0.16182572614107885
spam,I am hot n horny and willing I live local to you - text a reply to hear strt back from me 150p per msg Netcollex LtdHelpDesk: 02085076972 reply Stop to end,1,155,long,1.0,0.0,0.0,hot horny willing live local text reply hear strt back per msg netcollex ltdhelpdesk reply stop end,0.6348547717842324
ham,Our ride equally uneventful - not too many of those pesky cyclists around at that time of night ;).,0,99,medium,0.0,1.0,0.0,ride equally uneventful many pesky cyclists around time night,0.40248962655601656
ham,If you were/are free i can give. Otherwise nalla adi entey nattil kittum,0,72,medium,0.0,1.0,0.0,wereare free give otherwise nalla adi entey nattil kittum,0.2904564315352697
ham,I've sent my wife your text. After we buy them she'll tell you what to do. So just relax. We should go get them this wkend.,0,123,long,1.0,0.0,0.0,ive sent wife text buy shell tell relax go get wkend,0.5020746887966805
ham,I am in escape theatre now. . Going to watch KAVALAN in a few minutes,0,69,medium,0.0,1.0,0.0,escape theatre going watch kavalan minutes,0.2780082987551867
ham,How much would it cost to hire a hitman,0,39,short,0.0,0.0,1.0,much would cost hire hitman,0.15352697095435686
ham,I anything lor...,0,17,short,0.0,0.0,1.0,anything lor,0.06224066390041494
spam,Do you want a New Nokia 3510i Colour Phone Delivered Tomorrow? With 200 FREE minutes to any mobile + 100 FREE text + FREE camcorder Reply or Call 08000930705,1,157,long,1.0,0.0,0.0,want new nokia colour phone delivered tomorrow free minutes mobile free text free camcorder reply call,0.6431535269709544
ham,Huh but i cant go 2 ur house empty handed right?,0,48,medium,0.0,1.0,0.0,huh cant go ur house empty handed right,0.19087136929460582
ham,Good morning princess! Happy New Year!,0,38,short,0.0,0.0,1.0,good morning princess happy new year,0.14937759336099585
spam,Congratulations YOU'VE Won. You're a Winner in our August å£1000 Prize Draw. Call 09066660100 NOW. Prize Code 2309.,1,115,long,1.0,0.0,0.0,congratulations youve youre winner august å£ prize draw call prize code,0.46887966804979253
ham,"Aight, we'll head out in a few",0,30,short,0.0,0.0,1.0,aight well head,0.11618257261410789
ham,Then wat r u doing now? Busy wif work?,0,38,short,0.0,0.0,1.0,wat busy wif work,0.14937759336099585
ham,I know you mood off today,0,25,short,0.0,0.0,1.0,know mood today,0.09543568464730291
ham,"Jay told me already, will do",0,28,short,0.0,0.0,1.0,jay told already,0.1078838174273859
ham,Cps is causing the outages to conserve energy.,0,46,medium,0.0,1.0,0.0,cps causing outages conserve energy,0.1825726141078838
ham,"I'm not sure, I was just checking out what was happening around the area",0,72,medium,0.0,1.0,0.0,im sure checking happening around area,0.2904564315352697
ham,Hey morning what you come to ask:-) pa...,0,41,medium,0.0,1.0,0.0,hey morning come ask pa,0.16182572614107885
ham,Jordan got voted out last nite!,0,31,short,0.0,0.0,1.0,jordan got voted last nite,0.12033195020746887
ham,"That means you got an A in epi, she.s fine. She.s here now.",0,59,medium,0.0,1.0,0.0,means got epi shes fine shes,0.23651452282157676
ham,I have no idea where you are,0,28,short,0.0,0.0,1.0,idea,0.1078838174273859
ham,Pls come quick cant bare this.,0,30,short,0.0,0.0,1.0,pls come quick cant bare,0.11618257261410789
ham,"Call me. I m unable to cal. Lets meet bhaskar, and deep",0,55,medium,0.0,1.0,0.0,call unable cal lets meet bhaskar deep,0.21991701244813278
ham,No. I.ll meet you in the library,0,32,short,0.0,0.0,1.0,ill meet library,0.12448132780082988
ham,"K, my roommate also wants a dubsack and another friend may also want some so plan on bringing extra, I'll tell you when they know for sure",0,138,long,1.0,0.0,0.0,roommate also wants dubsack another friend may also want plan bringing extra ill tell know sure,0.5643153526970954
ham,Depends on individual lor e hair dresser say pretty but my parents say look gong. U kaypoh.. I also dunno wat she collecting.,0,125,long,1.0,0.0,0.0,depends individual lor hair dresser say pretty parents say look gong kaypoh also dunno wat collecting,0.5103734439834026
ham,Ok c Ì_ then.,0,13,short,0.0,0.0,1.0,ok,0.04564315352697096
ham,I enjoy watching and playing football and basketball. Anything outdoors. And you?,0,81,medium,0.0,1.0,0.0,enjoy watching playing football basketball anything outdoors,0.3278008298755187
ham,"Can you please ask macho what his price range is, does he want something new or used plus it he only interfued in the blackberry bold  &lt;#&gt;  or any bb",0,155,long,1.0,0.0,0.0,please ask macho price range want something new used plus interfued blackberry bold ltgt bb,0.6348547717842324
ham,Sorry sent blank msg again. Yup but trying 2 do some serious studying now.,0,74,medium,0.0,1.0,0.0,sorry sent blank msg yup trying serious studying,0.2987551867219917
ham,Hey check it da. I have listed da.,0,34,short,0.0,0.0,1.0,hey check da listed da,0.13278008298755187
spam,8007 25p 4 Alfie Moon's Children in Need song on ur mob. Tell ur m8s. Txt TONE CHARITY to 8007 for nokias or POLY CHARITY for polys :zed 08701417012 profit 2 charity ,1,166,long,1.0,0.0,0.0,alfie moons children need song ur mob tell ur txt tone charity nokias poly charity polys zed profit charity,0.6804979253112033
ham,I meant as an apology from me for texting you to get me drugs at  &lt;#&gt; at night,0,84,medium,0.0,1.0,0.0,meant apology texting get drugs ltgt night,0.3402489626556016
ham,That means from february to april i'll be getting a place to stay down there so i don't have to hustle back and forth during audition season as i have since my sister moved away from harlem.,0,190,long,1.0,0.0,0.0,means february april ill getting place stay dont hustle back forth audition season since sister moved away harlem,0.7800829875518672
ham,Goin to workout lor... Muz lose e fats... ,0,42,medium,0.0,1.0,0.0,goin workout lor muz lose fats,0.16597510373443983
ham,"Damn, poor zac doesn't stand a chance",0,37,short,0.0,0.0,1.0,damn poor zac doesnt stand chance,0.14522821576763487
ham,I want to tel u one thing u should not mistake me k THIS IS THE MESSAGE THAT YOU SENT:),0,87,medium,0.0,1.0,0.0,want tel one thing mistake message sent,0.3526970954356846
ham,Yeah right! I'll bring my tape measure fri!,0,43,medium,0.0,1.0,0.0,yeah right ill bring tape measure fri,0.17012448132780084
ham,Should I head straight there or what,0,36,short,0.0,0.0,1.0,head straight,0.14107883817427386
spam,Get the official ENGLAND poly ringtone or colour flag on yer mobile for tonights game! Text TONE or FLAG to 84199. Optout txt ENG STOP Box39822 W111WX å£1.50,1,157,long,1.0,0.0,0.0,get official england poly ringtone colour flag yer mobile tonights game text tone flag optout txt eng stop box wx å£,0.6431535269709544
ham,Thank you princess! You are so sexy...,0,38,short,0.0,0.0,1.0,thank princess sexy,0.14937759336099585
ham,Oooh I got plenty of those!,0,27,short,0.0,0.0,1.0,oooh got plenty,0.1037344398340249
ham,Hui xin is in da lib.,0,21,short,0.0,0.0,1.0,hui xin da lib,0.07883817427385892
ham,Its a big difference.  &lt;#&gt;  versus  &lt;#&gt;  every  &lt;#&gt; hrs,0,73,medium,0.0,1.0,0.0,big difference ltgt versus ltgt every ltgt hrs,0.29460580912863066
ham,"It's not that you make me cry. It's just that when all our stuff happens on top of everything else, it pushes me over the edge. You don't underdtand how often i cry over my sorry, sorry life.",0,191,long,1.0,0.0,0.0,make cry stuff happens top everything else pushes edge dont underdtand often cry sorry sorry life,0.7842323651452282
ham,"\ME 2 BABE I FEEL THE SAME LETS JUST 4GET ABOUT IT+BOTH TRY +CHEER UP+NOT FIT SOO MUCHXXLOVE U LOCAXX\""""",0,104,long,1.0,0.0,0.0,babe feel lets get itboth try cheer upnot fit soo muchxxlove locaxx,0.42323651452282157
ham,You know what hook up means right?,0,34,short,0.0,0.0,1.0,know hook means right,0.13278008298755187
spam,"Customer service announcement. We recently tried to make a delivery to you but were unable to do so, please call 07090298926 to re-schedule. Ref:9307622",1,152,long,1.0,0.0,0.0,customer service announcement recently tried make delivery unable please call reschedule ref,0.6224066390041494
ham,Wat's da model num of ur phone?,0,31,short,0.0,0.0,1.0,wats da model num ur phone,0.12033195020746887
ham,He's really into skateboarding now despite the fact that he gets thrown off of it and winds up with bandages and shit all over his arms every five minutes,0,154,long,1.0,0.0,0.0,hes really skateboarding despite fact gets thrown winds bandages shit arms every five minutes,0.6307053941908713
spam,"You can stop further club tones by replying \STOP MIX\"" See my-tone.com/enjoy. html for terms. Club tones cost GBP4.50/week. MFL  PO Box 1146 MK45 2WT (2/3)""",1,157,long,1.0,0.0,0.0,stop club tones replying stop mix see mytonecomenjoy html terms club tones cost gbp week mfl po box mk wt,0.6431535269709544
ham,My house here e sky quite dark liao... If raining then got excuse not 2 run already rite... Hee...,0,98,medium,0.0,1.0,0.0,house sky quite dark liao raining got excuse run already rite hee,0.3983402489626556
ham,"Sorry, left phone upstairs. OK, might be hectic but would be all my birds with one fell swoop. It's a date.",0,107,long,1.0,0.0,0.0,sorry left phone upstairs ok might hectic would birds one fell swoop date,0.4356846473029045
ham,* Thought I didn't see you.,0,27,short,0.0,0.0,1.0,thought didnt see,0.1037344398340249
spam,wamma get laid?want real doggin locations sent direct to your mobile? join the UKs largest dogging network. txt dogs to 69696 now!nyt. ec2a. 3lp å£1.50/msg.,1,156,long,1.0,0.0,0.0,wamma get laidwant real doggin locations sent direct mobile join uks largest dogging network txt dogs nownyt ec lp å£ msg,0.6390041493775934
ham,Carlos says we can pick up from him later so yeah we're set,0,59,medium,0.0,1.0,0.0,carlos says pick later yeah set,0.23651452282157676
ham,"Hey babe, my friend had to cancel, still up for a visit ?",0,57,medium,0.0,1.0,0.0,hey babe friend cancel still visit,0.22821576763485477
ham,Hmm ill have to think about it... ok you're forgiven! =D,0,56,medium,0.0,1.0,0.0,hmm ill think ok youre forgiven,0.22406639004149378
ham,"We are hoping to get away by 7, from Langport. You still up for town tonight?",0,77,medium,0.0,1.0,0.0,hoping get away langport still town tonight,0.31120331950207464
ham,Want to send me a virtual hug?... I need one,0,44,medium,0.0,1.0,0.0,want send virtual hug need one,0.17427385892116182
ham,"Probably not, still going over some stuff here",0,46,medium,0.0,1.0,0.0,probably still going stuff,0.1825726141078838
ham,It has issues right now. Ill fix for her by tomorrow.,0,53,medium,0.0,1.0,0.0,issues right ill fix tomorrow,0.21161825726141079
ham,Why i come in between you people,0,32,short,0.0,0.0,1.0,come people,0.12448132780082988
ham,Senthil group company Apnt 5pm.,0,31,short,0.0,0.0,1.0,senthil group company apnt pm,0.12033195020746887
ham,Oh really?? Did you make it on air? What's your talent?,0,55,medium,0.0,1.0,0.0,oh really make air whats talent,0.21991701244813278
ham,Studying. But i.ll be free next weekend.,0,40,medium,0.0,1.0,0.0,studying ill free next weekend,0.15767634854771784
ham,R u here yet? I'm wearing blue shirt n black pants.,0,51,medium,0.0,1.0,0.0,yet im wearing blue shirt black pants,0.2033195020746888
ham,Wait.i will come out.. &lt;#&gt;  min:),0,39,short,0.0,0.0,1.0,waiti come ltgt min,0.15352697095435686
ham,I will reach ur home in  &lt;#&gt;  minutes,0,43,medium,0.0,1.0,0.0,reach ur home ltgt minutes,0.17012448132780084
ham,Well then you have a great weekend!,0,35,short,0.0,0.0,1.0,well great weekend,0.13692946058091288
ham,"What are you doing in langport? Sorry, but I'll probably be in bed by 9pm. It sucks being ill at xmas! When do you and go2sri lanka? ",0,133,long,1.0,0.0,0.0,langport sorry ill probably bed pm sucks ill xmas go sri lanka,0.5435684647302905
ham,"Frnd s not juz a word.....not merely a relationship.....its a silent promise which says ... \ I will be with YOU \"" Wherevr.. Whenevr.. Forevr... Gudnyt dear..""",0,160,long,1.0,0.0,0.0,frnd juz wordnot merely relationshipits silent promise says wherevr whenevr forevr gudnyt dear,0.6556016597510373
ham,Huh? 6 also cannot? Then only how many mistakes?,0,48,medium,0.0,1.0,0.0,huh also cannot many mistakes,0.19087136929460582
ham,Ha... U jus ate honey ar? So sweet...,0,37,short,0.0,0.0,1.0,ha jus ate honey ar sweet,0.14522821576763487
ham,I'm turning off my phone. My moms telling everyone I have cancer. And my sister won't stop calling. It hurts to talk. Can't put up with it. See u when u get home. Love u,0,169,long,1.0,0.0,0.0,im turning phone moms telling everyone cancer sister wont stop calling hurts talk cant put see get home love,0.6929460580912863
ham,"Honey ? Sweetheart ? Darling ? Sexy buns ? Sugar plum ? Loverboy ? I miss you, boytoy ... *smacks your ass* Did you go to the gym too ?",0,135,long,1.0,0.0,0.0,honey sweetheart darling sexy buns sugar plum loverboy miss boytoy smacks ass go gym,0.5518672199170125
ham,Thanks for loving me so. You rock,0,33,short,0.0,0.0,1.0,thanks loving rock,0.1286307053941909
ham,Yeah imma come over cause jay wants to do some drugs,0,52,medium,0.0,1.0,0.0,yeah imma come cause jay wants drugs,0.2074688796680498
ham,Ok thanx... Take care then...,0,29,short,0.0,0.0,1.0,ok thanx take care,0.11203319502074689
ham,Yup. Thk of u oso boring wat.,0,29,short,0.0,0.0,1.0,yup thk oso boring wat,0.11203319502074689
ham," came to look at the flat, seems ok, in his 50s? * Is away alot wiv work. Got woman coming at 6.30 too.",0,103,long,1.0,0.0,0.0,came look flat seems ok away alot wiv work got woman coming,0.41908713692946054
ham,Moji just informed me that you saved our lives. Thanks.,0,55,medium,0.0,1.0,0.0,moji informed saved lives thanks,0.21991701244813278
ham,Whos this am in class:-),0,24,short,0.0,0.0,1.0,whos class,0.09128630705394192
ham,Hey r Ì_ still online? I've finished the formatting...,0,54,medium,0.0,1.0,0.0,hey still online ive finished formatting,0.2157676348547718
ham,Great! So what attracts you to the brothas?,0,43,medium,0.0,1.0,0.0,great attracts brothas,0.17012448132780084
spam,Promotion Number: 8714714 - UR awarded a City Break and could WIN a å£200 Summer Shopping spree every WK. Txt STORE to 88039 . SkilGme. TsCs087147403231Winawk!Age16 å£1.50perWKsub,1,179,long,1.0,0.0,0.0,promotion number ur awarded city break could win å£ summer shopping spree every wk txt store skilgme tscs winawkage å£ perwksub,0.7344398340248963
ham,LOL what happens in Vegas stays in vegas,0,40,medium,0.0,1.0,0.0,lol happens vegas stays vegas,0.15767634854771784
ham,"Hello, hello, hi lou sorry it took so long 2 reply- I left mobile at friends in Lancaster, just got it bak Neway im sorry I couldnåÕt make ur båÕday 2 hun!",0,155,long,1.0,0.0,0.0,hello hello hi lou sorry took long reply left mobile friends lancaster got bak neway im sorry couldnåõt make ur båõday hun,0.6348547717842324
ham,When did i use soc... I use it only at home... ÌÏ dunno how 2 type it in word ar...,0,83,medium,0.0,1.0,0.0,use soc use home ìï dunno type word ar,0.33609958506224064
ham,Dad says hurry the hell up,0,26,short,0.0,0.0,1.0,dad says hurry hell,0.09958506224066391
ham,Wake me up at  &lt;#&gt;  am morning:),0,38,short,0.0,0.0,1.0,wake ltgt morning,0.14937759336099585
ham,"I get out of class in bsn in like  &lt;#&gt;  minutes, you know where advising is?",0,82,medium,0.0,1.0,0.0,get class bsn like ltgt minutes know advising,0.33195020746887965
ham,Great! I shoot big loads so get ready!,0,38,short,0.0,0.0,1.0,great shoot big loads get ready,0.14937759336099585
ham,I'll meet you in the lobby,0,26,short,0.0,0.0,1.0,ill meet lobby,0.09958506224066391
ham,You still coming tonight?,0,25,short,0.0,0.0,1.0,still coming tonight,0.09543568464730291
ham,What happen dear tell me,0,24,short,0.0,0.0,1.0,happen dear tell,0.09128630705394192
ham,"Sir, i am waiting for your call, once free please call me.",0,58,medium,0.0,1.0,0.0,sir waiting call free please call,0.23236514522821577
ham,I was about to do it when i texted. I finished a long time ago and showered and er'ything!,0,90,medium,0.0,1.0,0.0,texted finished long time ago showered erything,0.3651452282157676
ham,Ok im not sure what time i finish tomorrow but i wanna spend the evening with you cos that would be vewy vewy lubly! Love me xxx,0,128,long,1.0,0.0,0.0,ok im sure time finish tomorrow wanna spend evening cos would vewy vewy lubly love xxx,0.5228215767634855
ham,"Hello, As per request from  &lt;#&gt;  Rs.5 has been transfered to you",0,70,medium,0.0,1.0,0.0,hello per request ltgt rs transfered,0.2821576763485477
ham,I am in tirupur.  call you da.,0,30,short,0.0,0.0,1.0,tirupur call da,0.11618257261410789
spam,You are a winner you have been specially selected to receive å£1000 cash or a å£2000 award. Speak to a live operator to claim call 087147123779am-7pm. Cost 10p,1,159,long,1.0,0.0,0.0,winner specially selected receive å£ cash å£ award speak live operator claim call pm cost,0.6514522821576764
ham,S:)but he had some luck.2 catches put down:),0,44,medium,0.0,1.0,0.0,sbut luck catches put,0.17427385892116182
ham,How i noe... Did Ì_ specify da domain as nusstu... ÌÏ still in sch...,0,69,medium,0.0,1.0,0.0,noe specify da domain nusstu ìï still sch,0.2780082987551867
ham,Oh...i asked for fun. Haha...take care. Ì_,0,42,medium,0.0,1.0,0.0,ohi asked fun hahatake care,0.16597510373443983
ham,Shall i get my pouch?,0,21,short,0.0,0.0,1.0,shall get pouch,0.07883817427385892
ham,Hey loverboy! I love you !! I had to tell ... I look at your picture and ache to feel you between my legs ... Fuck I want you ... I need you ... I crave you .,0,158,long,1.0,0.0,0.0,hey loverboy love tell look picture ache feel legs fuck want need crave,0.6473029045643154
ham,"How is my boy? No sweet words left for me this morning ... *sighs* ... How goes you day, my love ? Did you start your studying?",0,127,long,1.0,0.0,0.0,boy sweet words left morning sighs goes day love start studying,0.5186721991701245
ham,Kent vale lor... ÌÏ wait 4 me there ar?,0,39,short,0.0,0.0,1.0,kent vale lor ìï wait ar,0.15352697095435686
ham,Ok. Very good. Its all about making that money.,0,47,medium,0.0,1.0,0.0,ok good making money,0.18672199170124482
ham,Reading gud habit.. Nan bari hudgi yorge pataistha ertini kano:-),0,65,medium,0.0,1.0,0.0,reading gud habit nan bari hudgi yorge pataistha ertini kano,0.2614107883817427
ham,Aight do you still want to get money,0,36,short,0.0,0.0,1.0,aight still want get money,0.14107883817427386
ham,ARE YOU IN TOWN? THIS IS V. IMPORTANT,0,37,short,0.0,0.0,1.0,town important,0.14522821576763487
ham,"Sorry pa, i dont knw who ru pa?",0,31,short,0.0,0.0,1.0,sorry pa dont knw ru pa,0.12033195020746887
ham,Wat u doing there?,0,18,short,0.0,0.0,1.0,wat,0.06639004149377593
ham,If i not meeting Ì_ all rite then i'll go home lor. If Ì_ dun feel like comin it's ok.,0,86,medium,0.0,1.0,0.0,meeting rite ill go home lor dun feel like comin ok,0.34854771784232363
ham,"Oh, i will get paid. The most outstanding one is for a commercial i did for Hasbro...in AUGUST! They made us jump through so many hoops to get paid. Still not.",0,159,long,1.0,0.0,0.0,oh get paid outstanding one commercial hasbroin august made us jump many hoops get paid still,0.6514522821576764
ham,"I am late,so call you tomorrow morning.take care sweet dreams....u and me...ummifying...bye.",0,92,medium,0.0,1.0,0.0,lateso call tomorrow morningtake care sweet dreamsu meummifyingbye,0.3734439834024896
ham,Networking technical support associate.,0,39,short,0.0,0.0,1.0,networking technical support associate,0.15352697095435686
ham,I'm gonna rip out my uterus.,0,28,short,0.0,0.0,1.0,im gonna rip uterus,0.1078838174273859
ham,Cool. Do you like swimming? I have a pool and jacuzzi at my house.,0,66,medium,0.0,1.0,0.0,cool like swimming pool jacuzzi house,0.26556016597510373
spam,"Thanks for your ringtone order, reference number X49. Your mobile will be charged 4.50. Should your tone not arrive please call customer services 09065989182. From: [colour=red]text[/colour]TXTstar",1,197,long,1.0,0.0,0.0,thanks ringtone order reference number mobile charged tone arrive please call customer services colourredtextcolourtxtstar,0.8091286307053942
ham,"Yeah why not, is the gang all ready",0,35,short,0.0,0.0,1.0,yeah gang ready,0.13692946058091288
ham,Blank is Blank. But wat is blank? Lol,0,37,short,0.0,0.0,1.0,blank blank wat blank lol,0.14522821576763487
ham,I'm in a movie... Collect car oredi...,0,38,short,0.0,0.0,1.0,im movie collect car oredi,0.14937759336099585
ham,We left already we at orchard now.,0,34,short,0.0,0.0,1.0,left already orchard,0.13278008298755187
spam,"Hi there, 2nights ur lucky night! Uve been invited 2 XCHAT, the Uks wildest chat! Txt CHAT to 86688 now! 150p/MsgrcvdHG/Suite342/2Lands/Row/W1J6HL LDN 18yrs",1,156,long,1.0,0.0,0.0,hi nights ur lucky night uve invited xchat uks wildest chat txt chat pmsgrcvdhgsuite landsroww hl ldn yrs,0.6390041493775934
ham,Nothing spl..wat abt u and whr ru?,0,34,short,0.0,0.0,1.0,nothing splwat abt whr ru,0.13278008298755187
ham,No chikku nt yet.. Ya i'm free,0,30,short,0.0,0.0,1.0,chikku nt yet ya im free,0.11618257261410789
ham,"Aldrine, rakhesh ex RTM here.pls call.urgent.",0,45,medium,0.0,1.0,0.0,aldrine rakhesh ex rtm herepls callurgent,0.17842323651452283
ham,The search 4 happiness is 1 of d main sources of unhappiness! Accept life the way it comes! U will find happiness in every moment u live.,0,137,long,1.0,0.0,0.0,search happiness main sources unhappiness accept life way comes find happiness every moment live,0.5601659751037344
ham,"I guess you could be as good an excuse as any, lol.",0,51,medium,0.0,1.0,0.0,guess could good excuse lol,0.2033195020746888
ham,Old Orchard near univ. How about you?,0,37,short,0.0,0.0,1.0,old orchard near univ,0.14522821576763487
ham,"4 tacos + 1 rajas burrito, right?",0,33,short,0.0,0.0,1.0,tacos rajas burrito right,0.1286307053941909
ham,"ItÛ÷s å£6 to get in, is that ok?",0,33,short,0.0,0.0,1.0,itû÷s å£ get ok,0.1286307053941909
ham,Hows the street where the end of library walk is?,0,49,medium,0.0,1.0,0.0,hows street end library walk,0.1950207468879668
ham,We stopped to get ice cream and will go back after,0,50,medium,0.0,1.0,0.0,stopped get ice cream go back,0.19917012448132781
ham,Did you stitch his trouser,0,26,short,0.0,0.0,1.0,stitch trouser,0.09958506224066391
spam,2/2 146tf150p,1,13,short,0.0,0.0,1.0,tf,0.04564315352697096
ham,Hey i'm bored... So i'm thinking of u... So wat r u doing?,0,58,medium,0.0,1.0,0.0,hey im bored im thinking wat,0.23236514522821577
ham,"Nah, Wednesday. When should I bring the mini cheetos bag over?",0,62,medium,0.0,1.0,0.0,nah wednesday bring mini cheetos bag,0.24896265560165973
ham,Nobody names their penis a girls name this story doesn't add up at all,0,70,medium,0.0,1.0,0.0,nobody names penis girls name story doesnt add,0.2821576763485477
ham,"Aight, let me know when you're gonna be around usf",0,50,medium,0.0,1.0,0.0,aight let know youre gonna around usf,0.19917012448132781
ham,I'm not. She lip synced with shangela.,0,38,short,0.0,0.0,1.0,im lip synced shangela,0.14937759336099585
ham,ÌÏ neva tell me how i noe... I'm not at home in da aft wat... ,0,62,medium,0.0,1.0,0.0,ìï neva tell noe im home da aft wat,0.24896265560165973
ham,"A bit of Ur smile is my hppnss, a drop of Ur tear is my sorrow, a part of Ur heart is my life, a heart like mine wil care for U, forevr as my GOODFRIEND",0,152,long,1.0,0.0,0.0,bit ur smile hppnss drop ur tear sorrow part ur heart life heart like mine wil care forevr goodfriend,0.6224066390041494
spam,Dear Voucher Holder 2 claim your 1st class airport lounge passes when using Your holiday voucher call 08704439680. When booking quote 1st class x 2,1,147,long,1.0,0.0,0.0,dear voucher holder claim st class airport lounge passes using holiday voucher call booking quote st class,0.6016597510373445
ham,"Buzz! Hey, my Love ! I think of you and hope your day goes well. Did you sleep in ? I miss you babe. I long for the moment we are together again*loving smile*",0,158,long,1.0,0.0,0.0,buzz hey love think hope day goes well sleep miss babe long moment together againloving smile,0.6473029045643154
ham,"Haha... Sounds crazy, dunno can tahan anot...",0,45,medium,0.0,1.0,0.0,haha sounds crazy dunno tahan anot,0.17842323651452283
ham,Why are u up so early?,0,22,short,0.0,0.0,1.0,early,0.08298755186721991
ham,Ya that one is slow as poo,0,26,short,0.0,0.0,1.0,ya one slow poo,0.09958506224066391
ham,"\Im on gloucesterroad what are uup to later?\""""",0,47,medium,0.0,1.0,0.0,im gloucesterroad uup later,0.18672199170124482
ham,Lol no ouch but wish i'd stayed out a bit longer,0,48,medium,0.0,1.0,0.0,lol ouch wish id stayed bit longer,0.19087136929460582
ham,"GOD ASKED, \What is forgiveness?\"" A little child gave lovely reply  \""It is d wonderful fruit that a tree gives when it is being hurt by a stone.. Good night......""",0,165,long,1.0,0.0,0.0,god asked forgiveness little child gave lovely reply wonderful fruit tree gives hurt stone good night,0.6763485477178424
ham,We'll join the  &lt;#&gt;  bus,0,30,short,0.0,0.0,1.0,well join ltgt bus,0.11618257261410789
ham,Was just about to ask. Will keep this one. Maybe that's why you didn't get all the messages we sent you on glo,0,110,long,1.0,0.0,0.0,ask keep one maybe thats didnt get messages sent glo,0.4481327800829875
ham,K.i will send in  &lt;#&gt;  min:),0,34,short,0.0,0.0,1.0,ki send ltgt min,0.13278008298755187
ham,Would me smoking you out help us work through this difficult time,0,65,medium,0.0,1.0,0.0,would smoking help us work difficult time,0.2614107883817427
spam,"Someone U know has asked our dating service 2 contact you! Cant guess who? CALL 09058095107 NOW all will be revealed. POBox 7, S3XY 150p ",1,137,long,1.0,0.0,0.0,someone know asked dating service contact cant guess call revealed pobox xy,0.5601659751037344
ham,Yes.mum lookin strong:),0,23,short,0.0,0.0,1.0,yesmum lookin strong,0.08713692946058091
ham,"Sir Goodmorning, Once free call me.",0,35,short,0.0,0.0,1.0,sir goodmorning free call,0.13692946058091288
ham,Where are you call me.,0,22,short,0.0,0.0,1.0,call,0.08298755186721991
ham,Love it! The girls at the office may wonder why you are smiling but sore...,0,75,medium,0.0,1.0,0.0,love girls office may wonder smiling sore,0.3029045643153527
ham,"Hi, wlcome back, did wonder if you got eaten by a lion or something, nothing much",0,81,medium,0.0,1.0,0.0,hi wlcome back wonder got eaten lion something nothing much,0.3278008298755187
ham,Does uncle timi help in clearing cars,0,37,short,0.0,0.0,1.0,uncle timi help clearing cars,0.14522821576763487
ham,I came hostel. I m going to sleep. Plz call me up before class. Hrishi.,0,71,medium,0.0,1.0,0.0,came hostel going sleep plz call class hrishi,0.2863070539419087
ham,Ok... But bag again..,0,21,short,0.0,0.0,1.0,ok bag,0.07883817427385892
ham,Ok lor. Msg me b4 u call.,0,25,short,0.0,0.0,1.0,ok lor msg call,0.09543568464730291
spam,"Mila, age23, blonde, new in UK. I look sex with UK guys. if u like fun with me. Text MTALK to 69866.18 . 30pp/txt 1st 5free. å£1.50 increments. Help08718728876",1,159,long,1.0,0.0,0.0,mila age blonde new uk look sex uk guys like fun text mtalk pptxt st free å£ increments help,0.6514522821576764
spam,"Claim a 200 shopping spree, just call 08717895698 now! Have you won! MobStoreQuiz10ppm",1,86,medium,0.0,1.0,0.0,claim shopping spree call mobstorequiz ppm,0.34854771784232363
ham,Then ur physics get a-?,0,23,short,0.0,0.0,1.0,ur physics get,0.08713692946058091
ham,"Dear friends, sorry for the late information. Today is the birthday of our loving Ar.Praveesh. for more details log on to face book and see. Its his number + &lt;#&gt; . Dont miss a delicious treat.",0,198,long,1.0,0.0,0.0,dear friends sorry late information today birthday loving arpraveesh details log face book see number ltgt dont miss delicious treat,0.8132780082987552
ham,How r Ì_ going to send it to me?,0,32,short,0.0,0.0,1.0,going send,0.12448132780082988
ham,Can you do online transaction?,0,30,short,0.0,0.0,1.0,online transaction,0.11618257261410789
ham,Dear got train and seat mine lower seat,0,39,short,0.0,0.0,1.0,dear got train seat mine lower seat,0.15352697095435686
ham,Let me know if you need anything else. Salad or desert or something... How many beers shall i get?,0,98,medium,0.0,1.0,0.0,let know need anything else salad desert something many beers shall get,0.3983402489626556
ham,WHORE YOU ARE UNBELIEVABLE.,0,27,short,0.0,0.0,1.0,whore unbelievable,0.1037344398340249
spam,"Want to funk up ur fone with a weekly new tone reply TONES2U 2 this text. www.ringtones.co.uk, the original n best. Tones 3GBP network operator rates apply",1,155,long,1.0,0.0,0.0,want funk ur fone weekly new tone reply tones text original best tones gbp network operator rates apply,0.6348547717842324
ham,"Are you sure you don't mean \get here  we made you hold all the weed\""""",0,71,medium,0.0,1.0,0.0,sure dont mean get made hold weed,0.2863070539419087
ham,"I love you !!! You know? Can you feel it? Does it make your belly warm? I wish it does, my love ... I shall meet you in your dreams, Ahmad ... *adoring kiss*",0,157,long,1.0,0.0,0.0,love know feel make belly warm wish love shall meet dreams ahmad adoring kiss,0.6431535269709544
spam,"Twinks, bears, scallies, skins and jocks are calling now. Don't miss the weekend's fun. Call 08712466669 at 10p/min. 2 stop texts call 08712460324(nat rate)",1,156,long,1.0,0.0,0.0,twinks bears scallies skins jocks calling dont miss weekends fun call pmin stop texts call nat rate,0.6390041493775934
ham,Love it! I want to flood that pretty pussy with cum...,0,54,medium,0.0,1.0,0.0,love want flood pretty pussy cum,0.2157676348547718
ham,Hey are you angry with me. Reply me dr.,0,39,short,0.0,0.0,1.0,hey angry reply dr,0.15352697095435686
ham,"Short But Cute: \Be a good person  but dont try to prove it..\"" .Gud noon....""",0,78,medium,0.0,1.0,0.0,short cute good person dont try prove gud noon,0.3153526970954357
ham,Also remember the beads don't come off. Ever.,0,45,medium,0.0,1.0,0.0,also remember beads dont come ever,0.17842323651452283
ham,They have a thread on the wishlist section of the forums where ppl post nitro requests. Start from the last page and collect from the bottom up.,0,144,long,1.0,0.0,0.0,thread wishlist section forums ppl post nitro requests start last page collect bottom,0.5892116182572614
ham,For The First Time In The History 'Need' 'Comfort' And 'Luxury' Are Sold At Same Price In India..!! Onion-Rs. &lt;#&gt;  Petrol-Rs. &lt;#&gt;  Beer-Rs. &lt;#&gt;  SHESIL  &lt;#&gt;,0,180,long,1.0,0.0,0.0,first time history need comfort luxury sold price india onionrs ltgt petrolrs ltgt beerrs ltgt shesil ltgt,0.7385892116182573
ham,"Actually nvm, got hella cash, we still on for  &lt;#&gt; ish?",0,61,medium,0.0,1.0,0.0,actually nvm got hella cash still ltgt ish,0.24481327800829875
spam,We tried to contact you re your reply to our offer of a Video Handset? 750 anytime any networks mins? UNLIMITED TEXT? Camcorder? Reply or call 08000930705 NOW,1,158,long,1.0,0.0,0.0,tried contact reply offer video handset anytime networks mins unlimited text camcorder reply call,0.6473029045643154
ham,"It's ok, at least armand's still around",0,39,short,0.0,0.0,1.0,ok least armands still around,0.15352697095435686
ham,No da. I am happy that we sit together na,0,41,medium,0.0,1.0,0.0,da happy sit together na,0.16182572614107885
ham,Yup song bro. No creative. Neva test quality. He said check review online.,0,74,medium,0.0,1.0,0.0,yup song bro creative neva test quality said check review online,0.2987551867219917
ham,"No dude, its not fake..my frnds got money, thts y i'm reffering u..if u member wit my mail link, u vl be credited  &lt;#&gt; rs and il be getiing  &lt;#&gt; rs..i can draw my acc wen it is  &lt;#&gt; rs..",0,204,long,1.0,0.0,0.0,dude fakemy frnds got money thts im reffering uif member wit mail link vl credited ltgt rs il getiing ltgt rsi draw acc wen ltgt rs,0.8381742738589212
ham,Dude while were makin those weirdy brownies my sister made awesome cookies. I took pics.,0,88,medium,0.0,1.0,0.0,dude makin weirdy brownies sister made awesome cookies took pics,0.3568464730290456
spam,URGENT! We are trying to contact you. Last weekends draw shows that you have won a å£900 prize GUARANTEED. Call 09061701851. Claim code K61. Valid 12hours only,1,159,long,1.0,0.0,0.0,urgent trying contact last weekends draw shows å£ prize guaranteed call claim code valid hours,0.6514522821576764
ham,Pls dont restrict her from eating anythin she likes for the next two days.,0,74,medium,0.0,1.0,0.0,pls dont restrict eating anythin likes next two days,0.2987551867219917
ham,Mm you ask him to come its enough :-),0,37,short,0.0,0.0,1.0,mm ask come enough,0.14522821576763487
ham,At the funeral home with Audrey and dad,0,39,short,0.0,0.0,1.0,funeral home audrey dad,0.15352697095435686
ham,"Aight, can you text me the address?",0,35,short,0.0,0.0,1.0,aight text address,0.13692946058091288
ham,Excellent! Wish we were together right now!,0,43,medium,0.0,1.0,0.0,excellent wish together right,0.17012448132780084
ham,Yep then is fine 7.30 or 8.30 for ice age.,0,42,medium,0.0,1.0,0.0,yep fine ice age,0.16597510373443983
ham,Pls i wont belive god.not only jesus.,0,37,short,0.0,0.0,1.0,pls wont belive godnot jesus,0.14522821576763487
ham,Can. Dunno wat to get 4 her...,0,30,short,0.0,0.0,1.0,dunno wat get,0.11618257261410789
ham,"Not yet chikku..k, then wat abt tht guy did he stopped irritating or msging to u..",0,82,medium,0.0,1.0,0.0,yet chikkuk wat abt tht guy stopped irritating msging,0.33195020746887965
ham,How long does it take to get it.,0,32,short,0.0,0.0,1.0,long take get,0.12448132780082988
ham,This is my number by vivek..,0,28,short,0.0,0.0,1.0,number vivek,0.1078838174273859
spam,74355 XMAS iscoming & ur awarded either å£500 CD gift vouchers & free entry 2 r å£100 weekly draw txt MUSIC to 87066 TnC,1,120,long,1.0,0.0,0.0,xmas iscoming ur awarded either å£ cd gift vouchers free entry å£ weekly draw txt music tnc,0.4896265560165975
ham,"sorry brah, just finished the last of my exams, what up",0,55,medium,0.0,1.0,0.0,sorry brah finished last exams,0.21991701244813278
ham,"I got arrested for possession at, I shit you not,  &lt;TIME&gt;  pm",0,67,medium,0.0,1.0,0.0,got arrested possession shit lttimegt pm,0.2697095435684647
ham,Just normal only here :),0,24,short,0.0,0.0,1.0,normal,0.09128630705394192
ham,"Please protect yourself from e-threats. SIB never asks for sensitive information like Passwords,ATM/SMS PIN thru email. Never share your password with anybody.",0,159,long,1.0,0.0,0.0,please protect ethreats sib never asks sensitive information like passwordsatmsms pin thru email never share password anybody,0.6514522821576764
ham,I miss you so much I'm so desparate I have recorded the message you left for me the other day and listen to it just to hear the sound of your voice. I love you,0,159,long,1.0,0.0,0.0,miss much im desparate recorded message left day listen hear sound voice love,0.6514522821576764
ham,Hi. I'm always online on yahoo and would like to chat with you someday,0,70,medium,0.0,1.0,0.0,hi im always online yahoo would like chat someday,0.2821576763485477
ham,"Goodmorning,my grandfather expired..so am on leave today.",0,57,medium,0.0,1.0,0.0,goodmorningmy grandfather expiredso leave today,0.22821576763485477
spam,Congratulations U can claim 2 VIP row A Tickets 2 C Blu in concert in November or Blu gift guaranteed Call 09061104276 to claim TS&Cs www.smsco.net costå£3.75max ,1,162,long,1.0,0.0,0.0,congratulations claim vip row tickets blu concert november blu gift guaranteed call claim tscs costå£ max,0.6639004149377594
ham,Where are you ? What are you doing ? Are yuou working on getting the pc to your mom's ? Did you find a spot that it would work ? I need you,0,139,long,1.0,0.0,0.0,yuou working getting pc moms find spot would work need,0.5684647302904564
ham,"Sure, I'll see if I can come by in a bit",0,40,medium,0.0,1.0,0.0,sure ill see come bit,0.15767634854771784
ham,I agree. So i can stop thinkin about ipad. Can you please ask macho the same question.,0,86,medium,0.0,1.0,0.0,agree stop thinkin ipad please ask macho question,0.34854771784232363
ham,Let's pool our money together and buy a bunch of lotto tickets. If we win I get &lt;#&gt; % u get &lt;#&gt; %. Deal?,0,116,long,1.0,0.0,0.0,lets pool money together buy bunch lotto tickets win get ltgt get ltgt deal,0.4730290456431535
ham,Watching tv lor. Nice one then i like lor.,0,42,medium,0.0,1.0,0.0,watching tv lor nice one like lor,0.16597510373443983
ham,I'm thinking that chennai forgot to come for auction..,0,54,medium,0.0,1.0,0.0,im thinking chennai forgot come auction,0.2157676348547718
ham,Then Ì_ come n pick me at 530 ar?,0,33,short,0.0,0.0,1.0,come pick ar,0.1286307053941909
ham,Early bird! Any purchases yet?,0,30,short,0.0,0.0,1.0,early bird purchases yet,0.11618257261410789
ham,Went to pay rent. So i had to go to the bank to authorise the payment.,0,70,medium,0.0,1.0,0.0,went pay rent go bank authorise payment,0.2821576763485477
ham,"Erm Û_ ill pick you up at about 6.45pm. That'll give enough time to get there, park and that.",0,94,medium,0.0,1.0,0.0,erm û ill pick pm thatll give enough time get park,0.3817427385892116
ham,HEY MATE! HOWS U HONEY?DID U AVE GOOD HOLIDAY? GIMMI DE GOSS!x,0,62,medium,0.0,1.0,0.0,hey mate hows honeydid ave good holiday gimmi de gossx,0.24896265560165973
ham,Howz pain.it will come down today.do as i said ystrday.ice and medicine.,0,72,medium,0.0,1.0,0.0,howz painit come todaydo said ystrdayice medicine,0.2904564315352697
ham,"chile, please! It's only a  &lt;DECIMAL&gt;  hour drive for me. I come down all the time and will be subletting feb-april for audition season.",0,142,long,1.0,0.0,0.0,chile please ltdecimalgt hour drive come time subletting febapril audition season,0.5809128630705395
ham,Yes ammae....life takes lot of turns you can only sit and try to hold the steering...,0,85,medium,0.0,1.0,0.0,yes ammaelife takes lot turns sit try hold steering,0.34439834024896265
ham,"Yeah that's what I thought, lemme know if anything's goin on later",0,66,medium,0.0,1.0,0.0,yeah thats thought lemme know anythings goin later,0.26556016597510373
ham,Mmmm.... I cant wait to lick it!,0,32,short,0.0,0.0,1.0,mmmm cant wait lick,0.12448132780082988
ham,Pls go there today  &lt;#&gt; . I dont want any excuses,0,55,medium,0.0,1.0,0.0,pls go today ltgt dont want excuses,0.21991701244813278
ham,Can you plz tell me the ans. BSLVYL sent via fullonsms.com,0,58,medium,0.0,1.0,0.0,plz tell ans bslvyl sent via fullonsmscom,0.23236514522821577
ham,U in town alone?,0,16,short,0.0,0.0,1.0,town alone,0.058091286307053944
ham,I to am looking forward to all the sex cuddling.. Only two more sleeps ,0,71,medium,0.0,1.0,0.0,looking forward sex cuddling two sleeps,0.2863070539419087
ham,We have all rounder:)so not required:),0,38,short,0.0,0.0,1.0,rounderso required,0.14937759336099585
ham,"No, its true..k,Do u knw dis no. &lt;#&gt; ?",0,44,medium,0.0,1.0,0.0,truekdo knw dis ltgt,0.17427385892116182
ham,"Dont worry, 1 day very big lambu ji vl come..til then enjoy batchlor party:-)",0,77,medium,0.0,1.0,0.0,dont worry day big lambu ji vl cometil enjoy batchlor party,0.31120331950207464
ham,oh ya... Got hip hop open. Haha i was thinking can go for jazz then zoom to cine... Actually tonight i'm free leh... And there's a kb lesson tonight,0,148,long,1.0,0.0,0.0,oh ya got hip hop open haha thinking go jazz zoom cine actually tonight im free leh theres kb lesson tonight,0.6058091286307055
spam,Free msg: Single? Find a partner in your area! 1000s of real people are waiting to chat now!Send CHAT to 62220Cncl send STOPCS 08717890890å£1.50 per msg,1,152,long,1.0,0.0,0.0,free msg single find partner area real people waiting chat nowsend chat cncl send stopcs å£ per msg,0.6224066390041494
ham,I'm ok. Will do my part tomorrow,0,32,short,0.0,0.0,1.0,im ok part tomorrow,0.12448132780082988
ham,"No! But we found a diff farm shop to buy some cheese. On way back now, can i call in?",0,85,medium,0.0,1.0,0.0,found diff farm shop buy cheese way back call,0.34439834024896265
ham,R u still working now?,0,22,short,0.0,0.0,1.0,still working,0.08298755186721991
spam,"Win the newest åÒHarry Potter and the Order of the Phoenix (Book 5) reply HARRY, answer 5 questions - chance to be the first among readers!",1,139,long,1.0,0.0,0.0,win newest åòharry potter order phoenix book reply harry answer questions chance first among readers,0.5684647302904564
ham,Yep. I do like the pink furniture tho.,0,38,short,0.0,0.0,1.0,yep like pink furniture tho,0.14937759336099585
spam,Free Msg: Ringtone!From: http://tms. widelive.com/index. wml?id=1b6a5ecef91ff9*37819&first=true18:0430-JUL-05,1,109,long,1.0,0.0,0.0,free msg ringtonefrom widelivecomindex wmlid ecef ff firsttrue jul,0.44398340248962653
ham,"Customer place, i wil cal u sir.",0,32,short,0.0,0.0,1.0,customer place wil cal sir,0.12448132780082988
spam,"Oh my god! I've found your number again! I'm so glad, text me back xafter this msgs cst std ntwk chg å£1.50",1,107,long,1.0,0.0,0.0,oh god ive found number im glad text back xafter msgs cst std ntwk chg å£,0.4356846473029045
ham,A pure hearted person can have a wonderful smile that makes even his/her enemies to feel guilty for being an enemy.. So catch the world with your smile..:) GOODMORNING &amp; HAVE A SMILEY SUNDAY..:),0,198,long,1.0,0.0,0.0,pure hearted person wonderful smile makes even hisher enemies feel guilty enemy catch world smile goodmorning amp smiley sunday,0.8132780082987552
ham,"THATåÕS ALRITE GIRL, U KNOW GAIL IS NEVA WRONG!!TAKE CARE SWEET AND DONåÕT WORRY.C U L8TR HUN!LOVE Yaxxx",0,104,long,1.0,0.0,0.0,thatåõs alrite girl know gail neva wrongtake care sweet donåõt worryc tr hunlove yaxxx,0.42323651452282157
ham,"Theoretically yeah, he could be able to come",0,44,medium,0.0,1.0,0.0,theoretically yeah could able come,0.17427385892116182
ham,"Alright we're hooked up, where you guys at",0,42,medium,0.0,1.0,0.0,alright hooked guys,0.16597510373443983
ham,"not that I know of, most people up here are still out of town",0,61,medium,0.0,1.0,0.0,know people still town,0.24481327800829875
ham,No let me do the math. Your not good at it.,0,43,medium,0.0,1.0,0.0,let math good,0.17012448132780084
ham,Oh ok wait 4 me there... My lect havent finish,0,46,medium,0.0,1.0,0.0,oh ok wait lect havent finish,0.1825726141078838
ham,Yeah my usual guy's out of town but there're definitely people around I know,0,76,medium,0.0,1.0,0.0,yeah usual guys town therere definitely people around know,0.30705394190871366
ham,I am joining today formally.Pls keep praying.will talk later.,0,61,medium,0.0,1.0,0.0,joining today formallypls keep prayingwill talk later,0.24481327800829875
ham,"Happy or sad , one thing about past is- \Its no more\"" GOOD MORNING :-):-).""",0,76,medium,0.0,1.0,0.0,happy sad one thing past good morning,0.30705394190871366
ham,No. Did you multimedia message them or e-mail?,0,46,medium,0.0,1.0,0.0,multimedia message email,0.1825726141078838
ham,Okie but i scared u say i fat... Then u dun wan me already...,0,61,medium,0.0,1.0,0.0,okie scared say fat dun wan already,0.24481327800829875
ham,did u get that message,0,22,short,0.0,0.0,1.0,get message,0.08298755186721991
ham,"Sorry sir, i will call you tomorrow.  senthil.hsbc",0,50,medium,0.0,1.0,0.0,sorry sir call tomorrow senthilhsbc,0.19917012448132781
ham,What you need. You have a person to give na.,0,44,medium,0.0,1.0,0.0,need person give na,0.17427385892116182
ham,Hi juan. Im coming home on fri hey. Of course i expect a welcome party and lots of presents. Ill phone u when i get back. Loads of love nicky x x x x x x x x x,0,159,long,1.0,0.0,0.0,hi juan im coming home fri hey course expect welcome party lots presents ill phone get back loads love nicky,0.6514522821576764
ham,"Gumby's has a special where a  &lt;#&gt; \ cheese pizza is $2 so I know what we're doin tonight""",0,96,medium,0.0,1.0,0.0,gumbys special ltgt cheese pizza know doin tonight,0.3900414937759336
spam,A link to your picture has been sent. You can also use http://alto18.co.uk/wave/wave.asp?o=44345,1,96,medium,0.0,1.0,0.0,link picture sent also use,0.3900414937759336
ham,Like a personal sized or what,0,29,short,0.0,0.0,1.0,like personal sized,0.11203319502074689
ham,"Same, I'm at my great aunts anniversary party in tarpon springs",0,63,medium,0.0,1.0,0.0,im great aunts anniversary party tarpon springs,0.25311203319502074
ham,Cab is available.they pick up and drop at door steps.,0,53,medium,0.0,1.0,0.0,cab availablethey pick drop door steps,0.21161825726141079
ham,ok....take care.umma to you too...,0,34,short,0.0,0.0,1.0,oktake careumma,0.13278008298755187
ham,Unlimited texts. Limited minutes.,0,33,short,0.0,0.0,1.0,unlimited texts limited minutes,0.1286307053941909
spam,"Double Mins & 1000 txts on Orange tariffs. Latest Motorola, SonyEricsson & Nokia with Bluetooth FREE! Call MobileUpd8 on 08000839402 or call2optout/HF8",1,151,long,1.0,0.0,0.0,double mins txts orange tariffs latest motorola sonyericsson nokia bluetooth free call mobileupd call optouthf,0.6182572614107884
ham,No problem. We will be spending a lot of quality time together...,0,65,medium,0.0,1.0,0.0,problem spending lot quality time together,0.2614107883817427
spam,URGENT This is our 2nd attempt to contact U. Your å£900 prize from YESTERDAY is still awaiting collection. To claim CALL NOW 09061702893. ACL03530150PM,1,151,long,1.0,0.0,0.0,urgent nd attempt contact å£ prize yesterday still awaiting collection claim call acl pm,0.6182572614107884
ham,Have you heard from this week?,0,30,short,0.0,0.0,1.0,heard week,0.11618257261410789
spam,Dear Dave this is your final notice to collect your 4* Tenerife Holiday or #5000 CASH award! Call 09061743806 from landline. TCs SAE Box326 CW25WX 150ppm,1,153,long,1.0,0.0,0.0,dear dave final notice collect tenerife holiday cash award call landline tcs sae box cw wx ppm,0.6265560165975104
ham,Yes. Last  practice,0,19,short,0.0,0.0,1.0,yes last practice,0.07053941908713693
spam,tells u 2 call 09066358152 to claim å£5000 prize. U have 2 enter all ur mobile & personal details @ the prompts. Careful!,1,121,long,1.0,0.0,0.0,tells call claim å£ prize enter ur mobile personal details prompts careful,0.4937759336099585
ham,No. Thank you. You've been wonderful,0,36,short,0.0,0.0,1.0,thank youve wonderful,0.14107883817427386
ham,ÌÏ mean it's confirmed... I tot they juz say oni... Ok then... ,0,63,medium,0.0,1.0,0.0,ìï mean confirmed tot juz say oni ok,0.25311203319502074
ham,That depends. How would you like to be treated? :),0,50,medium,0.0,1.0,0.0,depends would like treated,0.19917012448132781
ham,"Right on brah, see you later",0,28,short,0.0,0.0,1.0,right brah see later,0.1078838174273859
ham,Waiting in e car 4 my mum lor. U leh? Reach home already?,0,57,medium,0.0,1.0,0.0,waiting car mum lor leh reach home already,0.22821576763485477
spam,Your 2004 account for 07XXXXXXXXX shows 786 unredeemed points. To claim call 08719181259 Identifier code: XXXXX Expires 26.03.05,1,128,long,1.0,0.0,0.0,account xxxxxxxxx shows unredeemed points claim call identifier code xxxxx expires,0.5228215767634855
spam,Do you want a new video handset? 750 anytime any network mins? Half Price Line Rental? Camcorder? Reply or call 08000930705 for delivery tomorrow,1,145,long,1.0,0.0,0.0,want new video handset anytime network mins half price line rental camcorder reply call delivery tomorrow,0.5933609958506224
ham,Went fast asleep dear.take care.,0,32,short,0.0,0.0,1.0,went fast asleep deartake care,0.12448132780082988
ham,No that just means you have a fat head,0,38,short,0.0,0.0,1.0,means fat head,0.14937759336099585
ham,Sounds like a plan! Cardiff is still here and still cold! I'm sitting on the radiator!,0,86,medium,0.0,1.0,0.0,sounds like plan cardiff still still cold im sitting radiator,0.34854771784232363
ham,Serious? What like proper tongued her,0,37,short,0.0,0.0,1.0,serious like proper tongued,0.14522821576763487
ham,She.s good. She was wondering if you wont say hi but she.s smiling now. So how are you coping with the long distance,0,116,long,1.0,0.0,0.0,shes good wondering wont say hi shes smiling coping long distance,0.4730290456431535
ham,How i noe... She's in da car now... Later then c lar... I'm wearing shorts...,0,77,medium,0.0,1.0,0.0,noe shes da car later lar im wearing shorts,0.31120331950207464
ham,Yeah whatever lol,0,17,short,0.0,0.0,1.0,yeah whatever lol,0.06224066390041494
ham,Ard 530 lor. I ok then message Ì_ lor.,0,38,short,0.0,0.0,1.0,ard lor ok message lor,0.14937759336099585
ham,Ok. C u then.,0,13,short,0.0,0.0,1.0,ok,0.04564315352697096
ham,Eh ur laptop got no stock lei... He say mon muz come again to take a look c got a not...,0,88,medium,0.0,1.0,0.0,eh ur laptop got stock lei say mon muz come take look got,0.3568464730290456
ham,No need to ke qi... ÌÏ too bored izzit y suddenly thk of this...,0,64,medium,0.0,1.0,0.0,need ke qi ìï bored izzit suddenly thk,0.2572614107883817
ham,I wish! I don't think its gonna snow that much. But it will be more than those flurries we usually get that melt before they hit the ground. Eek! We haven't had snow since &lt;#&gt; before I was even born!,0,205,long,1.0,0.0,0.0,wish dont think gonna snow much flurries usually get melt hit ground eek havent snow since ltgt even born,0.8423236514522822
spam,FREE>Ringtone! Reply REAL or POLY eg REAL1 1. PushButton 2. DontCha 3. BabyGoodbye 4. GoldDigger 5. WeBeBurnin 1st tone FREE and 6 more when u join for å£3/wk,1,158,long,1.0,0.0,0.0,freeringtone reply real poly eg real pushbutton dontcha babygoodbye golddigger webeburnin st tone free join å£ wk,0.6473029045643154
ham,"Oh really? perform, write a paper, go to a movie AND be home by midnight, huh?",0,78,medium,0.0,1.0,0.0,oh really perform write paper go movie home midnight huh,0.3153526970954357
ham,Okay lor... Will they still let us go a not ah? Coz they will not know until later. We drop our cards into the box right?,0,121,long,1.0,0.0,0.0,okay lor still let us go ah coz know later drop cards box right,0.4937759336099585
ham,How? Izzit still raining?,0,25,short,0.0,0.0,1.0,izzit still raining,0.09543568464730291
ham,As if i wasn't having enough trouble sleeping.,0,46,medium,0.0,1.0,0.0,wasnt enough trouble sleeping,0.1825726141078838
ham,I havent add Ì_ yet right.. ,0,28,short,0.0,0.0,1.0,havent add yet right,0.1078838174273859
ham,Lol ... I really need to remember to eat when I'm drinking but I do appreciate you keeping me company that night babe *smiles*,0,126,long,1.0,0.0,0.0,lol really need remember eat im drinking appreciate keeping company night babe smiles,0.5145228215767635
ham,Babe ? I lost you ... Will you try rebooting ?,0,46,medium,0.0,1.0,0.0,babe lost try rebooting,0.1825726141078838
ham,Yes. Nigh you cant aha.,0,23,short,0.0,0.0,1.0,yes nigh cant aha,0.08713692946058091
ham,I thk Ì_ gotta go home by urself. Cos i'll b going out shopping 4 my frens present. ,0,84,medium,0.0,1.0,0.0,thk gotta go home urself cos ill going shopping frens present,0.3402489626556016
ham,Nooooooo I'm gonna be bored to death all day. Cable and internet outage.,0,72,medium,0.0,1.0,0.0,nooooooo im gonna bored death day cable internet outage,0.2904564315352697
ham,Sos! Any amount i can get pls.,0,30,short,0.0,0.0,1.0,sos amount get pls,0.11618257261410789
ham,"Playin space poker, u?",0,22,short,0.0,0.0,1.0,playin space poker,0.08298755186721991
ham,How come guoyang go n tell her? Then u told her?,0,48,medium,0.0,1.0,0.0,come guoyang go tell told,0.19087136929460582
ham,You need to get up. Now.,0,24,short,0.0,0.0,1.0,need get,0.09128630705394192
ham,They r giving a second chance to rahul dengra.,0,46,medium,0.0,1.0,0.0,giving second chance rahul dengra,0.1825726141078838
ham,"Yeah, in fact he just asked if we needed anything like an hour ago. When and how much?",0,86,medium,0.0,1.0,0.0,yeah fact asked needed anything like hour ago much,0.34854771784232363
ham,WHEN THE FIRST STRIKE IS A RED ONE. THE BIRD + ANTELOPE BEGIN TOPLAY IN THE FIELDOF SELFINDEPENDENCE BELIEVE THIS + THE FLOWER OF CONTENTION WILL GROW.RANDOM!,0,158,long,1.0,0.0,0.0,first strike red one bird antelope begin toplay fieldof selfindependence believe flower contention growrandom,0.6473029045643154
ham,Y Ì_ wan to go there? C doctor?,0,31,short,0.0,0.0,1.0,wan go doctor,0.12033195020746887
ham,Does daddy have a bb now.,0,25,short,0.0,0.0,1.0,daddy bb,0.09543568464730291
spam,"Free Msg: get Gnarls Barkleys \Crazy\"" ringtone TOTALLY FREE just reply GO to this message right now!""",1,102,long,1.0,0.0,0.0,free msg get gnarls barkleys crazy ringtone totally free reply go message right,0.41493775933609955
ham,She's borderline but yeah whatever.,0,35,short,0.0,0.0,1.0,shes borderline yeah whatever,0.13692946058091288
ham,"Until 545 lor... Ya, can go 4 dinner together...",0,48,medium,0.0,1.0,0.0,lor ya go dinner together,0.19087136929460582
ham,I will be gentle princess! We will make sweet gentle love...,0,60,medium,0.0,1.0,0.0,gentle princess make sweet gentle love,0.24066390041493776
ham,How u doin baby girl ?? hope u are okay every time I call ure phone is off! I miss u get in touch,0,97,medium,0.0,1.0,0.0,doin baby girl hope okay every time call ure phone miss get touch,0.3941908713692946
ham,"Sorry, went to bed early, nightnight",0,36,short,0.0,0.0,1.0,sorry went bed early nightnight,0.14107883817427386
ham,I like to think there's always the possibility of being in a pub later.,0,71,medium,0.0,1.0,0.0,like think theres always possibility pub later,0.2863070539419087
ham,HMM yeah if your not too grooved out! And im looking forward to my pound special :),0,83,medium,0.0,1.0,0.0,hmm yeah grooved im looking forward pound special,0.33609958506224064
ham,I got to video tape pple type in message lor. U so free wan 2 help me? Hee... Cos i noe u wan 2 watch infernal affairs so ask u along. Asking shuhui oso.,0,153,long,1.0,0.0,0.0,got video tape pple type message lor free wan help hee cos noe wan watch infernal affairs ask along asking shuhui oso,0.6265560165975104
ham,Hi dude hw r u da realy mising u today,0,38,short,0.0,0.0,1.0,hi dude hw da realy mising today,0.14937759336099585
ham,Me hungry buy some food good lei... But mum n yun dun wan juz buy a little bit... ,0,82,medium,0.0,1.0,0.0,hungry buy food good lei mum yun dun wan juz buy little bit,0.33195020746887965
spam,Refused a loan? Secured or Unsecured? Can't get credit? Call free now 0800 195 6669 or text back 'help' & we will!,1,114,long,1.0,0.0,0.0,refused loan secured unsecured cant get credit call free text back help,0.4647302904564315
ham,I probably won't eat at all today. I think I'm gonna pop. How was your weekend? Did u miss me?,0,94,medium,0.0,1.0,0.0,probably wont eat today think im gonna pop weekend miss,0.3817427385892116
ham,I knew it... U slept v late yest? Wake up so late...,0,52,medium,0.0,1.0,0.0,knew slept late yest wake late,0.2074688796680498
ham,Haha... dont be angry with yourself... Take it as a practice for the real thing. =) ,0,84,medium,0.0,1.0,0.0,haha dont angry take practice real thing,0.3402489626556016
ham,Where is that one day training:-),0,33,short,0.0,0.0,1.0,one day training,0.1286307053941909
ham,So i could kiss and feel you next to me...,0,42,medium,0.0,1.0,0.0,could kiss feel next,0.16597510373443983
ham,Have a nice day my dear.,0,24,short,0.0,0.0,1.0,nice day dear,0.09128630705394192
ham,I sent lanre fakeye's Eckankar details to the mail box,0,54,medium,0.0,1.0,0.0,sent lanre fakeyes eckankar details mail box,0.2157676348547718
ham,Your dad is back in ph?,0,23,short,0.0,0.0,1.0,dad back ph,0.08713692946058091
spam,"You have been specially selected to receive a \3000 award! Call 08712402050 BEFORE the lines close. Cost 10ppm. 16+. T&Cs apply. AG Promo""",1,138,long,1.0,0.0,0.0,specially selected receive award call lines close cost ppm tcs apply ag promo,0.5643153526970954
ham,If you ask her or she say any please message.,0,45,medium,0.0,1.0,0.0,ask say please message,0.17842323651452283
ham,"If e timing can, then i go w u lor...",0,37,short,0.0,0.0,1.0,timing go lor,0.14522821576763487
ham,I was just callin to say hi. Take care bruv!,0,44,medium,0.0,1.0,0.0,callin say hi take care bruv,0.17427385892116182
spam,YOU HAVE WON! As a valued Vodafone customer our computer has picked YOU to win a å£150 prize. To collect is easy. Just call 09061743386,1,135,long,1.0,0.0,0.0,valued vodafone customer computer picked win å£ prize collect easy call,0.5518672199170125
ham,Did u turn on the heater? The heater was on and set to &lt;#&gt; degrees.,0,73,medium,0.0,1.0,0.0,turn heater heater set ltgt degrees,0.29460580912863066
ham,Thanks for your message. I really appreciate your sacrifice. I'm not sure of the process of direct pay but will find out on my way back from the test tomorrow. I'm in class now. Do have a wonderful day.,0,202,long,1.0,0.0,0.0,thanks message really appreciate sacrifice im sure process direct pay find way back test tomorrow im class wonderful day,0.8298755186721992
ham,"That's the trouble with classes that go well - you're due a dodgey one Û_ Expecting mine tomo! See you for recovery, same time, same place ",0,140,long,1.0,0.0,0.0,thats trouble classes go well youre due dodgey one û expecting mine tomo see recovery time place,0.5726141078838175
spam,Free video camera phones with Half Price line rental for 12 mths and 500 cross ntwk mins 100 txts. Call MobileUpd8 08001950382 or Call2OptOut/674&,1,146,long,1.0,0.0,0.0,free video camera phones half price line rental mths cross ntwk mins txts call mobileupd call optout,0.5975103734439834
ham,WOT U UP 2 J?,0,13,short,0.0,0.0,1.0,wot,0.04564315352697096
ham,"Night night, see you tomorrow",0,29,short,0.0,0.0,1.0,night night see tomorrow,0.11203319502074689
ham,Roger that. WeÛ÷re probably going to rem in about 20,0,53,medium,0.0,1.0,0.0,roger weû÷re probably going rem,0.21161825726141079
ham,do u think that any girl will propose u today by seing ur bloody funky shit fucking face...............asssssholeeee................,0,132,long,1.0,0.0,0.0,think girl propose today seing ur bloody funky shit fucking faceasssssholeeee,0.5394190871369295
ham,I wish u were here. I feel so alone,0,35,short,0.0,0.0,1.0,wish feel alone,0.13692946058091288
ham,Reason is if the team budget is available at last they buy the unsold players for at base rate..,0,96,medium,0.0,1.0,0.0,reason team budget available last buy unsold players base rate,0.3900414937759336
ham,CERI U REBEL! SWEET DREAMZ ME LITTLE BUDDY!! C YA 2MORO! WHO NEEDS BLOKES,0,73,medium,0.0,1.0,0.0,ceri rebel sweet dreamz little buddy ya moro needs blokes,0.29460580912863066
spam,ringtoneking 84484,1,18,short,0.0,0.0,1.0,ringtoneking,0.06639004149377593
ham,Huh i cant thk of more oredi how many pages do we have?,0,55,medium,0.0,1.0,0.0,huh cant thk oredi many pages,0.21991701244813278
ham,His frens go then he in lor. Not alone wif my mum n sis lor.,0,60,medium,0.0,1.0,0.0,frens go lor alone wif mum sis lor,0.24066390041493776
ham,Nationwide auto centre (or something like that) on Newport road. I liked them there,0,83,medium,0.0,1.0,0.0,nationwide auto centre something like newport road liked,0.33609958506224064
ham,"Hey, I missed you tm of last night as my phone was on the charge ... *smiles* ... I am meeting a friend shortly",0,111,long,1.0,0.0,0.0,hey missed tm last night phone charge smiles meeting friend shortly,0.4522821576763485
ham,"Whatever, juliana. Do whatever you want.",0,40,medium,0.0,1.0,0.0,whatever juliana whatever want,0.15767634854771784
spam,Ringtone Club: Gr8 new polys direct to your mobile every week !,1,63,medium,0.0,1.0,0.0,ringtone club gr new polys direct mobile every week,0.25311203319502074
ham,"Hello. Sort of out in town already. That . So dont rush home, I am eating nachos. Will let you know eta.",0,104,long,1.0,0.0,0.0,hello sort town already dont rush home eating nachos let know eta,0.42323651452282157
ham,Ok lor. Anyway i thk we cant get tickets now cos like quite late already. U wan 2 go look 4 ur frens a not? Darren is wif them now...,0,133,long,1.0,0.0,0.0,ok lor anyway thk cant get tickets cos like quite late already wan go look ur frens darren wif,0.5435684647302905
spam,(Bank of Granite issues Strong-Buy) EXPLOSIVE PICK FOR OUR MEMBERS *****UP OVER 300% *********** Nasdaq Symbol CDGT That is a $5.00 per..,1,137,long,1.0,0.0,0.0,bank granite issues strongbuy explosive pick members nasdaq symbol cdgt per,0.5601659751037344
ham,"Dizzamn, aight I'll ask my suitemates when I get back",0,53,medium,0.0,1.0,0.0,dizzamn aight ill ask suitemates get back,0.21161825726141079
ham,"Nimbomsons. Yep phone knows that one. Obviously, cos thats a real word",0,70,medium,0.0,1.0,0.0,nimbomsons yep phone knows one obviously cos thats real word,0.2821576763485477
ham,I love to cuddle! I want to hold you in my strong arms right now...,0,67,medium,0.0,1.0,0.0,love cuddle want hold strong arms right,0.2697095435684647
ham,R u in this continent?,0,22,short,0.0,0.0,1.0,continent,0.08298755186721991
ham,We'll you pay over like  &lt;#&gt; yrs so its not too difficult,0,63,medium,0.0,1.0,0.0,well pay like ltgt yrs difficult,0.25311203319502074
spam,Bored housewives! Chat n date now! 0871750.77.11! BT-national rate 10p/min only from landlines!,1,95,medium,0.0,1.0,0.0,bored housewives chat date btnational rate pmin landlines,0.3858921161825726
spam,We tried to call you re your reply to our sms for a video mobile 750 mins UNLIMITED TEXT free camcorder Reply or call now 08000930705 Del Thurs,1,143,long,1.0,0.0,0.0,tried call reply sms video mobile mins unlimited text free camcorder reply call del thurs,0.5850622406639004
ham,K...k...when will you give treat?,0,33,short,0.0,0.0,1.0,kkwhen give treat,0.1286307053941909
spam,"This is the 2nd time we have tried to contact u. U have won the å£400 prize. 2 claim is easy, just call 087104711148 NOW! Only 10p per minute. BT-national-rate",1,159,long,1.0,0.0,0.0,nd time tried contact å£ prize claim easy call per minute btnationalrate,0.6514522821576764
ham,He's just gonna worry for nothing. And he won't give you money its no use.,0,74,medium,0.0,1.0,0.0,hes gonna worry nothing wont give money use,0.2987551867219917
ham,Did you get any gift? This year i didnt get anything. So bad,0,60,medium,0.0,1.0,0.0,get gift year didnt get anything bad,0.24066390041493776
ham,Well there's a pattern emerging of my friends telling me to drive up and come smoke with them and then telling me that I'm a weed fiend/make them smoke too much/impede their doing other things so you see how I'm hesitant,0,220,long,1.0,0.0,0.0,well theres pattern emerging friends telling drive come smoke telling im weed fiendmake smoke muchimpede things see im hesitant,0.9045643153526971
ham,", ow u dey.i paid 60,400thousad.i told  u would call . ",0,55,medium,0.0,1.0,0.0,ow deyi paid thousadi told would call,0.21991701244813278
ham,IM FINE BABES AINT BEEN UP 2 MUCH THO! SAW SCARY MOVIE YEST ITS QUITE FUNNY! WANT 2MRW AFTERNOON? AT TOWN OR MALL OR SUMTHIN?xx,0,127,long,1.0,0.0,0.0,im fine babes aint much tho saw scary movie yest quite funny want mrw afternoon town mall sumthinxx,0.5186721991701245
ham,I'm reaching home in 5 min.,0,27,short,0.0,0.0,1.0,im reaching home min,0.1037344398340249
ham,"Forgot you were working today! Wanna chat, but things are ok so drop me a text when you're free / bored etc and i'll ring. Hope all is well, nose essay and all xx",0,162,long,1.0,0.0,0.0,forgot working today wanna chat things ok drop text youre free bored etc ill ring hope well nose essay xx,0.6639004149377594
ham,Ha... Then we must walk to everywhere... Cannot take tram. My cousin said can walk to vic market from our hotel ,0,112,long,1.0,0.0,0.0,ha must walk everywhere cannot take tram cousin said walk vic market hotel,0.45643153526970953
ham,Discussed with your mother ah?,0,30,short,0.0,0.0,1.0,discussed mother ah,0.11618257261410789
ham,"Sorry, I can't text &amp; drive coherently, see you in twenty",0,61,medium,0.0,1.0,0.0,sorry cant text amp drive coherently see twenty,0.24481327800829875
spam,You will be receiving this week's Triple Echo ringtone shortly. Enjoy it!,1,73,medium,0.0,1.0,0.0,receiving weeks triple echo ringtone shortly enjoy,0.29460580912863066
ham,In which place i can get rooms cheap:-),0,39,short,0.0,0.0,1.0,place get rooms cheap,0.15352697095435686
ham,Eek that's a lot of time especially since American Pie is like 8 minutes long. I can't stop singing it.,0,103,long,1.0,0.0,0.0,eek thats lot time especially since american pie like minutes long cant stop singing,0.41908713692946054
ham,"\GRAN ONLYFOUND OUT AFEW DAYS AGO.CUSOON HONI\""""",0,48,medium,0.0,1.0,0.0,gran onlyfound afew days agocusoon honi,0.19087136929460582
spam,"U've been selected to stay in 1 of 250 top British hotels - FOR NOTHING! Holiday valued at å£350! Dial 08712300220 to claim - National Rate Call. Bx526, SW73SS",1,159,long,1.0,0.0,0.0,uve selected stay top british hotels nothing holiday valued å£ dial claim national rate call bx sw ss,0.6514522821576764
ham,University of southern california.,0,34,short,0.0,0.0,1.0,university southern california,0.13278008298755187
ham,We have to pick rayan macleran there.,0,37,short,0.0,0.0,1.0,pick rayan macleran,0.14522821576763487
ham,U gd lor go shopping i got stuff to do. U wan 2 watch infernal affairs a not? Come lar...,0,89,medium,0.0,1.0,0.0,gd lor go shopping got stuff wan watch infernal affairs come lar,0.36099585062240663
ham,Well. Balls. Time to make calls,0,31,short,0.0,0.0,1.0,well balls time make calls,0.12033195020746887
ham,Wat time Ì_ wan today?,0,22,short,0.0,0.0,1.0,wat time wan today,0.08298755186721991
ham, &lt;#&gt;  in mca. But not conform.,0,36,short,0.0,0.0,1.0,ltgt mca conform,0.14107883817427386
ham,Oh ok.. Wat's ur email?,0,23,short,0.0,0.0,1.0,oh ok wats ur email,0.08713692946058091
ham,"Yes, princess. Are you going to make me moan?",0,45,medium,0.0,1.0,0.0,yes princess going make moan,0.17842323651452283
ham,Lol its ok I didn't remember til last nite,0,42,medium,0.0,1.0,0.0,lol ok didnt remember til last nite,0.16597510373443983
ham,"[Û_] anyway, many good evenings to u! s",0,40,medium,0.0,1.0,0.0,û anyway many good evenings,0.15767634854771784
ham,"Cool, I'll text you in a few",0,28,short,0.0,0.0,1.0,cool ill text,0.1078838174273859
ham,"Sorry vikky, i'm Watching olave mandara movie kano in trishul theatre wit my frnds..",0,84,medium,0.0,1.0,0.0,sorry vikky im watching olave mandara movie kano trishul theatre wit frnds,0.3402489626556016
ham,I'm very happy for you babe ! Woo hoo party on dude!,0,52,medium,0.0,1.0,0.0,im happy babe woo hoo party dude,0.2074688796680498
ham,I am taking you for italian food. How about a pretty dress with no panties? :),0,78,medium,0.0,1.0,0.0,taking italian food pretty dress panties,0.3153526970954357
ham,Wot u up 2? Thout u were gonna call me!! Txt bak luv K,0,54,medium,0.0,1.0,0.0,wot thout gonna call txt bak luv,0.2157676348547718
spam,YOU ARE CHOSEN TO RECEIVE A å£350 AWARD! Pls call claim number 09066364311 to collect your award which you are selected to receive as a valued mobile customer.,1,159,long,1.0,0.0,0.0,chosen receive å£ award pls call claim number collect award selected receive valued mobile customer,0.6514522821576764
ham,How are you holding up?,0,23,short,0.0,0.0,1.0,holding,0.08713692946058091
ham,Dont flatter yourself... Tell that man of mine two pints of carlin in ten minutes please.... ,0,93,medium,0.0,1.0,0.0,dont flatter tell man mine two pints carlin ten minutes please,0.3775933609958506
ham,Hope you are not scared!,0,24,short,0.0,0.0,1.0,hope scared,0.09128630705394192
ham,I'm at home n ready...,0,22,short,0.0,0.0,1.0,im home ready,0.08298755186721991
ham,What time do u get out?,0,23,short,0.0,0.0,1.0,time get,0.08713692946058091
ham,I am literally in bed and have been up for like  &lt;#&gt;  hours,0,65,medium,0.0,1.0,0.0,literally bed like ltgt hours,0.2614107883817427
ham,"Yes, my reg is  Ciao!",0,21,short,0.0,0.0,1.0,yes reg ciao,0.07883817427385892
ham,If You mean the website. Yes.,0,29,short,0.0,0.0,1.0,mean website yes,0.11203319502074689
spam,Win a å£1000 cash prize or a prize worth å£5000,1,47,medium,0.0,1.0,0.0,win å£ cash prize prize worth å£,0.18672199170124482
spam,"Thanks for your ringtone order, reference number X49.Your mobile will be charged 4.50. Should your tone not arrive please call customer services 09065989182",1,156,long,1.0,0.0,0.0,thanks ringtone order reference number mobile charged tone arrive please call customer services,0.6390041493775934
ham,Lol or I could just starve and lose a pound by the end of the day.,0,66,medium,0.0,1.0,0.0,lol could starve lose pound end day,0.26556016597510373
ham,Yeah that's the impression I got,0,32,short,0.0,0.0,1.0,yeah thats impression got,0.12448132780082988
ham,Ok ok take care. I can understand.,0,34,short,0.0,0.0,1.0,ok ok take care understand,0.13278008298755187
ham,"Motivate Behind every darkness, there is a shining light waiting for you to find it... Behind every best friend, there is always trust and love... BSLVYL",0,153,long,1.0,0.0,0.0,motivate behind every darkness shining light waiting find behind every best friend always trust love bslvyl,0.6265560165975104
ham,"Ya ok, then had dinner?",0,23,short,0.0,0.0,1.0,ya ok dinner,0.08713692946058091
ham,I was slept that time.you there?,0,32,short,0.0,0.0,1.0,slept timeyou,0.12448132780082988
ham,dont make ne plans for nxt wknd coz she wants us to come down then ok,0,69,medium,0.0,1.0,0.0,dont make ne plans nxt wknd coz wants us come ok,0.2780082987551867
ham,When is school starting. Where will you stay. What's the weather like. And the food. Do you have a social support system like friends in the school. All these things are important.,0,180,long,1.0,0.0,0.0,school starting stay whats weather like food social support system like friends school things important,0.7385892116182573
ham,Noice. Text me when you're here,0,31,short,0.0,0.0,1.0,noice text youre,0.12033195020746887
ham,Hi di is yijue we're meeting at 7 pm at esaplanade tonight.,0,59,medium,0.0,1.0,0.0,hi di yijue meeting pm esaplanade tonight,0.23651452282157676
spam,Moby Pub Quiz.Win a å£100 High Street prize if u know who the new Duchess of Cornwall will be? Txt her first name to 82277.unsub STOP å£1.50 008704050406 SP,1,156,long,1.0,0.0,0.0,moby pub quizwin å£ high street prize know new duchess cornwall txt first name unsub stop å£ sp,0.6390041493775934
spam,"This weeks SavaMob member offers are now accessible. Just call 08709501522 for details! SavaMob, POBOX 139, LA3 2WU. Only å£1.50/week. SavaMob - offers mobile!",1,159,long,1.0,0.0,0.0,weeks savamob member offers accessible call details savamob pobox la wu å£ week savamob offers mobile,0.6514522821576764
ham,"Aight I've been set free, think you could text me blake's address? It occurs to me I'm not quite as sure what I'm doing as I thought I was",0,138,long,1.0,0.0,0.0,aight ive set free think could text blakes address occurs im quite sure im thought,0.5643153526970954
ham,Hi dear we saw dear. We both are happy. Where you my battery is low,0,67,medium,0.0,1.0,0.0,hi dear saw dear happy battery low,0.2697095435684647
ham,How are you. Its been ages. How's abj,0,37,short,0.0,0.0,1.0,ages hows abj,0.14522821576763487
ham,Prof: you have passed in all the papers in this sem congrats . . . . Student: Enna kalaachutaarama..!! Prof:???? Gud mrng!,0,122,long,1.0,0.0,0.0,prof passed papers sem congrats student enna kalaachutaarama prof gud mrng,0.49792531120331945
ham,Dont kick coco when he's down,0,29,short,0.0,0.0,1.0,dont kick coco hes,0.11203319502074689
ham,Fyi I'm gonna call you sporadically starting at like  &lt;#&gt;  bc we are not not doin this shit,0,97,medium,0.0,1.0,0.0,fyi im gonna call sporadically starting like ltgt bc doin shit,0.3941908713692946
spam,"You are being contacted by our Dating Service by someone you know! To find out who it is, call from your mobile or landline 09064017305 PoBox75LDNS7 ",1,149,long,1.0,0.0,0.0,contacted dating service someone know find call mobile landline pobox ldns,0.6099585062240664
spam,TBS/PERSOLVO. been chasing us since Sept forå£38 definitely not paying now thanks to your information. We will ignore them. Kath. Manchester.,1,141,long,1.0,0.0,0.0,tbspersolvo chasing us since sept forå£ definitely paying thanks information ignore kath manchester,0.5767634854771785
ham,Hope youåÕre not having too much fun without me!! see u tomorrow love jess x,0,76,medium,0.0,1.0,0.0,hope youåõre much fun without see tomorrow love jess,0.30705394190871366
ham,Ok i wont call or disturb any one. I know all are avoiding me. I am a burden for all,0,84,medium,0.0,1.0,0.0,ok wont call disturb one know avoiding burden,0.3402489626556016
ham,I've reached home n i bathe liao... U can call me now...,0,56,medium,0.0,1.0,0.0,ive reached home bathe liao call,0.22406639004149378
spam,Loans for any purpose even if you have Bad Credit! Tenants Welcome. Call NoWorriesLoans.com on 08717111821,1,106,long,1.0,0.0,0.0,loans purpose even bad credit tenants welcome call noworriesloanscom,0.43153526970954353
ham,Was the actual exam harder than NBME,0,36,short,0.0,0.0,1.0,actual exam harder nbme,0.14107883817427386
ham,A lot of this sickness thing going round. Take it easy. Hope u feel better soon. Lol,0,84,medium,0.0,1.0,0.0,lot sickness thing going round take easy hope feel better soon lol,0.3402489626556016
spam,87077: Kick off a new season with 2wks FREE goals & news to ur mobile! Txt ur club name to 87077 eg VILLA to 87077,1,114,long,1.0,0.0,0.0,kick new season wks free goals news ur mobile txt ur club name eg villa,0.4647302904564315
ham,Hey sathya till now we dint meet not even a single time then how can i saw the situation sathya.,0,96,medium,0.0,1.0,0.0,hey sathya till dint meet even single time saw situation sathya,0.3900414937759336
ham,Gam gone after outstanding innings.,0,35,short,0.0,0.0,1.0,gam gone outstanding innings,0.13692946058091288
ham,O i played smash bros  &lt;#&gt;  religiously.,0,46,medium,0.0,1.0,0.0,played smash bros ltgt religiously,0.1825726141078838
ham,Hurry home. Soup is DONE!,0,25,short,0.0,0.0,1.0,hurry home soup done,0.09543568464730291
ham,"Good afternoon, my love. It was good to see your words on YM and get your tm. Very smart move, my slave ... *smiles* ... I drink my coffee and await you.",0,153,long,1.0,0.0,0.0,good afternoon love good see words ym get tm smart move slave smiles drink coffee await,0.6265560165975104
ham,Quite ok but a bit ex... U better go eat smth now else i'll feel guilty...,0,74,medium,0.0,1.0,0.0,quite ok bit ex better go eat smth else ill feel guilty,0.2987551867219917
spam,"Orange brings you ringtones from all time Chart Heroes, with a free hit each week! Go to Ringtones & Pics on wap. To stop receiving these tips reply STOP.",1,154,long,1.0,0.0,0.0,orange brings ringtones time chart heroes free hit week go ringtones pics wap stop receiving tips reply stop,0.6307053941908713
ham,Lemme know when you're here,0,27,short,0.0,0.0,1.0,lemme know youre,0.1037344398340249
spam,PRIVATE! Your 2003 Account Statement for 07973788240 shows 800 un-redeemed S. I. M. points. Call 08715203649 Identifier Code: 40533 Expires 31/10/04,1,148,long,1.0,0.0,0.0,private account statement shows unredeemed points call identifier code expires,0.6058091286307055
ham,He needs to stop going to bed and make with the fucking dealing,0,63,medium,0.0,1.0,0.0,needs stop going bed make fucking dealing,0.25311203319502074
ham,"How are you, my Love ? Are you with your brother ? Time to talk english with him ? *grins* Say : Hey Muhommad, Penny says hello from across the sea",0,147,long,1.0,0.0,0.0,love brother time talk english grins say hey muhommad penny says hello across sea,0.6016597510373445
spam,We tried to call you re your reply to our sms for a video mobile 750 mins UNLIMITED TEXT + free camcorder Reply of call 08000930705 Now,1,135,long,1.0,0.0,0.0,tried call reply sms video mobile mins unlimited text free camcorder reply call,0.5518672199170125
ham,"Hey doc pls I want to get nice t shirt for my hubby nice fiting ones my budget is  &lt;#&gt; k help pls I will load d card abi hw,keep me posted luv. 2 mj",0,154,long,1.0,0.0,0.0,hey doc pls want get nice shirt hubby nice fiting ones budget ltgt help pls load card abi hwkeep posted luv mj,0.6307053941908713
ham,I remain unconvinced that this isn't an elaborate test of my willpower,0,70,medium,0.0,1.0,0.0,remain unconvinced isnt elaborate test willpower,0.2821576763485477
ham,"\Life is nothing wen v get everything\"". But \""life is everything wen v miss something \"". Real value of people wil be realized only in their absence.... gud mrng""",0,163,long,1.0,0.0,0.0,life nothing wen get everything life everything wen miss something real value people wil realized absence gud mrng,0.6680497925311204
ham,how are you? I miss you!,0,24,short,0.0,0.0,1.0,miss,0.09128630705394192
ham,I ain't answerin no phone at what is actually a pretty reasonable hour but I'm sleepy,0,85,medium,0.0,1.0,0.0,aint answerin phone actually pretty reasonable hour im sleepy,0.34439834024896265
ham,"Hey , is * rite u put åÈ10 evey mnth is that all?",0,49,medium,0.0,1.0,0.0,hey rite put åè evey mnth,0.1950207468879668
ham,i am going to bed now prin,0,26,short,0.0,0.0,1.0,going bed prin,0.09958506224066391
ham,I think just yourself Û_Thanks and see you tomo,0,48,medium,0.0,1.0,0.0,think ûthanks see tomo,0.19087136929460582
ham,If u dun drive then how i go 2 sch.,0,35,short,0.0,0.0,1.0,dun drive go sch,0.13692946058091288
ham,I not at home now lei...,0,24,short,0.0,0.0,1.0,home lei,0.09128630705394192
spam,GSOH? Good with SPAM the ladies?U could b a male gigolo? 2 join the uk's fastest growing mens club reply ONCALL. mjzgroup. 08714342399.2stop reply STOP. msg@å£1.50rcvd,1,167,long,1.0,0.0,0.0,gsoh good spam ladiesu could male gigolo join uks fastest growing mens club reply oncall mjzgroup stop reply stop msgå£ rcvd,0.6846473029045643
ham,Do u hav any frnd by name ashwini in ur college?,0,48,medium,0.0,1.0,0.0,hav frnd name ashwini ur college,0.19087136929460582
ham,Jus finish my lunch on my way home lor... I tot u dun wan 2 stay in sch today...,0,80,medium,0.0,1.0,0.0,jus finish lunch way home lor tot dun wan stay sch today,0.32365145228215764
ham,K then 2marrow are you coming to class.,0,39,short,0.0,0.0,1.0,marrow coming class,0.15352697095435686
spam,"HOT LIVE FANTASIES call now 08707500020 Just 20p per min NTT Ltd, PO Box 1327 Croydon CR9 5WB 0870 is a national rate call",1,122,long,1.0,0.0,0.0,hot live fantasies call per min ntt ltd po box croydon cr wb national rate call,0.49792531120331945
ham,Pls send me your address sir.,0,29,short,0.0,0.0,1.0,pls send address sir,0.11203319502074689
ham,I want to lick your pussy now...,0,32,short,0.0,0.0,1.0,want lick pussy,0.12448132780082988
ham,"Yo, you gonna still be in stock tomorrow/today? I'm trying to get a dubsack",0,75,medium,0.0,1.0,0.0,yo gonna still stock tomorrowtoday im trying get dubsack,0.3029045643153527
spam,URGENT! Your Mobile number has been awarded a <UKP>2000 prize GUARANTEED. Call 09061790125 from landline. Claim 3030. Valid 12hrs only 150ppm,1,141,long,1.0,0.0,0.0,urgent mobile number awarded ukp prize guaranteed call landline claim valid hrs ppm,0.5767634854771785
ham,"I'll see, but prolly yeah",0,25,short,0.0,0.0,1.0,ill see prolly yeah,0.09543568464730291
ham,Thought we could go out for dinner. I'll treat you! Seem ok?,0,60,medium,0.0,1.0,0.0,thought could go dinner ill treat seem ok,0.24066390041493776
ham,Where are you ? What do you do ? How can you stand to be away from me ? Doesn't your heart ache without me ? Don't you wonder of me ? Don't you crave me ?,0,154,long,1.0,0.0,0.0,stand away doesnt heart ache without dont wonder dont crave,0.6307053941908713
ham,Sorry. You never hear unless you book it. One was kinda a joke--thet were really looking for skinny white girls. The other was one line--you can only do so much on camera with that. Something like that they're casting on the look.,0,230,long,1.0,0.0,0.0,sorry never hear unless book one kinda jokethet really looking skinny white girls one lineyou much camera something like theyre casting look,0.9460580912863071
ham,"Sure thing big man. i have hockey elections at 6, shouldnÛ÷t go on longer than an hour though",0,94,medium,0.0,1.0,0.0,sure thing big man hockey elections shouldnû÷t go longer hour though,0.3817427385892116
ham,Watch lor. I saw a few swatch one i thk quite ok. Ard 116 but i need 2nd opinion leh...,0,87,medium,0.0,1.0,0.0,watch lor saw swatch one thk quite ok ard need nd opinion leh,0.3526970954356846
ham,Hiya do u like the hlday pics looked horrible in them so took mo out! Hows the camp Amrca thing? Speak soon Serena:),0,116,long,1.0,0.0,0.0,hiya like hlday pics looked horrible took mo hows camp amrca thing speak soon serena,0.4730290456431535
ham,"Babe! How goes that day ? What are you up to ? I miss you already, my Love ... * loving kiss* ... I hope everything goes well.",0,126,long,1.0,0.0,0.0,babe goes day miss already love loving kiss hope everything goes well,0.5145228215767635
ham,Yunny... I'm goin to be late,0,28,short,0.0,0.0,1.0,yunny im goin late,0.1078838174273859
ham,Doc prescribed me morphine cause the other pain meds aren't enough. Waiting for my mom to bring it. That med should kick in fast so I'm gonna try to be on later,0,160,long,1.0,0.0,0.0,doc prescribed morphine cause pain meds arent enough waiting mom bring med kick fast im gonna try later,0.6556016597510373
ham,"Cool, want me to go to kappa or should I meet you outside mu",0,60,medium,0.0,1.0,0.0,cool want go kappa meet outside mu,0.24066390041493776
ham,"Hey sexy buns ! Have I told you ? I adore you, loverboy. I hope you remember to thank your sister in law for those meatballs *grins* ... i love you, babe",0,153,long,1.0,0.0,0.0,hey sexy buns told adore loverboy hope remember thank sister law meatballs grins love babe,0.6265560165975104
ham,May b approve panalam...but it should have more posts..,0,55,medium,0.0,1.0,0.0,may approve panalambut posts,0.21991701244813278
spam,"SPJanuary Male Sale! Hot Gay chat now cheaper, call 08709222922. National rate from 1.5p/min cheap to 7.8p/min peak! To stop texts call 08712460324 (10p/min)",1,157,long,1.0,0.0,0.0,spjanuary male sale hot gay chat cheaper call national rate pmin cheap pmin peak stop texts call pmin,0.6431535269709544
ham,Me i'm not workin. Once i get job...,0,36,short,0.0,0.0,1.0,im workin get job,0.14107883817427386
ham,And by when you're done I mean now,0,34,short,0.0,0.0,1.0,youre done mean,0.13278008298755187
ham,"\Its Ur luck to Love someone. Its Ur fortune to Love the one who Loves U. But  its a miracle to Love a person who can't Love anyone except U...\"" Gud nyt...""",0,157,long,1.0,0.0,0.0,ur luck love someone ur fortune love one loves miracle love person cant love anyone except gud nyt,0.6431535269709544
ham,Hi baby ive just got back from work and i was wanting to see u allday! I hope i didnt piss u off on the phone today. If u are up give me a call xxx,0,147,long,1.0,0.0,0.0,hi baby ive got back work wanting see allday hope didnt piss phone today give call xxx,0.6016597510373445
spam,FreeMsg Today's the day if you are ready! I'm horny & live in your town. I love sex fun & games! Netcollex Ltd 08700621170150p per msg reply Stop to end,1,152,long,1.0,0.0,0.0,freemsg todays day ready im horny live town love sex fun games netcollex ltd per msg reply stop end,0.6224066390041494
ham,Is it your yahoo boys that bring in the perf? Or legal.,0,55,medium,0.0,1.0,0.0,yahoo boys bring perf legal,0.21991701244813278
ham,No need to say anything to me. I know i am an outsider,0,54,medium,0.0,1.0,0.0,need say anything know outsider,0.2157676348547718
ham,have you ever had one foot before?,0,34,short,0.0,0.0,1.0,ever one foot,0.13278008298755187
ham,Just got to  &lt;#&gt;,0,22,short,0.0,0.0,1.0,got ltgt,0.08298755186721991
ham,"Good! No, donÛ÷t need any receiptsÛÓwell done! (Û_) Yes, please tell . WhatÛ÷s her number, i could ring her",0,111,long,1.0,0.0,0.0,good donû÷t need receiptsûówell done û yes please tell whatû÷s number could ring,0.4522821576763485
ham,Leave it wif me lar... ÌÏ wan to carry meh so heavy... Is da num 98321561 familiar to Ì_?,0,89,medium,0.0,1.0,0.0,leave wif lar ìï wan carry meh heavy da num familiar,0.36099585062240663
ham,Beautiful truth : Expression of the face could Be seen by everyone... But the depression of heart Could be understood only By the Loved ones.. Gud Ni8;-),0,153,long,1.0,0.0,0.0,beautiful truth expression face could seen everyone depression heart could understood loved ones gud ni,0.6265560165975104
ham,Infact happy new year. How are you where are you when are we seeing,0,67,medium,0.0,1.0,0.0,infact happy new year seeing,0.2697095435684647
spam,"In The Simpsons Movie released in July 2007 name the band that died at the start of the film? A-Green Day, B-Blue Day, C-Red Day. (Send A, B or C)",1,146,long,1.0,0.0,0.0,simpsons movie released july name band died start film agreen day bblue day cred day send,0.5975103734439834
ham,That's a shame! Maybe cld meet for few hrs tomo?,0,48,medium,0.0,1.0,0.0,thats shame maybe cld meet hrs tomo,0.19087136929460582
ham,Lol I would but despite these cramps I like being a girl.,0,57,medium,0.0,1.0,0.0,lol would despite cramps like girl,0.22821576763485477
ham,I canåÕt wait for cornwall. Hope tonight isnåÕt too bad as well but itåÕs rock night shite. Anyway iåÕm going for a kip now have a good night. Speak to you soon.,0,161,long,1.0,0.0,0.0,canåõt wait cornwall hope tonight isnåõt bad well itåõs rock night shite anyway iåõm going kip good night speak soon,0.6597510373443983
ham,Pls help me tell sura that i'm expecting a battery from hont. And that if should pls send me a message about how to download movies. Thanks,0,139,long,1.0,0.0,0.0,pls help tell sura im expecting battery hont pls send message download movies thanks,0.5684647302904564
spam,Please call Amanda with regard to renewing or upgrading your current T-Mobile handset free of charge. Offer ends today. Tel 0845 021 3680 subject to T's and C's,1,160,long,1.0,0.0,0.0,please call amanda regard renewing upgrading current tmobile handset free charge offer ends today tel subject ts cs,0.6556016597510373
ham,"Haven't found a way to get another app for your phone, eh ? Will you go to the net cafe ? Did you take that job? Geeee I need you babe. I crave to see you ...",0,158,long,1.0,0.0,0.0,havent found way get another app phone eh go net cafe take job geeee need babe crave see,0.6473029045643154
ham,I only work from mon to thurs but Sat i cant leh... Booked liao... Which other day u free?,0,90,medium,0.0,1.0,0.0,work mon thurs sat cant leh booked liao day free,0.3651452282157676
ham,ÌÏ comin to fetch us oredi...,0,29,short,0.0,0.0,1.0,ìï comin fetch us oredi,0.11203319502074689
ham,What's nannys address?,0,22,short,0.0,0.0,1.0,whats nannys address,0.08298755186721991
ham,Haf u eaten? Wat time u wan me 2 come?,0,38,short,0.0,0.0,1.0,haf eaten wat time wan come,0.14937759336099585
spam,Want a new Video Phone? 750 anytime any network mins? Half price line rental free text for 3 months? Reply or call 08000930705 for free delivery,1,144,long,1.0,0.0,0.0,want new video phone anytime network mins half price line rental free text months reply call free delivery,0.5892116182572614
ham,"Yo, call me when you get the chance, a friend of mine wanted me to ask you about a big order",0,92,medium,0.0,1.0,0.0,yo call get chance friend mine wanted ask big order,0.3734439834024896
ham,This single single answers are we fighting? Plus i said am broke and you didnt reply,0,84,medium,0.0,1.0,0.0,single single answers fighting plus said broke didnt reply,0.3402489626556016
ham,It certainly puts things into perspective when something like this happens,0,74,medium,0.0,1.0,0.0,certainly puts things perspective something like happens,0.2987551867219917
ham,Now got tv 2 watch meh? U no work today?,0,40,medium,0.0,1.0,0.0,got tv watch meh work today,0.15767634854771784
ham,i felt so...not any conveying reason.. Ese he... What about me?,0,63,medium,0.0,1.0,0.0,felt sonot conveying reason ese,0.25311203319502074
ham,How's it going? Got any exciting karaoke type activities planned? I'm debating whether to play football this eve. Feeling lazy though.,0,134,long,1.0,0.0,0.0,hows going got exciting karaoke type activities planned im debating whether play football eve feeling lazy though,0.5477178423236515
ham,I told that am coming on wednesday.,0,35,short,0.0,0.0,1.0,told coming wednesday,0.13692946058091288
ham,"Its ok, called mom instead have fun",0,35,short,0.0,0.0,1.0,ok called mom instead fun,0.13692946058091288
spam,"Dear Voucher Holder, To claim this weeks offer, at your PC please go to http://www.wtlp.co.uk/text. Ts&Cs apply.",1,112,long,1.0,0.0,0.0,dear voucher holder claim weeks offer pc please go tscs apply,0.45643153526970953
ham,Well if I'm that desperate I'll just call armand again,0,54,medium,0.0,1.0,0.0,well im desperate ill call armand,0.2157676348547718
ham,Are you at work right now ?,0,27,short,0.0,0.0,1.0,work right,0.1037344398340249
ham,Haven't heard anything and he's not answering my texts so I'm guessing he flaked. That said the jb is fantastic,0,111,long,1.0,0.0,0.0,havent heard anything hes answering texts im guessing flaked said jb fantastic,0.4522821576763485
ham,"Mmmmmm ... I love you,so much, Ahmad ... I can't wait for this year to begin as every second takes me closer to being at your side. Happy New Year, my love!!",0,157,long,1.0,0.0,0.0,mmmmmm love youso much ahmad cant wait year begin every second takes closer side happy new year love,0.6431535269709544
ham,Pls what's the full name of joke's school cos fees in university of florida seem to actually be  &lt;#&gt; k. Pls holla back,0,124,long,1.0,0.0,0.0,pls whats full name jokes school cos fees university florida seem actually ltgt pls holla back,0.5062240663900415
ham,Ok... But they said i've got wisdom teeth hidden inside n mayb need 2 remove.,0,77,medium,0.0,1.0,0.0,ok said ive got wisdom teeth hidden inside mayb need remove,0.31120331950207464
ham,And pls pls drink plenty plenty water,0,37,short,0.0,0.0,1.0,pls pls drink plenty plenty water,0.14522821576763487
ham,How are you doing. How's the queen. Are you going for the royal wedding,0,71,medium,0.0,1.0,0.0,hows queen going royal wedding,0.2863070539419087
ham,He's in lag. That's just the sad part but we keep in touch thanks to skype,0,74,medium,0.0,1.0,0.0,hes lag thats sad part keep touch thanks skype,0.2987551867219917
ham,Ok lor then we go tog lor...,0,28,short,0.0,0.0,1.0,ok lor go tog lor,0.1078838174273859
ham,Two teams waiting for some players,0,34,short,0.0,0.0,1.0,two teams waiting players,0.13278008298755187
ham,Can Ì_ send me a copy of da report?,0,35,short,0.0,0.0,1.0,send copy da report,0.13692946058091288
ham,"swhrt how u dey,hope ur ok, tot about u 2day.love n miss.take care.",0,67,medium,0.0,1.0,0.0,swhrt deyhope ur ok tot daylove misstake care,0.2697095435684647
ham,"Ok da, i already planned. I wil pick you.",0,41,medium,0.0,1.0,0.0,ok da already planned wil pick,0.16182572614107885
spam,"Urgent! Please call 0906346330. Your ABTA complimentary 4* Spanish Holiday or å£10,000 cash await collection SAE T&Cs BOX 47 PO19 2EZ 150ppm 18+",1,144,long,1.0,0.0,0.0,urgent please call abta complimentary spanish holiday å£ cash await collection sae tcs box po ez ppm,0.5892116182572614
ham,I just really need shit before tomorrow and I know you won't be awake before like 6,0,83,medium,0.0,1.0,0.0,really need shit tomorrow know wont awake like,0.33609958506224064
ham,I'm good. Have you registered to vote?,0,38,short,0.0,0.0,1.0,im good registered vote,0.14937759336099585
ham,"Hmm ok, i'll stay for like an hour cos my eye is really sore!",0,61,medium,0.0,1.0,0.0,hmm ok ill stay like hour cos eye really sore,0.24481327800829875
ham,Dear got bus directly to calicut,0,32,short,0.0,0.0,1.0,dear got bus directly calicut,0.12448132780082988
ham,Mm umma ask vava also to come tell him can play later together,0,62,medium,0.0,1.0,0.0,mm umma ask vava also come tell play later together,0.24896265560165973
ham,"Well the general price is  &lt;#&gt; /oz, let me know if/when/how much you want",0,79,medium,0.0,1.0,0.0,well general price ltgt oz let know ifwhenhow much want,0.31950207468879666
ham,"Each Moment in a day,has its own value-Morning brings hope,afternoon brings faith,Evening brings luv,Night brings rest,Wish u find them all today.Good Morning",0,158,long,1.0,0.0,0.0,moment dayhas valuemorning brings hopeafternoon brings faithevening brings luvnight brings restwish find todaygood morning,0.6473029045643154
ham,&lt;#&gt;  w jetton ave if you forgot,0,37,short,0.0,0.0,1.0,ltgt jetton ave forgot,0.14522821576763487
ham,Ok i'm coming home now.,0,23,short,0.0,0.0,1.0,ok im coming home,0.08713692946058091
ham,Can not use foreign stamps in this country.,0,43,medium,0.0,1.0,0.0,use foreign stamps country,0.17012448132780084
ham,"Sorry, it's a lot of friend-of-a-friend stuff, I'm just now about to talk to the actual guy who wants to buy",0,108,long,1.0,0.0,0.0,sorry lot friendofafriend stuff im talk actual guy wants buy,0.43983402489626555
spam,"cmon babe, make me horny, *turn* me on! Txt me your fantasy now babe -) Im hot, sticky and need you now. All replies cost å£1.50. 2 cancel send STOP",1,148,long,1.0,0.0,0.0,cmon babe make horny turn txt fantasy babe im hot sticky need replies cost å£ cancel send stop,0.6058091286307055
ham,Wylie update: my weed dealer carlos went to freedom and had a class with lunsford,0,81,medium,0.0,1.0,0.0,wylie update weed dealer carlos went freedom class lunsford,0.3278008298755187
ham,Are you happy baby ? Are you alright ? Did you take that job ? I hope your fine. I send you a kiss to make you smile from across the sea ... *kiss* *kiss*,0,154,long,1.0,0.0,0.0,happy baby alright take job hope fine send kiss make smile across sea kiss kiss,0.6307053941908713
ham,C movie is juz last minute decision mah. Juz watch 2 lar but i tot Ì_ not interested.,0,85,medium,0.0,1.0,0.0,movie juz last minute decision mah juz watch lar tot interested,0.34439834024896265
ham,How are you enjoying this semester? Take care brother.,0,54,medium,0.0,1.0,0.0,enjoying semester take care brother,0.2157676348547718
spam,IMPORTANT INFORMATION 4 ORANGE USER 0796XXXXXX. TODAY IS UR LUCKY DAY!2 FIND OUT WHY LOG ONTO http://www.urawinner.com THERE'S A FANTASTIC PRIZEAWAITING YOU!,1,157,long,1.0,0.0,0.0,important information orange user xxxxxx today ur lucky day find log onto theres fantastic prizeawaiting,0.6431535269709544
ham,"Get the door, I'm here",0,22,short,0.0,0.0,1.0,get door im,0.08298755186721991
ham,"Lets use it next week, princess :)",0,34,short,0.0,0.0,1.0,lets use next week princess,0.13278008298755187
ham,Or i go home first lar Ì_ wait 4 me lor.. I put down my stuff first..,0,69,medium,0.0,1.0,0.0,go home first lar wait lor put stuff first,0.2780082987551867
ham,I want kfc its Tuesday. Only buy 2 meals ONLY 2. No gravy. Only 2 Mark. 2!,0,74,medium,0.0,1.0,0.0,want kfc tuesday buy meals gravy mark,0.2987551867219917
ham,No da:)he is stupid da..always sending like this:)don believe any of those message.pandy is a mental:),0,102,long,1.0,0.0,0.0,dahe stupid daalways sending like thisdon believe messagepandy mental,0.41493775933609955
ham,Oi when you gonna ring,0,22,short,0.0,0.0,1.0,oi gonna ring,0.08298755186721991
spam,Missed call alert. These numbers called but left no message. 07008009200,1,72,medium,0.0,1.0,0.0,missed call alert numbers called left message,0.2904564315352697
ham,I attended but nothing is there.,0,32,short,0.0,0.0,1.0,attended nothing,0.12448132780082988
ham,Ard 530 like dat lor. We juz meet in mrt station then Ì_ dun haf to come out.,0,77,medium,0.0,1.0,0.0,ard like dat lor juz meet mrt station dun haf come,0.31120331950207464
ham,No dear i was sleeping :-P,0,26,short,0.0,0.0,1.0,dear sleeping,0.09958506224066391
ham,Er mw im filled tuth is aight,0,29,short,0.0,0.0,1.0,er mw im filled tuth aight,0.11203319502074689
ham,Will be office around 4 pm. Now i am going hospital.,0,52,medium,0.0,1.0,0.0,office around pm going hospital,0.2074688796680498
ham,Actually i'm waiting for 2 weeks when they start putting ad.,0,60,medium,0.0,1.0,0.0,actually im waiting weeks start putting ad,0.24066390041493776
ham,Anything lor if they all go then i go lor...,0,44,medium,0.0,1.0,0.0,anything lor go go lor,0.17427385892116182
ham,U free on sat rite? U wan 2 watch infernal affairs wif me n darren n mayb xy?,0,77,medium,0.0,1.0,0.0,free sat rite wan watch infernal affairs wif darren mayb xy,0.31120331950207464
ham,Yo you around? A friend of mine's lookin to pick up later tonight,0,65,medium,0.0,1.0,0.0,yo around friend mines lookin pick later tonight,0.2614107883817427
ham,Stupid auto correct on my phone,0,31,short,0.0,0.0,1.0,stupid auto correct phone,0.12033195020746887
ham,Double eviction this week - Spiral and Michael and good riddance to them!,0,73,medium,0.0,1.0,0.0,double eviction week spiral michael good riddance,0.29460580912863066
ham,"\The world suffers a lot... Not because of the violence of bad people. But because of the silence of good people!\""  Gud night....""",0,131,long,1.0,0.0,0.0,world suffers lot violence bad people silence good people gud night,0.5352697095435685
ham,"Ok thats cool. Its , just off either raglan rd or edward rd. Behind the cricket ground. Gimme ring when ur closeby see you tuesday.",0,131,long,1.0,0.0,0.0,ok thats cool either raglan rd edward rd behind cricket ground gimme ring ur closeby see tuesday,0.5352697095435685
ham,Buy one egg for me da..please:),0,31,short,0.0,0.0,1.0,buy one egg daplease,0.12033195020746887
ham,Have you started in skye,0,24,short,0.0,0.0,1.0,started skye,0.09128630705394192
ham,Have you bookedthe hut? And also your time off? How are you by the way?,0,71,medium,0.0,1.0,0.0,bookedthe hut also time way,0.2863070539419087
ham,And several to you sir.,0,23,short,0.0,0.0,1.0,several sir,0.08713692946058091
ham,U really pig leh sleep so much. My dad wake me up at 10 smth 2 eat lunch today.,0,79,medium,0.0,1.0,0.0,really pig leh sleep much dad wake smth eat lunch today,0.31950207468879666
ham,My love ... I hope your not doing anything drastic. Don't you dare sell your pc or your phone ...,0,97,medium,0.0,1.0,0.0,love hope anything drastic dont dare sell pc phone,0.3941908713692946
spam,FREEMSG: Our records indicate you may be entitled to 3750 pounds for the Accident you had. To claim for free reply with YES to this msg. To opt out text STOP,1,157,long,1.0,0.0,0.0,freemsg records indicate may entitled pounds accident claim free reply yes msg opt text stop,0.6431535269709544
ham,Life style garments account no please.,0,38,short,0.0,0.0,1.0,life style garments account please,0.14937759336099585
ham,Lol wtf random. Btw is that your lunch break,0,44,medium,0.0,1.0,0.0,lol wtf random btw lunch break,0.17427385892116182
ham,"Sez, hows u & de arab boy? Hope u r all good give my love 2 evry1 love ya eshxxxxxxxxxxx",0,88,medium,0.0,1.0,0.0,sez hows de arab boy hope good give love evry love ya eshxxxxxxxxxxx,0.3568464730290456
ham,"The LAY MAN! Just to let you know you are missed and thought off. Do have a great day. And if you can send me bimbo and ugo's numbers, ill appreciate. Safe",0,155,long,1.0,0.0,0.0,lay man let know missed thought great day send bimbo ugos numbers ill appreciate safe,0.6348547717842324
ham,Detroit. The home of snow. Enjoy it.,0,36,short,0.0,0.0,1.0,detroit home snow enjoy,0.14107883817427386
spam,Show ur colours! Euro 2004 2-4-1 Offer! Get an England Flag & 3Lions tone on ur phone! Click on the following service message for info!,1,135,long,1.0,0.0,0.0,show ur colours euro offer get england flag lions tone ur phone click following service message info,0.5518672199170125
ham,"Aight, I'm chillin in a friend's room so text me when you're on the way",0,71,medium,0.0,1.0,0.0,aight im chillin friends room text youre way,0.2863070539419087
ham,Is toshiba portege m100 gd?,0,27,short,0.0,0.0,1.0,toshiba portege gd,0.1037344398340249
ham,Well welp is sort of a semiobscure internet thing,0,49,medium,0.0,1.0,0.0,well welp sort semiobscure internet thing,0.1950207468879668
spam,Text PASS to 69669 to collect your polyphonic ringtones. Normal gprs charges apply only. Enjoy your tones,1,105,long,1.0,0.0,0.0,text pass collect polyphonic ringtones normal gprs charges apply enjoy tones,0.42738589211618255
spam,"accordingly. I repeat, just text the word ok on your mobile phone and send",1,74,medium,0.0,1.0,0.0,accordingly repeat text word ok mobile phone send,0.2987551867219917
ham,Loosu go to hospital. De dont let it careless.,0,46,medium,0.0,1.0,0.0,loosu go hospital de dont let careless,0.1825726141078838
ham,How much for an eighth?,0,23,short,0.0,0.0,1.0,much eighth,0.08713692946058091
ham,Omg Joanna is freaking me out. She's looked thru all my friends to find photos of me. And then she's asking about stuff on my MySpace which I haven't even logged on in like a year. :/,0,183,long,1.0,0.0,0.0,omg joanna freaking shes looked thru friends find photos shes asking stuff myspace havent even logged like year,0.7510373443983402
ham,"Send ur birthdate with month and year, I will tel u ur LIFE PARTNER'S name. and the method of calculation. Reply must.",0,118,long,1.0,0.0,0.0,send ur birthdate month year tel ur life partners name method calculation reply must,0.4813278008298755
ham,Juz now havent woke up so a bit blur blur... Can? Dad went out liao... I cant cum now oso...,0,92,medium,0.0,1.0,0.0,juz havent woke bit blur blur dad went liao cant cum oso,0.3734439834024896
ham,"How about clothes, jewelry, and trips?",0,38,short,0.0,0.0,1.0,clothes jewelry trips,0.14937759336099585
spam,Block Breaker now comes in deluxe format with new features and great graphics from T-Mobile. Buy for just å£5 by replying GET BBDELUXE and take the challenge,1,157,long,1.0,0.0,0.0,block breaker comes deluxe format new features great graphics tmobile buy å£ replying get bbdeluxe take challenge,0.6431535269709544
ham,Aah! A cuddle would be lush! I'd need lots of tea and soup before any kind of fumbling!,0,87,medium,0.0,1.0,0.0,aah cuddle would lush id need lots tea soup kind fumbling,0.3526970954356846
spam,important information 4 orange user . today is your lucky day!2find out why log onto http://www.urawinner.com THERE'S A FANTASTIC SURPRISE AWAITING YOU!,1,152,long,1.0,0.0,0.0,important information orange user today lucky day find log onto theres fantastic surprise awaiting,0.6224066390041494
ham,Are you plans with your family set in stone ?,0,45,medium,0.0,1.0,0.0,plans family set stone,0.17842323651452283
ham,Pls dont forget to study,0,24,short,0.0,0.0,1.0,pls dont forget study,0.09128630705394192
ham,You'll never believe this but i have actually got off at taunton. Wow,0,69,medium,0.0,1.0,0.0,youll never believe actually got taunton wow,0.2780082987551867
ham,"Den only weekdays got special price... Haiz... Cant eat liao... Cut nails oso muz wait until i finish drivin wat, lunch still muz eat wat... ",0,141,long,1.0,0.0,0.0,den weekdays got special price haiz cant eat liao cut nails oso muz wait finish drivin wat lunch still muz eat wat,0.5767634854771785
ham,She just broke down a list of reasons why nobody's in town and I can't tell if she's being sarcastic or just faggy,0,114,long,1.0,0.0,0.0,broke list reasons nobodys town cant tell shes sarcastic faggy,0.4647302904564315
ham, &lt;DECIMAL&gt; m but its not a common car here so its better to buy from china or asia. Or if i find it less expensive. I.ll holla,0,132,long,1.0,0.0,0.0,ltdecimalgt common car better buy china asia find less expensive ill holla,0.5394190871369295
ham,The greatest test of courage on earth is to bear defeat without losing heart....gn tc,0,85,medium,0.0,1.0,0.0,greatest test courage earth bear defeat without losing heartgn tc,0.34439834024896265
ham,SORRY IM STIL FUCKED AFTER LAST NITE WENT TOBED AT 430 GOT UP 4 WORK AT 630,0,75,medium,0.0,1.0,0.0,sorry im stil fucked last nite went tobed got work,0.3029045643153527
ham,Hey so whats the plan this sat? ,0,32,short,0.0,0.0,1.0,hey whats plan sat,0.12448132780082988
ham,Beauty sleep can help ur pimples too.,0,37,short,0.0,0.0,1.0,beauty sleep help ur pimples,0.14522821576763487
ham,Great. Hope you are using your connections from mode men also cos you can never know why old friends can lead you to today,0,122,long,1.0,0.0,0.0,great hope using connections mode men also cos never know old friends lead today,0.49792531120331945
spam,Natalja (25/F) is inviting you to be her friend. Reply YES-440 or NO-440 See her: www.SMS.ac/u/nat27081980 STOP? Send STOP FRND to 62468,1,136,long,1.0,0.0,0.0,natalja inviting friend reply yes see stop send stop frnd,0.5560165975103735
ham,Where to get those?,0,19,short,0.0,0.0,1.0,get,0.07053941908713693
ham,"Kind of. Just missed train cos of asthma attack, nxt one in half hr so driving in. not sure where to park.",0,106,long,1.0,0.0,0.0,kind missed train cos asthma attack nxt one half hr driving sure park,0.43153526970954353
ham,Ball is moving a lot.will spin in last :)so very difficult to bat:),0,67,medium,0.0,1.0,0.0,ball moving lotwill spin last difficult bat,0.2697095435684647
ham,Haiyoh... Maybe your hamster was jealous of million,0,51,medium,0.0,1.0,0.0,haiyoh maybe hamster jealous million,0.2033195020746888
ham,Can you please send me my aunty's number,0,40,medium,0.0,1.0,0.0,please send auntys number,0.15767634854771784
ham,I'm glad. You are following your dreams.,0,40,medium,0.0,1.0,0.0,im glad following dreams,0.15767634854771784
ham,I've reached home finally...,0,28,short,0.0,0.0,1.0,ive reached home finally,0.1078838174273859
spam,"URGENT. Important information for 02 user. Today is your lucky day! 2 find out why , log onto http://www.urawinner.com there is a fantastic surprise awaiting you !",1,163,long,1.0,0.0,0.0,urgent important information user today lucky day find log onto fantastic surprise awaiting,0.6680497925311204
ham,"Wn u r hurt by d prsn who s close 2 u, do fight wit dem. Coz somtimes dis fight saves a relation bt being quiet leaves nothin in a relation.. Gud eveB-)",0,152,long,1.0,0.0,0.0,wn hurt prsn close fight wit dem coz somtimes dis fight saves relation bt quiet leaves nothin relation gud eveb,0.6224066390041494
ham,U can call now...,0,17,short,0.0,0.0,1.0,call,0.06224066390041494
ham,"Science tells that chocolate will melt under the sunlight. Please don't walk under the sunlight. BCoz,I don't want to loss a sweet friend.",0,138,long,1.0,0.0,0.0,science tells chocolate melt sunlight please dont walk sunlight bcozi dont want loss sweet friend,0.5643153526970954
ham,Yes. I come to nyc for audiitions and am trying to relocate.,0,60,medium,0.0,1.0,0.0,yes come nyc audiitions trying relocate,0.24066390041493776
ham,I pocked you up there before,0,28,short,0.0,0.0,1.0,pocked,0.1078838174273859
ham,Congrats. That's great. I wanted to tell you not to tell me your score cos it might make me relax. But its motivating me so thanks for sharing,0,142,long,1.0,0.0,0.0,congrats thats great wanted tell tell score cos might make relax motivating thanks sharing,0.5809128630705395
ham,I wud never mind if u dont miss me or if u dont need me.. But u wil really hurt me wen u need me &amp; u dont tell me......... Take care:-),0,139,long,1.0,0.0,0.0,wud never mind dont miss dont need wil really hurt wen need amp dont tell take care,0.5684647302904564
ham,Hey mr whats the name of that bill brison book the one about language and words ,0,80,medium,0.0,1.0,0.0,hey mr whats name bill brison book one language words,0.32365145228215764
ham,"Okay, good, no problem, and thanx!",0,34,short,0.0,0.0,1.0,okay good problem thanx,0.13278008298755187
ham,Call me when u're done...,0,25,short,0.0,0.0,1.0,call ure done,0.09543568464730291
ham,G.W.R,0,5,short,0.0,0.0,1.0,gwr,0.012448132780082987
ham,You best watch what you say cause I get drunk as a motherfucker,0,63,medium,0.0,1.0,0.0,best watch say cause get drunk motherfucker,0.25311203319502074
spam,Kit Strip - you have been billed 150p. Netcollex Ltd. PO Box 1013 IG11 OJA,1,74,medium,0.0,1.0,0.0,kit strip billed netcollex ltd po box ig oja,0.2987551867219917
spam,Please CALL 08712402578 immediately as there is an urgent message waiting for you,1,81,medium,0.0,1.0,0.0,please call immediately urgent message waiting,0.3278008298755187
spam,thesmszone.com lets you send free anonymous and masked messages..im sending this message from there..do you see the potential for abuse???,1,138,long,1.0,0.0,0.0,thesmszonecom lets send free anonymous masked messagesim sending message theredo see potential abuse,0.5643153526970954
ham,"Erm... Woodland avenue somewhere. Do you get the parish magazine, his telephone number will be in there.",0,104,long,1.0,0.0,0.0,erm woodland avenue somewhere get parish magazine telephone number,0.42323651452282157
ham,Are there TA jobs available? Let me know please cos i really need to start working,0,82,medium,0.0,1.0,0.0,ta jobs available let know please cos really need start working,0.33195020746887965
ham,Aiyar hard 2 type. U later free then tell me then i call n scold n tell u.,0,74,medium,0.0,1.0,0.0,aiyar hard type later free tell call scold tell,0.2987551867219917
ham,Yup i'm free...,0,15,short,0.0,0.0,1.0,yup im free,0.05394190871369295
ham,"Good good, billy mates all gone. Just been jogging, again! Did enjoy concert?",0,77,medium,0.0,1.0,0.0,good good billy mates gone jogging enjoy concert,0.31120331950207464
ham,Yo come over carlos will be here soon,0,37,short,0.0,0.0,1.0,yo come carlos soon,0.14522821576763487
ham,Awww dat is sweet! We can think of something to do he he! Have a nice time tonight ill probably txt u later cos im lonely :( xxx.,0,129,long,1.0,0.0,0.0,awww dat sweet think something nice time tonight ill probably txt later cos im lonely xxx,0.5269709543568465
ham,I guess it is useless calling u 4 something important.,0,54,medium,0.0,1.0,0.0,guess useless calling something important,0.2157676348547718
ham,Ha ha - had popped down to the loo when you hello-ed me. Hello!,0,63,medium,0.0,1.0,0.0,ha ha popped loo helloed hello,0.25311203319502074
ham,He dint tell anything. He is angry on me that why you told to abi.,0,66,medium,0.0,1.0,0.0,dint tell anything angry told abi,0.26556016597510373
ham,I keep ten rs in my shelf:) buy two egg.,0,40,medium,0.0,1.0,0.0,keep ten rs shelf buy two egg,0.15767634854771784
ham,"I wasn't well babe, i have swollen glands at my throat ... What did you end up doing ?",0,86,medium,0.0,1.0,0.0,wasnt well babe swollen glands throat end,0.34854771784232363
ham,Is ur changes 2 da report big? Cos i've already made changes 2 da previous report.,0,82,medium,0.0,1.0,0.0,ur changes da report big cos ive already made changes da previous report,0.33195020746887965
ham,Captain is in our room:),0,24,short,0.0,0.0,1.0,captain room,0.09128630705394192
ham,"I can't speak, bcaz mobile have problem. I can listen you but you cann't listen my voice. So i calls you later.",0,111,long,1.0,0.0,0.0,cant speak bcaz mobile problem listen cannt listen voice calls later,0.4522821576763485
ham,HIYA STU WOT U UP 2.IM IN SO MUCH TRUBLE AT HOME AT MOMENT EVONE HATES ME EVEN U! WOT THE HELL AV I DONE NOW? Y WONT U JUST TELL ME TEXT BCK PLEASE LUV DAN ,0,156,long,1.0,0.0,0.0,hiya stu wot im much truble home moment evone hates even wot hell av done wont tell text bck please luv dan,0.6390041493775934
ham,S...i will take mokka players only:),0,36,short,0.0,0.0,1.0,si take mokka players,0.14107883817427386
ham,Are you still playing with gautham?,0,35,short,0.0,0.0,1.0,still playing gautham,0.13692946058091288
ham,Hey mr  and I are going to the sea view and having a couple of gays I mean games! Give me a bell when ya finish ,0,112,long,1.0,0.0,0.0,hey mr going sea view couple gays mean games give bell ya finish,0.45643153526970953
ham,"K, jason says he's gonna be around so I'll be up there around  &lt;#&gt;",0,72,medium,0.0,1.0,0.0,jason says hes gonna around ill around ltgt,0.2904564315352697
ham,Sorry . I will be able to get to you. See you in the morning.,0,61,medium,0.0,1.0,0.0,sorry able get see morning,0.24481327800829875
ham,Aight well keep me informed,0,27,short,0.0,0.0,1.0,aight well keep informed,0.1037344398340249
ham,Am only searching for good dual sim mobile pa.,0,46,medium,0.0,1.0,0.0,searching good dual sim mobile pa,0.1825726141078838
ham,That seems unnecessarily hostile,0,32,short,0.0,0.0,1.0,seems unnecessarily hostile,0.12448132780082988
ham,Dude got a haircut. Now its breezy up there,0,43,medium,0.0,1.0,0.0,dude got haircut breezy,0.17012448132780084
spam,"Congrats! 2 mobile 3G Videophones R yours. call 09061744553 now! videochat wid ur mates, play java games, Dload polyH music, noline rentl. bx420. ip4. 5we. 150pm",1,161,long,1.0,0.0,0.0,congrats mobile videophones call videochat wid ur mates play java games dload polyh music noline rentl bx ip pm,0.6597510373443983
ham,1Apple/Day=No Doctor. 1Tulsi Leaf/Day=No Cancer. 1Lemon/Day=No Fat. 1Cup Milk/day=No Bone Problms 3 Litres Watr/Day=No Diseases Snd ths 2 Whom U Care..:-),0,154,long,1.0,0.0,0.0,appledayno doctor tulsi leafdayno cancer lemondayno fat cup milkdayno bone problms litres watrdayno diseases snd ths care,0.6307053941908713
ham,i thought we were doing a king of the hill thing there.,0,55,medium,0.0,1.0,0.0,thought king hill thing,0.21991701244813278
ham,Nope i'll come online now..,0,27,short,0.0,0.0,1.0,nope ill come online,0.1037344398340249
ham,ALSO TELL HIM I SAID HAPPY BIRTHDAY,0,35,short,0.0,0.0,1.0,also tell said happy birthday,0.13692946058091288
ham,Y bishan lei... I tot Ì_ say lavender? ,0,39,short,0.0,0.0,1.0,bishan lei tot say lavender,0.15352697095435686
ham,Boo what time u get out? U were supposed to take me shopping today. :(,0,70,medium,0.0,1.0,0.0,boo time get supposed take shopping today,0.2821576763485477
ham,"Now u sound like manky scouse boy steve,like! I is travelling on da bus home.wot has u inmind 4 recreation dis eve?",0,115,long,1.0,0.0,0.0,sound like manky scouse boy stevelike travelling da bus homewot inmind recreation dis eve,0.46887966804979253
ham,"Fyi I'm taking a quick shower, be at epsilon in like  &lt;#&gt;  min",0,68,medium,0.0,1.0,0.0,fyi im taking quick shower epsilon like ltgt min,0.2738589211618257
ham,on a Tuesday night r u 4 real,0,29,short,0.0,0.0,1.0,tuesday night real,0.11203319502074689
ham,Yes when is the appt again?,0,27,short,0.0,0.0,1.0,yes appt,0.1037344398340249
ham,Just got outta class gonna go gym.,0,34,short,0.0,0.0,1.0,got outta class gonna go gym,0.13278008298755187
ham,I want to sent  &lt;#&gt; mesages today. Thats y. Sorry if i hurts,0,66,medium,0.0,1.0,0.0,want sent ltgt mesages today thats sorry hurts,0.26556016597510373
ham,ÌÏ all write or wat..,0,21,short,0.0,0.0,1.0,ìï write wat,0.07883817427385892
ham,Ha! I wouldn't say that I just didn't read anything into way u seemed. I don't like 2 be judgemental....i save that for fridays in the pub!,0,139,long,1.0,0.0,0.0,ha wouldnt say didnt read anything way seemed dont like judgementali save fridays pub,0.5684647302904564
ham,Its a valentine game. . . send dis msg to all ur friends. . If 5 answers r d same then someone really loves u. . Ques- which colour suits me the best?,0,150,long,1.0,0.0,0.0,valentine game send dis msg ur friends answers someone really loves ques colour suits best,0.6141078838174274
ham,Hi:)did you asked to waheeda fathima about leave?,0,49,medium,0.0,1.0,0.0,hidid asked waheeda fathima leave,0.1950207468879668
ham,Enjoy urself tmr...,0,19,short,0.0,0.0,1.0,enjoy urself tmr,0.07053941908713693
ham,You still around? I could use a half-8th,0,40,medium,0.0,1.0,0.0,still around could use half th,0.15767634854771784
ham,You give us back my id proof and  &lt;#&gt;  rs. We wont allow you to work. We will come to your home within days,0,113,long,1.0,0.0,0.0,give us back id proof ltgt rs wont allow work come home within days,0.4605809128630705
ham,ÌÏ bot notes oredi... Cos i juz rem i got...,0,44,medium,0.0,1.0,0.0,ìï bot notes oredi cos juz rem got,0.17427385892116182
ham,Yes. Rent is very expensive so its the way we save.,0,51,medium,0.0,1.0,0.0,yes rent expensive way save,0.2033195020746888
ham,Hows the pain dear?y r u smiling?,0,33,short,0.0,0.0,1.0,hows pain deary smiling,0.1286307053941909
ham,"Fun fact: although you would think armand would eventually build up a tolerance or some shit considering how much he smokes, he gets fucked up in like 2 hits",0,157,long,1.0,0.0,0.0,fun fact although would think armand would eventually build tolerance shit considering much smokes gets fucked like hits,0.6431535269709544
spam,important information 4 orange user 0789xxxxxxx. today is your lucky day!2find out why log onto http://www.urawinner.com THERE'S A FANTASTIC SURPRISE AWAITING YOU!,1,163,long,1.0,0.0,0.0,important information orange user xxxxxxx today lucky day find log onto theres fantastic surprise awaiting,0.6680497925311204
ham,Great. So should i send you my account number.,0,46,medium,0.0,1.0,0.0,great send account number,0.1825726141078838
ham,"HELLOGORGEOUS, HOWS U? MY FONE WAS ON CHARGE LST NITW WEN U TEXD ME. HOPEU AD A NICE WKEND AS IM SURE U DID LOOKIN 4WARD 2 C-IN U 2MRW LUV JAZ",0,142,long,1.0,0.0,0.0,hellogorgeous hows fone charge lst nitw wen texd hopeu ad nice wkend im sure lookin ward cin mrw luv jaz,0.5809128630705395
spam,"Our dating service has been asked 2 contact U by someone shy! CALL 09058091870 NOW all will be revealed. POBox84, M26 3UZ 150p",1,126,long,1.0,0.0,0.0,dating service asked contact someone shy call revealed pobox uz,0.5145228215767635
ham,ÌÏ only send me the contents page...,0,36,short,0.0,0.0,1.0,ìï send contents page,0.14107883817427386
ham,"Night sweet, sleep well! I've just been to see The Exorcism of Emily Rose and may never sleep again! Hugs and snogs! ",0,117,long,1.0,0.0,0.0,night sweet sleep well ive see exorcism emily rose may never sleep hugs snogs,0.4771784232365145
ham,"Don't Think About \What u Have Got\"" Think About \""How to Use It That You Have Got\"" gooD ni8""",0,94,medium,0.0,1.0,0.0,dont think got think use got good ni,0.3817427385892116
ham,"I can't right this second, gotta hit people up first",0,52,medium,0.0,1.0,0.0,cant right second gotta hit people first,0.2074688796680498
ham,"Evry Emotion dsn't hav Words.Evry Wish dsn't hav Prayrs.. If u Smile,D World is wit u.Othrwise even d Drop of Tear dsn't lik 2 Stay wit u.So b happy.. Good morning, keep smiling:-)",0,180,long,1.0,0.0,0.0,evry emotion dsnt hav wordsevry wish dsnt hav prayrs smiled world wit uothrwise even drop tear dsnt lik stay wit uso happy good morning keep smiling,0.7385892116182573
ham,So what about you. What do you remember,0,39,short,0.0,0.0,1.0,remember,0.15352697095435686
ham,Ujhhhhhhh computer shipped out with address to sandiago and parantella lane. Wtf. Poop.,0,87,medium,0.0,1.0,0.0,ujhhhhhhh computer shipped address sandiago parantella lane wtf poop,0.3526970954356846
ham,Mm yes dear look how i am hugging you both. :-P,0,47,medium,0.0,1.0,0.0,mm yes dear look hugging,0.18672199170124482
ham,I like dis sweater fr mango but no more my size already so irritating.,0,70,medium,0.0,1.0,0.0,like dis sweater fr mango size already irritating,0.2821576763485477
ham,1 I don't have her number and 2 its gonna be a massive pain in the ass and i'd rather not get involved if that's possible,0,121,long,1.0,0.0,0.0,dont number gonna massive pain ass id rather get involved thats possible,0.4937759336099585
ham,Anytime lor...,0,14,short,0.0,0.0,1.0,anytime lor,0.049792531120331954
spam,Do you want a new Video handset? 750 any time any network mins? UNLIMITED TEXT? Camcorder? Reply or Call now 08000930705 for del Sat AM,1,135,long,1.0,0.0,0.0,want new video handset time network mins unlimited text camcorder reply call del sat,0.5518672199170125
spam,"Ur balance is now å£600. Next question: Complete the landmark, Big, A. Bob, B. Barry or C. Ben ?. Text A, B or C to 83738. Good luck!",1,133,long,1.0,0.0,0.0,ur balance å£ next question complete landmark big bob barry ben text good luck,0.5435684647302905
ham,Me fine..absolutly fine,0,23,short,0.0,0.0,1.0,fineabsolutly fine,0.08713692946058091
ham,K and you're sure I don't have to have consent forms to do it :V,0,64,medium,0.0,1.0,0.0,youre sure dont consent forms,0.2572614107883817
spam,Ur TONEXS subscription has been renewed and you have been charged å£4.50. You can choose 10 more polys this month. www.clubzed.co.uk *BILLING MSG*,1,146,long,1.0,0.0,0.0,ur tonexs subscription renewed charged å£ choose polys month billing msg,0.5975103734439834
spam,"If you don't, your prize will go to another customer. T&C at www.t-c.biz 18+ 150p/min Polo Ltd Suite 373 London W1J 6HL Please call back if busy",1,144,long,1.0,0.0,0.0,dont prize go another customer tc pmin polo ltd suite london hl please call back busy,0.5892116182572614
ham,How much is torch in 9ja.,0,25,short,0.0,0.0,1.0,much torch ja,0.09543568464730291
ham,"Doing nothing, then u not having dinner w us?",0,45,medium,0.0,1.0,0.0,nothing dinner us,0.17842323651452283
ham,How are you. Just checking up on you,0,36,short,0.0,0.0,1.0,checking,0.14107883817427386
ham,Done it but internet connection v slow and canÛ÷t send it. Will try again later or first thing tomo.,0,101,long,1.0,0.0,0.0,done internet connection slow canû÷t send try later first thing tomo,0.4107883817427386
ham,Mathews or tait or edwards or anderson,0,38,short,0.0,0.0,1.0,mathews tait edwards anderson,0.14937759336099585
ham,yeah sure thing mate haunt got all my stuff sorted but im going sound anyway promoting hex for .by the way who is this? dont know number. Joke,0,142,long,1.0,0.0,0.0,yeah sure thing mate haunt got stuff sorted im going sound anyway promoting hex way dont know number joke,0.5809128630705395
ham,No need lar i go engin? Cos my sis at arts today...,0,51,medium,0.0,1.0,0.0,need lar go engin cos sis arts today,0.2033195020746888
ham,Thanks honey but still haven't heard anything I will leave it a bit longer so not 2 crowd him and will try later - great advice thanks hope cardiff is still there!,0,163,long,1.0,0.0,0.0,thanks honey still havent heard anything leave bit longer crowd try later great advice thanks hope cardiff still,0.6680497925311204
spam,Do you want a New Nokia 3510i Colour Phone Delivered Tomorrow? With 200 FREE minutes to any mobile + 100 FREE text + FREE camcorder Reply or Call 8000930705,1,156,long,1.0,0.0,0.0,want new nokia colour phone delivered tomorrow free minutes mobile free text free camcorder reply call,0.6390041493775934
ham,", im .. On the snowboarding trip. I was wondering if your planning to get everyone together befor we go..a meet and greet kind of affair? Cheers, ",0,146,long,1.0,0.0,0.0,im snowboarding trip wondering planning get everyone together befor goa meet greet kind affair cheers,0.5975103734439834
ham,S.i'm watching it in live..,0,27,short,0.0,0.0,1.0,sim watching live,0.1037344398340249
ham,"see you then, we're all christmassy here!",0,41,medium,0.0,1.0,0.0,see christmassy,0.16182572614107885
ham,"K I'm ready,  &lt;#&gt; ?",0,25,short,0.0,0.0,1.0,im ready ltgt,0.09543568464730291
ham,what are your new years plans?,0,30,short,0.0,0.0,1.0,new years plans,0.11618257261410789
spam,RECPT 1/3. You have ordered a Ringtone. Your order is being processed...,1,72,medium,0.0,1.0,0.0,recpt ordered ringtone order processed,0.2904564315352697
ham,Baaaaaaaabe! Wake up ! I miss you ! I crave you! I need you!,0,60,medium,0.0,1.0,0.0,baaaaaaaabe wake miss crave need,0.24066390041493776
ham,"Only just got this message, not ignoring you. Yes, i was. Shopping that is",0,74,medium,0.0,1.0,0.0,got message ignoring yes shopping,0.2987551867219917
ham,Dear :-/ why you mood off. I cant drive so i brother to drive,0,61,medium,0.0,1.0,0.0,dear mood cant drive brother drive,0.24481327800829875
ham,When did dad get back.,0,22,short,0.0,0.0,1.0,dad get back,0.08298755186721991
ham,Yes just finished watching days of our lives. I love it.,0,56,medium,0.0,1.0,0.0,yes finished watching days lives love,0.22406639004149378
ham,Juz go google n search 4 qet...,0,31,short,0.0,0.0,1.0,juz go google search qet,0.12033195020746887
ham,Many times we lose our best ones bcoz we are ,0,45,medium,0.0,1.0,0.0,many times lose best ones bcoz,0.17842323651452283
ham,"Good FRIENDS CaRE for each Other.. CLoSE Friends UNDERSTaND each Other... and TRUE Friends STaY forever beyond words, beyond time. Gud ni8",0,138,long,1.0,0.0,0.0,good friends care close friends understand true friends stay forever beyond words beyond time gud ni,0.5643153526970954
ham,Just getting back home,0,22,short,0.0,0.0,1.0,getting back home,0.08298755186721991
ham,"Sorry, I'll call later  &lt;#&gt; mins",0,38,short,0.0,0.0,1.0,sorry ill call later ltgt mins,0.14937759336099585
ham,Dun need to use dial up juz open da browser n surf...,0,53,medium,0.0,1.0,0.0,dun need use dial juz open da browser surf,0.21161825726141079
spam,As one of our registered subscribers u can enter the draw 4 a 100 G.B. gift voucher by replying with ENTER. To unsubscribe text STOP,1,132,long,1.0,0.0,0.0,one registered subscribers enter draw gb gift voucher replying enter unsubscribe text stop,0.5394190871369295
ham,"Awesome, plan to get here any time after like  &lt;#&gt; , I'll text you details in a wee bit",0,93,medium,0.0,1.0,0.0,awesome plan get time like ltgt ill text details wee bit,0.3775933609958506
spam,"For your chance to WIN a FREE Bluetooth Headset then simply reply back with \ADP\""""",1,83,medium,0.0,1.0,0.0,chance win free bluetooth headset simply reply back adp,0.33609958506224064
ham,You also didnt get na hi hi hi hi hi,0,36,short,0.0,0.0,1.0,also didnt get na hi hi hi hi hi,0.14107883817427386
ham,Ya but it cant display internal subs so i gotta extract them,0,60,medium,0.0,1.0,0.0,ya cant display internal subs gotta extract,0.24066390041493776
ham,If i said anything wrong sorry de:-),0,36,short,0.0,0.0,1.0,said anything wrong sorry de,0.14107883817427386
ham,How stupid to say that i challenge god.You dont think at all on what i write instead you respond immed.,0,103,long,1.0,0.0,0.0,stupid say challenge godyou dont think write instead respond immed,0.41908713692946054
ham,"Yeah I should be able to, I'll text you when I'm ready to meet up",0,65,medium,0.0,1.0,0.0,yeah able ill text im ready meet,0.2614107883817427
ham,V skint too but fancied few bevies.waz gona go meet &othrs in spoon but jst bin watchng planet earth&sofa is v comfey; If i dont make it hav gd night,0,149,long,1.0,0.0,0.0,skint fancied bevieswaz gona go meet othrs spoon jst bin watchng planet earthsofa comfey dont make hav gd night,0.6099585062240664
ham," says that he's quitting at least5times a day so i wudn't take much notice of that. Nah, she didn't mind. Are you gonna see him again? Do you want to come to taunton tonight? U can tell me all about !",0,200,long,1.0,0.0,0.0,says hes quitting least times day wudnt take much notice nah didnt mind gonna see want come taunton tonight tell,0.8215767634854773
ham,"When you get free, call me",0,26,short,0.0,0.0,1.0,get free call,0.09958506224066391
ham,How have your little darlings been so far this week? Need a coffee run tomo?Can't believe it's that time of week already Û_,0,124,long,1.0,0.0,0.0,little darlings far week need coffee run tomocant believe time week already û,0.5062240663900415
ham,Still at west coast... Haiz... ÌÏ'll take forever to come back...,0,65,medium,0.0,1.0,0.0,still west coast haiz ìïll take forever come back,0.2614107883817427
ham,MMM ... Fuck .... Merry Christmas to me,0,39,short,0.0,0.0,1.0,mmm fuck merry christmas,0.15352697095435686
ham,alright. Thanks for the advice. Enjoy your night out. I'ma try to get some sleep...,0,83,medium,0.0,1.0,0.0,alright thanks advice enjoy night ima try get sleep,0.33609958506224064
ham,Update your face book status frequently :),0,42,medium,0.0,1.0,0.0,update face book status frequently,0.16597510373443983
ham,Just now saw your message.it k da:),0,35,short,0.0,0.0,1.0,saw messageit da,0.13692946058091288
ham,Was it something u ate?,0,23,short,0.0,0.0,1.0,something ate,0.08713692946058091
ham,So what did the bank say about the money?,0,41,medium,0.0,1.0,0.0,bank say money,0.16182572614107885
ham,Aiyar dun disturb u liao... Thk u have lots 2 do aft ur cupboard come...,0,72,medium,0.0,1.0,0.0,aiyar dun disturb liao thk lots aft ur cupboard come,0.2904564315352697
ham,Hey they r not watching movie tonight so i'll prob b home early...,0,66,medium,0.0,1.0,0.0,hey watching movie tonight ill prob home early,0.26556016597510373
ham,Yar lor... How u noe? U used dat route too?,0,43,medium,0.0,1.0,0.0,yar lor noe used dat route,0.17012448132780084
ham,2mro i am not coming to gym machan. Goodnight.,0,46,medium,0.0,1.0,0.0,mro coming gym machan goodnight,0.1825726141078838
ham,Dont think you need yellow card for uk travel. Ask someone that has gone before. If you do its just  &lt;#&gt; bucks,0,116,long,1.0,0.0,0.0,dont think need yellow card uk travel ask someone gone ltgt bucks,0.4730290456431535
ham,Can u look 4 me in da lib i got stuff havent finish yet.,0,56,medium,0.0,1.0,0.0,look da lib got stuff havent finish yet,0.22406639004149378
ham,Sounds great! Im going to sleep now. Have a good night!,0,55,medium,0.0,1.0,0.0,sounds great im going sleep good night,0.21991701244813278
spam,Don't b floppy... b snappy & happy! Only gay chat service with photo upload call 08718730666 (10p/min). 2 stop our texts call 08712460324,1,137,long,1.0,0.0,0.0,dont floppy snappy happy gay chat service photo upload call pmin stop texts call,0.5601659751037344
ham,How come u got nothing to do?,0,29,short,0.0,0.0,1.0,come got nothing,0.11203319502074689
ham,Nothing will ever be easy. But don't be looking for a reason not to take a risk on life and love,0,96,medium,0.0,1.0,0.0,nothing ever easy dont looking reason take risk life love,0.3900414937759336
ham,i want to grasp your pretty booty :),0,36,short,0.0,0.0,1.0,want grasp pretty booty,0.14107883817427386
ham,I've got it down to a tea. not sure which flavour,0,49,medium,0.0,1.0,0.0,ive got tea sure flavour,0.1950207468879668
ham,I'm going 2 orchard now laready me reaching soon. U reaching?,0,61,medium,0.0,1.0,0.0,im going orchard laready reaching soon reaching,0.24481327800829875
ham,Dear i am not denying your words please,0,39,short,0.0,0.0,1.0,dear denying words please,0.15352697095435686
ham,You know my old Dom I told you about yesterday ? His name is Roger? He got in touch with me last night and wants me to meet him today at 2 pm,0,141,long,1.0,0.0,0.0,know old dom told yesterday name roger got touch last night wants meet today pm,0.5767634854771785
ham,COME BACK TO TAMPA FFFFUUUUUUU,0,30,short,0.0,0.0,1.0,come back tampa ffffuuuuuuu,0.11618257261410789
ham,"2 celebrate my båÕday, y else?",0,30,short,0.0,0.0,1.0,celebrate båõday else,0.11618257261410789
ham,Merry christmas to u too annie!,0,31,short,0.0,0.0,1.0,merry christmas annie,0.12033195020746887
ham,Please tell me you have some of that special stock you were talking about,0,73,medium,0.0,1.0,0.0,please tell special stock talking,0.29460580912863066
ham,I sent them. Do you like?,0,25,short,0.0,0.0,1.0,sent like,0.09543568464730291
ham,"Awesome, be there in a minute",0,29,short,0.0,0.0,1.0,awesome minute,0.11203319502074689
ham,I've told you everything will stop. Just dont let her get dehydrated.,0,69,medium,0.0,1.0,0.0,ive told everything stop dont let get dehydrated,0.2780082987551867
ham,Or I guess  &lt;#&gt;  min,0,26,short,0.0,0.0,1.0,guess ltgt min,0.09958506224066391
ham,I'm home. Ard wat time will u reach?,0,36,short,0.0,0.0,1.0,im home ard wat time reach,0.14107883817427386
ham,"If you want to mapquest it or something look up \usf dogwood drive\""  that's the tiny street where the parking lot is""",0,118,long,1.0,0.0,0.0,want mapquest something look usf dogwood drive thats tiny street parking lot,0.4813278008298755
ham,Aight should I just plan to come up later tonight?,0,50,medium,0.0,1.0,0.0,aight plan come later tonight,0.19917012448132781
ham,Die... I accidentally deleted e msg i suppose 2 put in e sim archive. Haiz... I so sad...,0,89,medium,0.0,1.0,0.0,die accidentally deleted msg suppose put sim archive haiz sad,0.36099585062240663
spam,"Welcome to UK-mobile-date this msg is FREE giving you free calling to 08719839835. Future mgs billed at 150p daily. To cancel send \go stop\"" to 89123""",1,151,long,1.0,0.0,0.0,welcome ukmobiledate msg free giving free calling future mgs billed daily cancel send go stop,0.6182572614107884
ham,This is wishing you a great day. Moji told me about your offer and as always i was speechless. You offer so easily to go to great lengths on my behalf and its stunning. My exam is next friday. After that i will keep in touch more. Sorry.,0,237,long,1.0,0.0,0.0,wishing great day moji told offer always speechless offer easily go great lengths behalf stunning exam next friday keep touch sorry,0.975103734439834
ham,"Thanks again for your reply today. When is ur visa coming in. And r u still buying the gucci and bags. My sister things are not easy, uncle john also has his own bills so i really need to think about how to make my own money. Later sha.",0,236,long,1.0,0.0,0.0,thanks reply today ur visa coming still buying gucci bags sister things easy uncle john also bills really need think make money later sha,0.970954356846473
ham,"Sorry I flaked last night, shit's seriously goin down with my roommate, what you up to tonight?",0,95,medium,0.0,1.0,0.0,sorry flaked last night shits seriously goin roommate tonight,0.3858921161825726
ham,He said i look pretty wif long hair wat. But i thk he's cutting quite short 4 me leh.,0,85,medium,0.0,1.0,0.0,said look pretty wif long hair wat thk hes cutting quite short leh,0.34439834024896265
ham,"\CHEERS FOR CALLIN BABE.SOZI CULDNT TALKBUT I WANNATELL U DETAILS LATER WENWECAN CHAT PROPERLY X\""""",0,99,medium,0.0,1.0,0.0,cheers callin babesozi culdnt talkbut wannatell details later wenwecan chat properly,0.40248962655601656
ham,Hey u still at the gym?,0,23,short,0.0,0.0,1.0,hey still gym,0.08713692946058091
ham,Much better now thanks lol,0,26,short,0.0,0.0,1.0,much better thanks lol,0.09958506224066391
ham,"Nothing, smsing u n xy lor. Sorry lor da guys neva c u in person but they sort of know u lor. So u wan 2 meet them xy ask me 2 bring u along 4 our next meeting.",0,160,long,1.0,0.0,0.0,nothing smsing xy lor sorry lor da guys neva person sort know lor wan meet xy ask bring along next meeting,0.6556016597510373
ham,"Lemme know when I can swing by and pick up, I'm free basically any time after 1 all this semester",0,97,medium,0.0,1.0,0.0,lemme know swing pick im free basically time semester,0.3941908713692946
ham,Wa... U so efficient... Gee... Thanx...,0,39,short,0.0,0.0,1.0,wa efficient gee thanx,0.15352697095435686
spam,3. You have received your mobile content. Enjoy,1,47,medium,0.0,1.0,0.0,received mobile content enjoy,0.18672199170124482
ham,S but not able to sleep.,0,24,short,0.0,0.0,1.0,able sleep,0.09128630705394192
spam,Want explicit SEX in 30 secs? Ring 02073162414 now! Costs 20p/min,1,65,medium,0.0,1.0,0.0,want explicit sex secs ring costs pmin,0.2614107883817427
ham,We will meet soon princess! Ttyl!,0,33,short,0.0,0.0,1.0,meet soon princess ttyl,0.1286307053941909
ham,I'll pick you up at about 5.15pm to go to taunton if you still want to come.,0,76,medium,0.0,1.0,0.0,ill pick pm go taunton still want come,0.30705394190871366
ham,Oh :-)only 4 outside players allowed to play know,0,49,medium,0.0,1.0,0.0,oh outside players allowed play know,0.1950207468879668
ham,I anything lor.,0,15,short,0.0,0.0,1.0,anything lor,0.05394190871369295
ham,Erutupalam thandiyachu,0,22,short,0.0,0.0,1.0,erutupalam thandiyachu,0.08298755186721991
ham,"Y cant u try new invention to fly..i'm not joking.,",0,51,medium,0.0,1.0,0.0,cant try new invention flyim joking,0.2033195020746888
ham,No..its ful of song lyrics..,0,28,short,0.0,0.0,1.0,noits ful song lyrics,0.1078838174273859
ham,"What do u reckon as need 2 arrange transport if u can't do it, thanks",0,69,medium,0.0,1.0,0.0,reckon need arrange transport cant thanks,0.2780082987551867
ham,True lov n care wil nevr go unrecognized. though somone often makes mistakes when valuing it. but they will definitly undrstnd once when they start missing it.,0,159,long,1.0,0.0,0.0,true lov care wil nevr go unrecognized though somone often makes mistakes valuing definitly undrstnd start missing,0.6514522821576764
ham,Shopping? Eh ger i toking abt syd leh...Haha,0,44,medium,0.0,1.0,0.0,shopping eh ger toking abt syd lehhaha,0.17427385892116182
ham,What not under standing.,0,24,short,0.0,0.0,1.0,standing,0.09128630705394192
ham,have * good weekend.,0,20,short,0.0,0.0,1.0,good weekend,0.07468879668049792
ham,Miss call miss call khelate kintu opponenter miss call dhorte lage. Thats d rule. One with great phone receiving quality wins.,0,126,long,1.0,0.0,0.0,miss call miss call khelate kintu opponenter miss call dhorte lage thats rule one great phone receiving quality wins,0.5145228215767635
ham,Call me when you get the chance plz &lt;3,0,41,medium,0.0,1.0,0.0,call get chance plz lt,0.16182572614107885
ham,The new deus ex game comin early next yr,0,40,medium,0.0,1.0,0.0,new deus ex game comin early next yr,0.15767634854771784
ham,My computer just fried the only essential part we don't keep spares of because my fucking idiot roommates looovvve leaving the thing running on full  &lt;#&gt; /7,0,162,long,1.0,0.0,0.0,computer fried essential part dont keep spares fucking idiot roommates looovvve leaving thing running full ltgt,0.6639004149377594
ham,"My friend, she's studying at warwick, we've planned to go shopping and to concert tmw, but it may be canceled, havn't seen  for ages, yeah we should get together sometime!",0,171,long,1.0,0.0,0.0,friend shes studying warwick weve planned go shopping concert tmw may canceled havnt seen ages yeah get together sometime,0.7012448132780084
ham,Probably a couple hours tops,0,28,short,0.0,0.0,1.0,probably couple hours tops,0.1078838174273859
ham,"LOL .. *grins* .. I'm not babe, but thanks for thinking of me!",0,62,medium,0.0,1.0,0.0,lol grins im babe thanks thinking,0.24896265560165973
ham,Man this bus is so so so slow. I think you're gonna get there before me,0,71,medium,0.0,1.0,0.0,man bus slow think youre gonna get,0.2863070539419087
ham,Hope this text meets you smiling. If not then let this text give you a reason to smile. Have a beautiful day.,0,109,long,1.0,0.0,0.0,hope text meets smiling let text give reason smile beautiful day,0.44398340248962653
ham,"In case you wake up wondering where I am, I forgot I have to take care of something for grandma today, should be done before the parade",0,135,long,1.0,0.0,0.0,case wake wondering forgot take care something grandma today done parade,0.5518672199170125
spam,"Latest Nokia Mobile or iPOD MP3 Player +å£400 proze GUARANTEED! Reply with: WIN to 83355 now! Norcorp Ltd.å£1,50/Mtmsgrcvd18+",1,125,long,1.0,0.0,0.0,latest nokia mobile ipod mp player å£ proze guaranteed reply win norcorp ltdå£ mtmsgrcvd,0.5103734439834026
spam,"SMS SERVICES. for your inclusive text credits, pls goto www.comuk.net login= 3qxj9 unsubscribe with STOP, no extra charge. help 08702840625.COMUK. 220-CM2 9AE",1,158,long,1.0,0.0,0.0,sms services inclusive text credits pls goto login qxj unsubscribe stop extra charge help comuk cm ae,0.6473029045643154
ham,Nvm take ur time.,0,17,short,0.0,0.0,1.0,nvm take ur time,0.06224066390041494
ham,So wat's da decision?,0,21,short,0.0,0.0,1.0,wats da decision,0.07883817427385892
ham,Wot is u up 2 then bitch?,0,25,short,0.0,0.0,1.0,wot bitch,0.09543568464730291
ham,She told to hr that he want posting in chennai:)because i'm working here:),0,74,medium,0.0,1.0,0.0,told hr want posting chennaibecause im working,0.2987551867219917
spam,Mobile Club: Choose any of the top quality items for your mobile. 7cfca1a,1,73,medium,0.0,1.0,0.0,mobile club choose top quality items mobile cfca,0.29460580912863066
ham,When are you guys leaving?,0,26,short,0.0,0.0,1.0,guys leaving,0.09958506224066391
ham,He neva grumble but i sad lor... Hee... Buy tmr lor aft lunch. But we still meetin 4 lunch tmr a not. Neva hear fr them lei. ÌÏ got a lot of work ar?,0,149,long,1.0,0.0,0.0,neva grumble sad lor hee buy tmr lor aft lunch still meetin lunch tmr neva hear fr lei ìï got lot work ar,0.6099585062240664
ham,Not able to do anything.,0,24,short,0.0,0.0,1.0,able anything,0.09128630705394192
ham,ÌÏ takin linear algebra today?,0,30,short,0.0,0.0,1.0,ìï takin linear algebra today,0.11618257261410789
ham,This weekend is fine (an excuse not to do too much decorating),0,62,medium,0.0,1.0,0.0,weekend fine excuse much decorating,0.24896265560165973
ham,"Sorry I missed you babe. I was up late and slept in. I hope you enjoy your driving lesson, boytoy. I miss you too ... *teasing kiss*",0,132,long,1.0,0.0,0.0,sorry missed babe late slept hope enjoy driving lesson boytoy miss teasing kiss,0.5394190871369295
ham,Now project pa. After that only i can come.,0,43,medium,0.0,1.0,0.0,project pa come,0.17012448132780084
spam,Money i have won wining number 946 wot do i do next,1,51,medium,0.0,1.0,0.0,money wining number wot next,0.2033195020746888
ham,"Sure, whenever you show the fuck up &gt;:(",0,42,medium,0.0,1.0,0.0,sure whenever show fuck gt,0.16597510373443983
ham,That was random saw my old roomate on campus. He graduated,0,58,medium,0.0,1.0,0.0,random saw old roomate campus graduated,0.23236514522821577
ham,"Men always needs a beautiful, intelligent, caring, loving, adjustable, cooperative wife. But the law allows only one wife....",0,125,long,1.0,0.0,0.0,men always needs beautiful intelligent caring loving adjustable cooperative wife law allows one wife,0.5103734439834026
ham,That sucks. So what do you got planned for your yo valentine? I am your yo valentine aren't I?,0,94,medium,0.0,1.0,0.0,sucks got planned yo valentine yo valentine arent,0.3817427385892116
ham,"Just got part Nottingham - 3 hrs 63miles. Good thing i love my man so much, but only doing 40mph. Hey ho",0,104,long,1.0,0.0,0.0,got part nottingham hrs miles good thing love man much mph hey ho,0.42323651452282157
ham,What to think no one saying clearly. Ok leave no need to ask her. I will go if she come or not,0,94,medium,0.0,1.0,0.0,think one saying clearly ok leave need ask go come,0.3817427385892116
ham,Hi good mornin.. Thanku wish u d same..,0,39,short,0.0,0.0,1.0,hi good mornin thanku wish,0.15352697095435686
ham,DO U WANT 2 MEET UP 2MORRO,0,26,short,0.0,0.0,1.0,want meet morro,0.09958506224066391
ham,Actually I decided I was too hungry so I haven't left yet :V,0,60,medium,0.0,1.0,0.0,actually decided hungry havent left yet,0.24066390041493776
ham,I've sent Ì_ my part..,0,22,short,0.0,0.0,1.0,ive sent part,0.08298755186721991
ham,Cos i was out shopping wif darren jus now n i called him 2 ask wat present he wan lor. Then he started guessing who i was wif n he finally guessed darren lor.,0,158,long,1.0,0.0,0.0,cos shopping wif darren jus called ask wat present wan lor started guessing wif finally guessed darren lor,0.6473029045643154
spam,"I want some cock! My hubby's away, I need a real man 2 satisfy me. Txt WIFE to 89938 for no strings action. (Txt STOP 2 end, txt rec å£1.50ea. OTBox 731 LA1 7WS. )",1,163,long,1.0,0.0,0.0,want cock hubbys away need real man satisfy txt wife strings action txt stop end txt rec å£ ea otbox la ws,0.6680497925311204
ham,Understand. his loss is my gain :) so do you work? School?,0,58,medium,0.0,1.0,0.0,understand loss gain work school,0.23236514522821577
ham,HOW ARE U? I HAVE MISSED U! I HAVENT BEEN UP 2 MUCH A BIT BORED WITH THE HOLIDAY WANT 2 GO BAK 2 COLLEGE! SAD ISNT IT?xx,0,120,long,1.0,0.0,0.0,missed havent much bit bored holiday want go bak college sad isnt itxx,0.4896265560165975
ham,"Hiya, probably coming home * weekend after next",0,47,medium,0.0,1.0,0.0,hiya probably coming home weekend next,0.18672199170124482
ham,Don't forget though that I love you .... And I walk beside you. Watching over you and keeping your heart warm.,0,110,long,1.0,0.0,0.0,dont forget though love walk beside watching keeping heart warm,0.4481327800829875
ham,I wish things were different. I wonder when i will be able to show you how much i value you. Pls continue the brisk walks no drugs without askin me please and find things to laugh about. I love you dearly.,0,205,long,1.0,0.0,0.0,wish things different wonder able show much value pls continue brisk walks drugs without askin please find things laugh love dearly,0.8423236514522822
ham,Ok both our days. So what are you making for dinner tonite? Am I invited?,0,73,medium,0.0,1.0,0.0,ok days making dinner tonite invited,0.29460580912863066
spam,Gr8 new service - live sex video chat on your mob - see the sexiest dirtiest girls live on ur phone - 4 details text horny to 89070 to cancel send STOP to 89070,1,160,long,1.0,0.0,0.0,gr new service live sex video chat mob see sexiest dirtiest girls live ur phone details text horny cancel send stop,0.6556016597510373
ham,I have no money 4 steve mate! !,0,31,short,0.0,0.0,1.0,money steve mate,0.12033195020746887
ham,IM LATE TELLMISS IM ON MY WAY,0,29,short,0.0,0.0,1.0,im late tellmiss im way,0.11203319502074689
ham,Normally i use to drink more water daily:),0,42,medium,0.0,1.0,0.0,normally use drink water daily,0.16597510373443983
ham,Dare i ask... Any luck with sorting out the car?,0,48,medium,0.0,1.0,0.0,dare ask luck sorting car,0.19087136929460582
ham,"Party's at my place at usf, no charge (but if you can contribute in any way it is greatly appreciated) and yeah, we got room for one more",0,137,long,1.0,0.0,0.0,partys place usf charge contribute way greatly appreciated yeah got room one,0.5601659751037344
ham,"Urgh, coach hot, smells of chip fat! Thanks again, especially for the duvet (not a predictive text word).",0,105,long,1.0,0.0,0.0,urgh coach hot smells chip fat thanks especially duvet predictive text word,0.42738589211618255
ham,Hiya. How was last night? I've been naughty and bought myself clothes and very little ... Ready for more shopping tho! What kind of time do you wanna meet?,0,155,long,1.0,0.0,0.0,hiya last night ive naughty bought clothes little ready shopping tho kind time wanna meet,0.6348547717842324
spam,FreeMsg Hi baby wow just got a new cam moby. Wanna C a hot pic? or Fancy a chat?Im w8in 4uTxt / rply CHAT to 82242 Hlp 08712317606 Msg150p 2rcv,1,143,long,1.0,0.0,0.0,freemsg hi baby wow got new cam moby wanna hot pic fancy chatim utxt rply chat hlp msg rcv,0.5850622406639004
ham,I've been trying to reach him without success,0,45,medium,0.0,1.0,0.0,ive trying reach without success,0.17842323651452283
ham,when you and derek done with class?,0,35,short,0.0,0.0,1.0,derek done class,0.13692946058091288
ham,Never y lei... I v lazy... Got wat? Dat day Ì_ send me da url cant work one...,0,78,medium,0.0,1.0,0.0,never lei lazy got wat dat day send da url cant work one,0.3153526970954357
ham,Never try alone to take the weight of a tear that comes out of ur heart and falls through ur eyes... Always remember a STUPID FRIEND is here to share... BSLVYL,0,159,long,1.0,0.0,0.0,never try alone take weight tear comes ur heart falls ur eyes always remember stupid friend share bslvyl,0.6514522821576764
ham,Hey mate. Spoke to the mag people. WeÛ÷re on.  the is deliver by the end of the month. Deliver on the 24th sept. Talk later. ,0,126,long,1.0,0.0,0.0,hey mate spoke mag people weû÷re deliver end month deliver th sept talk later,0.5145228215767635
ham,"Haha, my friend tyler literally just asked if you could get him a dubsack",0,73,medium,0.0,1.0,0.0,haha friend tyler literally asked could get dubsack,0.29460580912863066
ham,"\Hey! do u fancy meetin me at 4 at cha åÐ hav a lil beverage on me. if not txt or ring me and we can meet up l8r. quite tired got in at 3 v.pist ;) love Pete x x x\""""",0,166,long,1.0,0.0,0.0,hey fancy meetin cha åð hav lil beverage txt ring meet quite tired got vpist love pete,0.6804979253112033
ham,Great. Have a safe trip. Dont panic surrender all.,0,50,medium,0.0,1.0,0.0,great safe trip dont panic surrender,0.19917012448132781
ham,"\SYMPTOMS\"" when U are in love: \""1.U like listening songs 2.U get stopped where u see the name of your beloved 3.U won't get angry when your""",0,142,long,1.0,0.0,0.0,symptoms love like listening songs get stopped see name beloved wont get angry,0.5809128630705395
ham,Sun ah... Thk mayb can if dun have anythin on... Thk have to book e lesson... E pilates is at orchard mrt u noe hor...  ,0,120,long,1.0,0.0,0.0,sun ah thk mayb dun anythin thk book lesson pilates orchard mrt noe hor,0.4896265560165975
ham,Try to do something dear. You read something for exams,0,54,medium,0.0,1.0,0.0,try something dear read something exams,0.2157676348547718
ham,Gettin rdy to ship comp,0,23,short,0.0,0.0,1.0,gettin rdy ship comp,0.08713692946058091
ham,I am in hospital da. . I will return home in evening,0,52,medium,0.0,1.0,0.0,hospital da return home evening,0.2074688796680498
ham,PISS IS TALKING IS SOMEONE THAT REALISE U THAT POINT THIS AT IS IT.(NOW READ IT BACKWARDS),0,90,medium,0.0,1.0,0.0,piss talking someone realise point itnow read backwards,0.3651452282157676
ham,Think + da. You wil do.,0,23,short,0.0,0.0,1.0,think da wil,0.08713692946058091
ham,I'm awake oh. What's up.,0,24,short,0.0,0.0,1.0,im awake oh whats,0.09128630705394192
ham,Good afternoon my boytoy. How goes that walking here and there day ? Did you get that police abstract? Are you still out and about? I wake and miss you babe,0,156,long,1.0,0.0,0.0,good afternoon boytoy goes walking day get police abstract still wake miss babe,0.6390041493775934
ham,How much u trying to get?,0,25,short,0.0,0.0,1.0,much trying get,0.09543568464730291
ham,"Come around  &lt;DECIMAL&gt; pm vikky..i'm otside nw, il come by tht time",0,73,medium,0.0,1.0,0.0,come around ltdecimalgt pm vikkyim otside nw il come tht time,0.29460580912863066
ham,Tell me again what your address is,0,34,short,0.0,0.0,1.0,tell address,0.13278008298755187
ham,Should i buy him a blackberry bold 2 or torch. Should i buy him new or used. Let me know. Plus are you saying i should buy the  &lt;#&gt; g wifi ipad. And what are you saying about the about the  &lt;#&gt; g?,0,208,long,1.0,0.0,0.0,buy blackberry bold torch buy new used let know plus saying buy ltgt wifi ipad saying ltgt,0.8547717842323652
ham,But you were together so you should be thinkin about him,0,56,medium,0.0,1.0,0.0,together thinkin,0.22406639004149378
ham,hiya hows it going in sunny africa? hope u r avin a good time. give that big old silver back a big kiss from me.,0,112,long,1.0,0.0,0.0,hiya hows going sunny africa hope avin good time give big old silver back big kiss,0.45643153526970953
ham,At WHAT TIME should i come tomorrow,0,35,short,0.0,0.0,1.0,time come tomorrow,0.13692946058091288
spam,Wanna have a laugh? Try CHIT-CHAT on your mobile now! Logon by txting the word: CHAT and send it to No: 8883 CM PO Box 4217 London W1A 6ZF 16+ 118p/msg rcvd,1,156,long,1.0,0.0,0.0,wanna laugh try chitchat mobile logon txting word chat send cm po box london zf pmsg rcvd,0.6390041493775934
ham,"\CHA QUITEAMUZING THATåÕSCOOL BABE PROBPOP IN & CU SATTHEN HUNNY 4BREKKIE! LOVE JEN XXX. PSXTRA LRG PORTIONS 4 ME PLEASE \""""",0,124,long,1.0,0.0,0.0,cha quiteamuzing thatåõscool babe probpop cu satthen hunny brekkie love jen xxx psxtra lrg portions please,0.5062240663900415
ham,Omg how did u know what I ate?,0,30,short,0.0,0.0,1.0,omg know ate,0.11618257261410789
spam,"\URGENT! This is the 2nd attempt to contact U!U have WON å£1000CALL 09071512432 b4 300603t&csBCM4235WC1N3XX.callcost150ppmmobilesvary. maxå£7. 50\""""",1,148,long,1.0,0.0,0.0,urgent nd attempt contact uu å£ call tcsbcm wc xxcallcost ppmmobilesvary maxå£,0.6058091286307055
ham,:( but your not here....,0,24,short,0.0,0.0,1.0,,0.09128630705394192
ham,Not directly behind... Abt 4 rows behind Ì_...,0,46,medium,0.0,1.0,0.0,directly behind abt rows behind,0.1825726141078838
spam,Congratulations ur awarded 500 of CD vouchers or 125gift guaranteed & Free entry 2 100 wkly draw txt MUSIC to 87066,1,115,long,1.0,0.0,0.0,congratulations ur awarded cd vouchers gift guaranteed free entry wkly draw txt music,0.46887966804979253
spam,"Had your contract mobile 11 Mnths? Latest Motorola, Nokia etc. all FREE! Double Mins & Text on Orange tariffs. TEXT YES for callback, no to remove from records",1,159,long,1.0,0.0,0.0,contract mobile mnths latest motorola nokia etc free double mins text orange tariffs text yes callback remove records,0.6514522821576764
spam,"Urgent! call 09066350750 from your landline. Your complimentary 4* Ibiza Holiday or 10,000 cash await collection SAE T&Cs PO BOX 434 SK3 8WP 150 ppm 18+",1,152,long,1.0,0.0,0.0,urgent call landline complimentary ibiza holiday cash await collection sae tcs po box sk wp ppm,0.6224066390041494
ham,No plans yet. What are you doing ?,0,34,short,0.0,0.0,1.0,plans yet,0.13278008298755187
ham,Hi ....My engagement has been fixd on  &lt;#&gt; th of next month. I know its really shocking bt....hmm njan vilikkam....t ws al of a sudn;-(.,0,142,long,1.0,0.0,0.0,hi engagement fixd ltgt th next month know really shocking bthmm njan vilikkamt ws al sudn,0.5809128630705395
ham,Not course. Only maths one day one chapter with in one month we can finish.,0,75,medium,0.0,1.0,0.0,course maths one day one chapter one month finish,0.3029045643153527
ham,Wow didn't think it was that common. I take it all back ur not a freak! Unless u chop it off:-),0,95,medium,0.0,1.0,0.0,wow didnt think common take back ur freak unless chop,0.3858921161825726
ham,Noooooooo please. Last thing I need is stress. For once in your life be fair.,0,77,medium,0.0,1.0,0.0,noooooooo please last thing need stress life fair,0.31120331950207464
spam,U have a Secret Admirer who is looking 2 make contact with U-find out who they R*reveal who thinks UR so special-call on 09065171142-stopsms-08718727870150ppm,1,158,long,1.0,0.0,0.0,secret admirer looking make contact ufind rreveal thinks ur specialcall stopsms ppm,0.6473029045643154
ham,"I'll see if I can swing by in a bit, got some things to take care of here firsg",0,79,medium,0.0,1.0,0.0,ill see swing bit got things take care firsg,0.31950207468879666
ham,I wanted to wish you a Happy New Year and I wanted to talk to you about some legal advice to do with when Gary and I split but in person. I'll make a trip to Ptbo for that. I hope everything is good with you babe and I love ya :),0,229,long,1.0,0.0,0.0,wanted wish happy new year wanted talk legal advice gary split person ill make trip ptbo hope everything good babe love ya,0.941908713692946
ham,Have you not finished work yet or something?,0,44,medium,0.0,1.0,0.0,finished work yet something,0.17427385892116182
ham,Right it wasnt you who phoned it was someone with a number like yours!,0,70,medium,0.0,1.0,0.0,right wasnt phoned someone number like,0.2821576763485477
ham,It's ok i wun b angry. Msg u aft i come home tonight.,0,53,medium,0.0,1.0,0.0,ok wun angry msg aft come home tonight,0.21161825726141079
ham,I had a good time too. Its nice to do something a bit different with my weekends for a change. See ya soon,0,106,long,1.0,0.0,0.0,good time nice something bit different weekends change see ya soon,0.43153526970954353
ham,Yo sorry was in the shower sup,0,30,short,0.0,0.0,1.0,yo sorry shower sup,0.11618257261410789
ham,"Carlos is down but I have to pick it up from him, so I'll swing by usf in a little bit",0,86,medium,0.0,1.0,0.0,carlos pick ill swing usf little bit,0.34854771784232363
ham,Full heat pa:-) i have applyed oil pa.,0,38,short,0.0,0.0,1.0,full heat pa applyed oil pa,0.14937759336099585
ham,I'm stuck in da middle of da row on da right hand side of da lt... ,0,67,medium,0.0,1.0,0.0,im stuck da middle da row da right hand side da lt,0.2697095435684647
ham,Have you laid your airtel line to rest?,0,39,short,0.0,0.0,1.0,laid airtel line rest,0.15352697095435686
ham,Hi did u decide wot 2 get 4 his bday if not ill prob jus get him a voucher frm virgin or sumfing ,0,97,medium,0.0,1.0,0.0,hi decide wot get bday ill prob jus get voucher frm virgin sumfing,0.3941908713692946
spam,FreeMsg: Txt: CALL to No: 86888 & claim your reward of 3 hours talk time to use from your phone now! Subscribe6GBP/mnth inc 3hrs 16 stop?txtStop,1,144,long,1.0,0.0,0.0,freemsg txt call claim reward hours talk time use phone subscribe gbpmnth inc hrs stoptxtstop,0.5892116182572614
ham,"\Hey j! r u feeling any better  hopeSo hunny. i amnow feelin ill & ithink i may have tonsolitusaswell! damn iam layin in bedreal bored. lotsof luv me xxxx\""""",0,157,long,1.0,0.0,0.0,hey feeling better hopeso hunny amnow feelin ill ithink may tonsolitusaswell damn iam layin bedreal bored lotsof luv xxxx,0.6431535269709544
ham,And I don't plan on staying the night but I prolly won't be back til late,0,73,medium,0.0,1.0,0.0,dont plan staying night prolly wont back til late,0.29460580912863066
ham,THANX 4 PUTTIN DA FONE DOWN ON ME!!,0,35,short,0.0,0.0,1.0,thanx puttin da fone,0.13692946058091288
ham,"I need an 8th but I'm off campus atm, could I pick up in an hour or two?",0,72,medium,0.0,1.0,0.0,need th im campus atm could pick hour two,0.2904564315352697
ham,"Oh... Haha... Den we shld had went today too... Gee, nvm la... Kaiez, i dun mind goin jazz oso... Scared hiphop open cant catch up... ",0,134,long,1.0,0.0,0.0,oh haha den shld went today gee nvm la kaiez dun mind goin jazz oso scared hiphop open cant catch,0.5477178423236515
ham,Been running but only managed 5 minutes and then needed oxygen! Might have to resort to the roller option!,0,106,long,1.0,0.0,0.0,running managed minutes needed oxygen might resort roller option,0.43153526970954353
ham,We live in the next  &lt;#&gt; mins,0,35,short,0.0,0.0,1.0,live next ltgt mins,0.13692946058091288
ham,Y de asking like this.,0,22,short,0.0,0.0,1.0,de asking like,0.08298755186721991
ham,Just glad to be talking to you.,0,31,short,0.0,0.0,1.0,glad talking,0.12033195020746887
ham,Wat time Ì_ finish?,0,19,short,0.0,0.0,1.0,wat time finish,0.07053941908713693
ham,Sorry da. I gone mad so many pending works what to do.,0,54,medium,0.0,1.0,0.0,sorry da gone mad many pending works,0.2157676348547718
ham,How much you got for cleaning,0,29,short,0.0,0.0,1.0,much got cleaning,0.11203319502074689
ham,hows my favourite person today? r u workin hard? couldn't sleep again last nite nearly rang u at 4.30,0,101,long,1.0,0.0,0.0,hows favourite person today workin hard couldnt sleep last nite nearly rang,0.4107883817427386
spam,Sunshine Quiz! Win a super Sony DVD recorder if you canname the capital of Australia? Text MQUIZ to 82277. B,1,108,long,1.0,0.0,0.0,sunshine quiz win super sony dvd recorder canname capital australia text mquiz,0.43983402489626555
ham,ÌÏ called dad oredi...,0,22,short,0.0,0.0,1.0,ìï called dad oredi,0.08298755186721991
ham,Good. do you think you could send me some pix? I would love to see your top and bottom...,0,89,medium,0.0,1.0,0.0,good think could send pix would love see top bottom,0.36099585062240663
ham,Nvm... I'm going to wear my sport shoes anyway... I'm going to be late leh.,0,75,medium,0.0,1.0,0.0,nvm im going wear sport shoes anyway im going late leh,0.3029045643153527
ham,"Sorry, I'll call later In meeting.",0,34,short,0.0,0.0,1.0,sorry ill call later meeting,0.13278008298755187
ham,THIS IS A LONG FUCKIN SHOWR,0,27,short,0.0,0.0,1.0,long fuckin showr,0.1037344398340249
ham,"Received, understood n acted upon!",0,34,short,0.0,0.0,1.0,received understood acted upon,0.13278008298755187
ham,They finally came to fix the ceiling.,0,37,short,0.0,0.0,1.0,finally came fix ceiling,0.14522821576763487
ham,"U need my presnts always bcz U cant mis love. \jeevithathile irulinae neekunna prakasamanu sneham\"" prakasam ennal prabha 'That mns prabha is'LOVE' Got it. Dont mis me....""",0,172,long,1.0,0.0,0.0,need presnts always bcz cant mis love jeevithathile irulinae neekunna prakasamanu sneham prakasam ennal prabha mns prabha islove got dont mis,0.7053941908713693
ham,Jus finish blowing my hair. U finish dinner already?,0,52,medium,0.0,1.0,0.0,jus finish blowing hair finish dinner already,0.2074688796680498
ham,I'm on the bus. Love you,0,24,short,0.0,0.0,1.0,im bus love,0.09128630705394192
ham,Lol ... I knew that .... I saw him in the dollar store,0,54,medium,0.0,1.0,0.0,lol knew saw dollar store,0.2157676348547718
spam,Todays Voda numbers ending with 7634 are selected to receive a å£350 reward. If you have a match please call 08712300220 quoting claim code 7684 standard rates apply.,1,166,long,1.0,0.0,0.0,todays voda numbers ending selected receive å£ reward match please call quoting claim code standard rates apply,0.6804979253112033
ham,Only saturday and sunday holiday so its very difficult:),0,56,medium,0.0,1.0,0.0,saturday sunday holiday difficult,0.22406639004149378
ham,Everybody had fun this evening. Miss you.,0,41,medium,0.0,1.0,0.0,everybody fun evening miss,0.16182572614107885
ham,"Got hella gas money, want to go on a grand nature adventure with galileo in a little bit?",0,89,medium,0.0,1.0,0.0,got hella gas money want go grand nature adventure galileo little bit,0.36099585062240663
ham,Oh wow thats gay. Will firmware update help,0,43,medium,0.0,1.0,0.0,oh wow thats gay firmware update help,0.17012448132780084
ham,These won't do. Have to move on to morphine,0,43,medium,0.0,1.0,0.0,wont move morphine,0.17012448132780084
ham,How come i din c Ì_... Yup i cut my hair...,0,43,medium,0.0,1.0,0.0,come din yup cut hair,0.17012448132780084
ham,K k pa Had your lunch aha.,0,26,short,0.0,0.0,1.0,pa lunch aha,0.09958506224066391
ham,Captain vijaykanth is doing comedy in captain tv..he is drunken :),0,66,medium,0.0,1.0,0.0,captain vijaykanth comedy captain tvhe drunken,0.26556016597510373
ham,Of course. I guess god's just got me on hold right now.,0,55,medium,0.0,1.0,0.0,course guess gods got hold right,0.21991701244813278
ham,Do you hide anythiing or keeping distance from me,0,49,medium,0.0,1.0,0.0,hide anythiing keeping distance,0.1950207468879668
ham,Havent.,0,7,short,0.0,0.0,1.0,havent,0.020746887966804982
spam,You are being ripped off! Get your mobile content from www.clubmoby.com call 08717509990 poly/true/Pix/Ringtones/Games six downloads for only 3,1,143,long,1.0,0.0,0.0,ripped get mobile content call polytruepixringtonesgames six downloads,0.5850622406639004
ham,Sorry i din lock my keypad.,0,27,short,0.0,0.0,1.0,sorry din lock keypad,0.1037344398340249
ham,Are you planning to come chennai?,0,33,short,0.0,0.0,1.0,planning come chennai,0.1286307053941909
spam,We tried to contact you re your reply to our offer of a Video Phone 750 anytime any network mins Half Price Line Rental Camcorder Reply or call 08000930705,1,155,long,1.0,0.0,0.0,tried contact reply offer video phone anytime network mins half price line rental camcorder reply call,0.6348547717842324
ham,God created gap btwn ur fingers so dat sum1 vry special will fill those gaps by holding ur hands.. Now plz dont ask y he created so much gap between legs !!!,0,157,long,1.0,0.0,0.0,god created gap btwn ur fingers dat sum vry special fill gaps holding ur hands plz dont ask created much gap legs,0.6431535269709544
ham,We are okay. Going to sleep now. Later,0,38,short,0.0,0.0,1.0,okay going sleep later,0.14937759336099585
ham,"Finally it has happened..! Aftr decades..! BEER is now cheaper than PETROL! The goverment expects us to \DRINK\"". . . But don't \""DRIVE \""""",0,139,long,1.0,0.0,0.0,finally happened aftr decades beer cheaper petrol goverment expects us drink dont drive,0.5684647302904564
spam,A å£400 XMAS REWARD IS WAITING FOR YOU! Our computer has randomly picked you from our loyal mobile customers to receive a å£400 reward. Just call 09066380611 ,1,158,long,1.0,0.0,0.0,å£ xmas reward waiting computer randomly picked loyal mobile customers receive å£ reward call,0.6473029045643154
ham,Where r e meeting tmr?,0,22,short,0.0,0.0,1.0,meeting tmr,0.08298755186721991
ham,Lol yes. But it will add some spice to your day.,0,48,medium,0.0,1.0,0.0,lol yes add spice day,0.19087136929460582
ham,Our Prasanth ettans mother passed away last night. Just pray for her and family.,0,80,medium,0.0,1.0,0.0,prasanth ettans mother passed away last night pray family,0.32365145228215764
ham,"K, I'll work something out",0,26,short,0.0,0.0,1.0,ill work something,0.09958506224066391
spam,PRIVATE! Your 2003 Account Statement for shows 800 un-redeemed S. I. M. points. Call 08718738002 Identifier Code: 48922 Expires 21/11/04,1,136,long,1.0,0.0,0.0,private account statement shows unredeemed points call identifier code expires,0.5560165975103735
ham,This message is from a great Doctor in India:-): 1) Do not drink APPY FIZZ. It contains Cancer causing age,0,106,long,1.0,0.0,0.0,message great doctor india drink appy fizz contains cancer causing age,0.43153526970954353
ham,You call him and tell now infront of them. Call him now.,0,56,medium,0.0,1.0,0.0,call tell infront call,0.22406639004149378
ham,Ok no prob...,0,13,short,0.0,0.0,1.0,ok prob,0.04564315352697096
ham,Ladies first and genus second k .,0,33,short,0.0,0.0,1.0,ladies first genus second,0.1286307053941909
ham,No. Yes please. Been swimming?,0,30,short,0.0,0.0,1.0,yes please swimming,0.11618257261410789
ham,Mum not going robinson already.,0,31,short,0.0,0.0,1.0,mum going robinson already,0.12033195020746887
ham,Ok set let u noe e details later...,0,35,short,0.0,0.0,1.0,ok set let noe details later,0.13692946058091288
ham,Not..tel software name..,0,24,short,0.0,0.0,1.0,nottel software name,0.09128630705394192
ham,I send the print  outs da.,0,26,short,0.0,0.0,1.0,send print outs da,0.09958506224066391
ham,IM REALY SOZ IMAT MY MUMS 2NITE WHAT ABOUT 2MORO ,0,49,medium,0.0,1.0,0.0,im realy soz imat mums nite moro,0.1950207468879668
ham,"When I was born, GOD said, \Oh No! Another IDIOT\"". When you were born  GOD said  \""OH No! COMPETITION\"". Who knew  one day these two will become FREINDS FOREVER!""",0,163,long,1.0,0.0,0.0,born god said oh another idiot born god said oh competition knew one day two become freinds forever,0.6680497925311204
ham,"I didnt get ur full msg..sometext is missing, send it again",0,59,medium,0.0,1.0,0.0,didnt get ur full msgsometext missing send,0.23651452282157676
ham,"Probably not, I'm almost out of gas and I get some cash tomorrow",0,64,medium,0.0,1.0,0.0,probably im almost gas get cash tomorrow,0.2572614107883817
spam,"Customer service announcement. We recently tried to make a delivery to you but were unable to do so, please call 07099833605 to re-schedule. Ref:9280114",1,152,long,1.0,0.0,0.0,customer service announcement recently tried make delivery unable please call reschedule ref,0.6224066390041494
ham,I forgot 2 ask Ì_ all smth.. There's a card on da present lei... How? ÌÏ all want 2 write smth or sign on it?,0,109,long,1.0,0.0,0.0,forgot ask smth theres card da present lei ìï want write smth sign,0.44398340248962653
ham,I'm leaving my house now.,0,25,short,0.0,0.0,1.0,im leaving house,0.09543568464730291
spam,"Hi babe its Chloe, how r u? I was smashed on saturday night, it was great! How was your weekend? U been missing me? SP visionsms.com Text stop to stop 150p/text",1,160,long,1.0,0.0,0.0,hi babe chloe smashed saturday night great weekend missing sp visionsmscom text stop stop ptext,0.6556016597510373
ham,ÌÏ ready then call me...,0,24,short,0.0,0.0,1.0,ìï ready call,0.09128630705394192
ham,Wewa is 130. Iriver 255. All 128 mb.,0,36,short,0.0,0.0,1.0,wewa iriver mb,0.14107883817427386
ham,It is a good thing I'm now getting the connection to bw,0,55,medium,0.0,1.0,0.0,good thing im getting connection bw,0.21991701244813278
ham,Sry da..jst nw only i came to home..,0,36,short,0.0,0.0,1.0,sry dajst nw came home,0.14107883817427386
ham,"That's cool he'll be here all night, lemme know when you're around",0,66,medium,0.0,1.0,0.0,thats cool hell night lemme know youre around,0.26556016597510373
ham,Are you staying in town ?,0,25,short,0.0,0.0,1.0,staying town,0.09543568464730291
ham,"Haha yeah, 2 oz is kind of a shitload",0,37,short,0.0,0.0,1.0,haha yeah oz kind shitload,0.14522821576763487
ham,Ok u can take me shopping when u get paid =D,0,44,medium,0.0,1.0,0.0,ok take shopping get paid,0.17427385892116182
ham,"Alright we'll bring it to you, see you in like  &lt;#&gt;  mins",0,63,medium,0.0,1.0,0.0,alright well bring see like ltgt mins,0.25311203319502074
ham,But pls dont play in others life.,0,33,short,0.0,0.0,1.0,pls dont play others life,0.1286307053941909
ham,Eatin my lunch...,0,17,short,0.0,0.0,1.0,eatin lunch,0.06224066390041494
ham,Hmmm.but you should give it on one day..,0,40,medium,0.0,1.0,0.0,hmmmbut give one day,0.15767634854771784
ham,"Didn't try, g and I decided not to head out",0,43,medium,0.0,1.0,0.0,didnt try decided head,0.17012448132780084
ham,Ok no prob,0,10,short,0.0,0.0,1.0,ok prob,0.03319502074688797
ham,Surly ill give it to you:-) while coming to review.,0,51,medium,0.0,1.0,0.0,surly ill give coming review,0.2033195020746888
ham,"By march ending, i should be ready. But will call you for sure. The problem is that my capital never complete. How far with you. How's work and the ladies",0,154,long,1.0,0.0,0.0,march ending ready call sure problem capital never complete far hows work ladies,0.6307053941908713
ham,Pls give her the food preferably pap very slowly with loads of sugar. You can take up to an hour to give it. And then some water. Very very slowly.,0,147,long,1.0,0.0,0.0,pls give food preferably pap slowly loads sugar take hour give water slowly,0.6016597510373445
spam,"URGENT! Your Mobile No 07808726822 was awarded a å£2,000 Bonus Caller Prize on 02/09/03! This is our 2nd attempt to contact YOU! Call 0871-872-9758 BOX95QU",1,155,long,1.0,0.0,0.0,urgent mobile awarded å£ bonus caller prize nd attempt contact call box qu,0.6348547717842324
ham,A guy who gets used but is too dumb to realize it.,0,50,medium,0.0,1.0,0.0,guy gets used dumb realize,0.19917012448132781
ham,"Okey dokey, iÛ÷ll be over in a bit just sorting some stuff out.",0,64,medium,0.0,1.0,0.0,okey dokey iû÷ll bit sorting stuff,0.2572614107883817
ham,Yes fine ,0,9,short,0.0,0.0,1.0,yes fine,0.029045643153526972
ham,I liked the new mobile,0,22,short,0.0,0.0,1.0,liked new mobile,0.08298755186721991
ham,Anytime...,0,10,short,0.0,0.0,1.0,anytime,0.03319502074688797
ham,Mmmmmmm *snuggles into you* ...*deep contented sigh* ... *whispers* ... I fucking love you so much I can barely stand it ...,0,124,long,1.0,0.0,0.0,mmmmmmm snuggles deep contented sigh whispers fucking love much barely stand,0.5062240663900415
ham,Yar but they say got some error.,0,32,short,0.0,0.0,1.0,yar say got error,0.12448132780082988
ham,Hey anyway i have to :-),0,24,short,0.0,0.0,1.0,hey anyway,0.09128630705394192
ham,Wow so healthy. Old airport rd lor. Cant thk of anything else. But i'll b bathing my dog later.,0,95,medium,0.0,1.0,0.0,wow healthy old airport rd lor cant thk anything else ill bathing dog later,0.3858921161825726
ham,Wif my family booking tour package.,0,35,short,0.0,0.0,1.0,wif family booking tour package,0.13692946058091288
ham,"Did you say bold, then torch later. Or one torch and 2bold?",0,59,medium,0.0,1.0,0.0,say bold torch later one torch bold,0.23651452282157676
ham,"Haha awesome, I might need to take you up on that, what you doin tonight?",0,73,medium,0.0,1.0,0.0,haha awesome might need take doin tonight,0.29460580912863066
ham,Ya i knw u vl giv..its ok thanks kano..anyway enjoy wit ur family wit 1st salary..:-);-),0,88,medium,0.0,1.0,0.0,ya knw vl givits ok thanks kanoanyway enjoy wit ur family wit st salary,0.3568464730290456
ham,Huh so slow i tot u reach long ago liao... U 2 more days only i 4 more leh...,0,77,medium,0.0,1.0,0.0,huh slow tot reach long ago liao days leh,0.31120331950207464
ham,Thats cool princess! I will cover your face in hot sticky cum :),0,64,medium,0.0,1.0,0.0,thats cool princess cover face hot sticky cum,0.2572614107883817
ham,Big brotherÛ÷s really scraped the barrel with this shower of social misfits,0,76,medium,0.0,1.0,0.0,big brotherû÷s really scraped barrel shower social misfits,0.30705394190871366
ham,Oops i thk i dun haf enuff... I go check then tell Ì_..,0,55,medium,0.0,1.0,0.0,oops thk dun haf enuff go check tell,0.21991701244813278
ham,S:)8 min to go for lunch:),0,26,short,0.0,0.0,1.0,min go lunch,0.09958506224066391
ham,"Hey. What happened? U switch off ur cell d whole day. This isnt good. Now if u do care, give me a call tomorrow.",0,112,long,1.0,0.0,0.0,hey happened switch ur cell whole day isnt good care give call tomorrow,0.45643153526970953
ham,"K will do, addie &amp; I are doing some art so I'll be here when you get home",0,77,medium,0.0,1.0,0.0,addie amp art ill get home,0.31120331950207464
ham,"Aiyo... Her lesson so early... I'm still sleepin, haha... Okie, u go home liao den confirm w me lor...",0,102,long,1.0,0.0,0.0,aiyo lesson early im still sleepin haha okie go home liao den confirm lor,0.41493775933609955
ham,Forgot to tell Ì_ smth.. Can Ì_ like number the sections so that it's clearer..,0,79,medium,0.0,1.0,0.0,forgot tell smth like number sections clearer,0.31950207468879666
ham,"Yup. Anything lor, if u dun wan it's ok...",0,42,medium,0.0,1.0,0.0,yup anything lor dun wan ok,0.16597510373443983
ham,"I'm home, my love ... If your still awake ... *loving kiss*",0,59,medium,0.0,1.0,0.0,im home love still awake loving kiss,0.23651452282157676
ham,HELLO PEACH! MY CAKE TASTS LUSH!,0,32,short,0.0,0.0,1.0,hello peach cake tasts lush,0.12448132780082988
spam,"FREE GAME. Get Rayman Golf 4 FREE from the O2 Games Arcade. 1st get UR games settings. Reply POST, then save & activ8. Press 0 key for Arcade. Termsapply",1,153,long,1.0,0.0,0.0,free game get rayman golf free games arcade st get ur games settings reply post save activ press key arcade termsapply,0.6265560165975104
ham,"There'll be a minor shindig at my place later tonight, you interested?",0,70,medium,0.0,1.0,0.0,therell minor shindig place later tonight interested,0.2821576763485477
ham,Jason says it's cool if we pick some up from his place in like an hour,0,70,medium,0.0,1.0,0.0,jason says cool pick place like hour,0.2821576763485477
spam,"Had your mobile 10 mths? Update to the latest Camera/Video phones for FREE. KEEP UR SAME NUMBER, Get extra free mins/texts. Text YES for a call",1,143,long,1.0,0.0,0.0,mobile mths update latest cameravideo phones free keep ur number get extra free minstexts text yes call,0.5850622406639004
ham,I (Career Tel) have added u as a contact on INDYAROCKS.COM to send FREE SMS. To remove from phonebook - sms NO to  &lt;#&gt;,0,124,long,1.0,0.0,0.0,career tel added contact indyarockscom send free sms remove phonebook sms ltgt,0.5062240663900415
ham,I've reached already.,0,21,short,0.0,0.0,1.0,ive reached already,0.07883817427385892
ham,I dont know ask to my brother. Nothing problem some thing that. Just i told .,0,77,medium,0.0,1.0,0.0,dont know ask brother nothing problem thing told,0.31120331950207464
ham,K:)eng rocking in ashes:),0,25,short,0.0,0.0,1.0,keng rocking ashes,0.09543568464730291
ham,Wat time r Ì_ going to xin's hostel?,0,36,short,0.0,0.0,1.0,wat time going xins hostel,0.14107883817427386
ham,Good Morning my Dear Shijutta........... Have a great &amp; successful day.,0,75,medium,0.0,1.0,0.0,good morning dear shijutta great amp successful day,0.3029045643153527
ham,Oh k:)after that placement there ah?,0,36,short,0.0,0.0,1.0,oh kafter placement ah,0.14107883817427386
ham,"Not for possession, especially not first offense",0,48,medium,0.0,1.0,0.0,possession especially first offense,0.19087136929460582
ham,"Nt only for driving even for many reasons she is called BBD..thts it chikku, then hw abt dvg cold..heard tht vinobanagar violence hw is the condition..and hw ru ? Any problem?",0,175,long,1.0,0.0,0.0,nt driving even many reasons called bbdthts chikku hw abt dvg coldheard tht vinobanagar violence hw conditionand hw ru problem,0.7178423236514523
ham,I bought the test yesterday. Its something that lets you know the exact day u ovulate.when will get 2u in about 2 to 3wks. But pls pls dont fret. I know u r worried. Pls relax. Also is there anything in ur past history u need to tell me?,0,237,long,1.0,0.0,0.0,bought test yesterday something lets know exact day ovulatewhen get wks pls pls dont fret know worried pls relax also anything ur past history need tell,0.975103734439834
ham,We have pizza if u want,0,23,short,0.0,0.0,1.0,pizza want,0.08713692946058091
ham,"I keep seeing weird shit and bein all \woah\"" then realising it's actually reasonable and I'm all \""oh\""""",0,105,long,1.0,0.0,0.0,keep seeing weird shit bein woah realising actually reasonable im oh,0.42738589211618255
ham,Many more happy returns of the day. I wish you happy birthday.,0,62,medium,0.0,1.0,0.0,many happy returns day wish happy birthday,0.24896265560165973
ham,"\Thinking of u ;) x\""""",0,22,short,0.0,0.0,1.0,thinking,0.08298755186721991
ham,Orh i tot u say she now still dun believe.,0,42,medium,0.0,1.0,0.0,orh tot say still dun believe,0.16597510373443983
ham,"When you just put in the + sign, choose my number and the pin will show. Right?",0,79,medium,0.0,1.0,0.0,put sign choose number pin show right,0.31950207468879666
ham,The beauty of life is in next second.. which hides thousands of secrets. I wish every second will be wonderful in ur life...!! gud n8,0,133,long,1.0,0.0,0.0,beauty life next second hides thousands secrets wish every second wonderful ur life gud,0.5435684647302905
ham,Thanx u darlin!im cool thanx. A few bday drinks 2 nite. 2morrow off! Take care c u soon.xxx,0,91,medium,0.0,1.0,0.0,thanx darlinim cool thanx bday drinks nite morrow take care soonxxx,0.3692946058091286
ham,"If you're still up, maybe leave the credit card so I can get gas when I get back like he told me to",0,99,medium,0.0,1.0,0.0,youre still maybe leave credit card get gas get back like told,0.40248962655601656
spam,Your weekly Cool-Mob tones are ready to download !This weeks new Tones include: 1) Crazy Frog-AXEL F>>> 2) Akon-Lonely>>> 3) Black Eyed-Dont P >>>More info in n,1,160,long,1.0,0.0,0.0,weekly coolmob tones ready download weeks new tones include crazy frogaxel akonlonely black eyeddont info,0.6556016597510373
ham,Well boy am I glad G wasted all night at applebees for nothing,0,62,medium,0.0,1.0,0.0,well boy glad wasted night applebees nothing,0.24896265560165973
spam,Cashbin.co.uk (Get lots of cash this weekend!) www.cashbin.co.uk Dear Welcome to the weekend We have got our biggest and best EVER cash give away!! These..,1,155,long,1.0,0.0,0.0,cashbincouk get lots cash weekend dear welcome weekend got biggest best ever cash give away,0.6348547717842324
ham,Ok lor... Or u wan me go look 4 u?,0,34,short,0.0,0.0,1.0,ok lor wan go look,0.13278008298755187
ham,U wan 2 haf lunch i'm in da canteen now.,0,40,medium,0.0,1.0,0.0,wan haf lunch im da canteen,0.15767634854771784
ham,Don't make life too stressfull.. Always find time to Laugh.. It may not add years to your Life! But surely adds more life to ur years!! Gud ni8..swt dreams..,0,157,long,1.0,0.0,0.0,dont make life stressfull always find time laugh may add years life surely adds life ur years gud ni swt dreams,0.6431535269709544
ham,"hey, looks like I was wrong and one of the kappa guys numbers is still on my phone, if you want I can text him and see if he's around",0,133,long,1.0,0.0,0.0,hey looks like wrong one kappa guys numbers still phone want text see hes around,0.5435684647302905
spam,Thanks 4 your continued support Your question this week will enter u in2 our draw 4 å£100 cash. Name the NEW US President? txt ans to 80082,1,139,long,1.0,0.0,0.0,thanks continued support question week enter draw å£ cash name new us president txt ans,0.5684647302904564
ham,I'm home. Doc gave me pain meds says everything is fine.,0,56,medium,0.0,1.0,0.0,im home doc gave pain meds says everything fine,0.22406639004149378
ham,It's Ì© only $140 ard...Ìä rest all ard $180 at least...Which is Ì© price 4 Ì© 2 bedrm ($900),0,93,medium,0.0,1.0,0.0,ì© ardìä rest ard leastwhich ì© price ì© bedrm,0.3775933609958506
ham,Me too! Have a lovely night xxx,0,31,short,0.0,0.0,1.0,lovely night xxx,0.12033195020746887
ham,Prepare to be pleasured :),0,26,short,0.0,0.0,1.0,prepare pleasured,0.09958506224066391
ham,Hi.:)technical support.providing assistance to us customer through call and email:),0,83,medium,0.0,1.0,0.0,hitechnical supportproviding assistance us customer call email,0.33609958506224064
ham,if you text on your way to cup stop that should work. And that should be BUS,0,76,medium,0.0,1.0,0.0,text way cup stop work bus,0.30705394190871366
ham,Whens your radio show?,0,22,short,0.0,0.0,1.0,whens radio show,0.08298755186721991
spam,Your unique user ID is 1172. For removal send STOP to 87239 customer services 08708034412,1,89,medium,0.0,1.0,0.0,unique user id removal send stop customer services,0.36099585062240663
ham,I'm not sure if its still available though,0,42,medium,0.0,1.0,0.0,im sure still available though,0.16597510373443983
ham,watever reLation u built up in dis world only thing which remains atlast iz lonlines with lotz n lot memories! feeling..,0,120,long,1.0,0.0,0.0,watever relation built dis world thing remains atlast iz lonlines lotz lot memories feeling,0.4896265560165975
ham,CHEERS LOU! YEAH WAS A GOODNITE SHAME U NEVA CAME! C YA GAILxx,0,62,medium,0.0,1.0,0.0,cheers lou yeah goodnite shame neva came ya gailxx,0.24896265560165973
ham,Hi..i got the money da:),0,24,short,0.0,0.0,1.0,hii got money da,0.09128630705394192
ham,Ok then u tell me wat time u coming later lor.,0,46,medium,0.0,1.0,0.0,ok tell wat time coming later lor,0.1825726141078838
ham,U repeat e instructions again. Wat's e road name of ur house?,0,61,medium,0.0,1.0,0.0,repeat instructions wats road name ur house,0.24481327800829875
ham,Quite lor. But dun tell him wait he get complacent...,0,53,medium,0.0,1.0,0.0,quite lor dun tell wait get complacent,0.21161825726141079
ham,Sorry completely forgot * will pop em round this week if your still here?,0,73,medium,0.0,1.0,0.0,sorry completely forgot pop em round week still,0.29460580912863066
ham,U R THE MOST BEAUTIFUL GIRL IVE EVER SEEN. U R MY BABY COME AND C ME IN THE COMMON ROOM,0,87,medium,0.0,1.0,0.0,beautiful girl ive ever seen baby come common room,0.3526970954356846
ham,O we cant see if we can join denis and mina? Or does denis want alone time,0,74,medium,0.0,1.0,0.0,cant see join denis mina denis want alone time,0.2987551867219917
ham,Sen told that he is going to join his uncle finance in cbe,0,58,medium,0.0,1.0,0.0,sen told going join uncle finance cbe,0.23236514522821577
ham,Yup... Hey then one day on fri we can ask miwa and jiayin take leave go karaoke ,0,80,medium,0.0,1.0,0.0,yup hey one day fri ask miwa jiayin take leave go karaoke,0.32365145228215764
ham,"Call me, i am senthil from hsbc.",0,32,short,0.0,0.0,1.0,call senthil hsbc,0.12448132780082988
ham,"Especially since i talk about boston all up in my personal statement, lol! I woulda changed that if i had realized it said nyc! It says boston now.",0,147,long,1.0,0.0,0.0,especially since talk boston personal statement lol woulda changed realized said nyc says boston,0.6016597510373445
ham,Indeed and by the way it was either or - not both !,0,51,medium,0.0,1.0,0.0,indeed way either,0.2033195020746888
spam,"Urgent -call 09066649731from Landline. Your complimentary 4* Ibiza Holiday or å£10,000 cash await collection SAE T&Cs PO BOX 434 SK3 8WP 150ppm 18+",1,147,long,1.0,0.0,0.0,urgent call landline complimentary ibiza holiday å£ cash await collection sae tcs po box sk wp ppm,0.6016597510373445
ham,Holy living christ what is taking you so long,0,45,medium,0.0,1.0,0.0,holy living christ taking long,0.17842323651452283
ham,ÌÏ thk of wat to eat tonight.,0,29,short,0.0,0.0,1.0,ìï thk wat eat tonight,0.11203319502074689
ham,"Thanx. Yup we coming back on sun. Finish dinner going back 2 hotel now. Time flies, we're tog 4 exactly a mth today. Hope we'll haf many more mths to come...",0,157,long,1.0,0.0,0.0,thanx yup coming back sun finish dinner going back hotel time flies tog exactly mth today hope well haf many mths come,0.6431535269709544
ham,We're on the opposite side from where we dropped you off,0,56,medium,0.0,1.0,0.0,opposite side dropped,0.22406639004149378
ham,Yup. Izzit still raining heavily cos i'm in e mrt i can't c outside.,0,68,medium,0.0,1.0,0.0,yup izzit still raining heavily cos im mrt cant outside,0.2738589211618257
ham,Send me your resume:-),0,22,short,0.0,0.0,1.0,send resume,0.08298755186721991
ham,Gd luck 4 ur exams :-),0,22,short,0.0,0.0,1.0,gd luck ur exams,0.08298755186721991
ham,Or u ask they all if next sat can a not. If all of them can make it then i'm ok lor.,0,84,medium,0.0,1.0,0.0,ask next sat make im ok lor,0.3402489626556016
ham,Sorry that was my uncle. I.ll keep in touch,0,43,medium,0.0,1.0,0.0,sorry uncle ill keep touch,0.17012448132780084
ham,Saw Guys and Dolls last night with Patrick Swayze it was great,0,62,medium,0.0,1.0,0.0,saw guys dolls last night patrick swayze great,0.24896265560165973
spam,URGENT This is our 2nd attempt to contact U. Your å£900 prize from YESTERDAY is still awaiting collection. To claim CALL NOW 09061702893,1,136,long,1.0,0.0,0.0,urgent nd attempt contact å£ prize yesterday still awaiting collection claim call,0.5560165975103735
spam,Santa calling! Would your little ones like a call from Santa Xmas Eve? Call 09077818151 to book you time. Calls1.50ppm last 3mins 30s T&C www.santacalling.com,1,158,long,1.0,0.0,0.0,santa calling would little ones like call santa xmas eve call book time calls ppm last mins tc,0.6473029045643154
ham,Just come home. I don't want u to be miserable,0,46,medium,0.0,1.0,0.0,come home dont want miserable,0.1825726141078838
ham,I dont know why she.s not getting your messages,0,47,medium,0.0,1.0,0.0,dont know shes getting messages,0.18672199170124482
ham,"its cool but tyler had to take off so we're gonna buy for him and drop it off at his place later tonight. Our total order is a quarter, you got enough?",0,151,long,1.0,0.0,0.0,cool tyler take gonna buy drop place later tonight total order quarter got enough,0.6182572614107884
ham,"The guy at the car shop who was flirting with me got my phone number from the paperwork and called and texted me. I'm nervous because of course now he may have my address. Should i call his boss and tell him, knowing this may get him fired?",0,240,long,1.0,0.0,0.0,guy car shop flirting got phone number paperwork called texted im nervous course may address call boss tell knowing may get fired,0.9875518672199171
ham,How do you plan to manage that,0,30,short,0.0,0.0,1.0,plan manage,0.11618257261410789
ham,"Er, hello, things didnÛ÷t quite go to plan ÛÒ is limping slowly home followed by aa and with exhaust hanging off",0,114,long,1.0,0.0,0.0,er hello things didnû÷t quite go plan ûò limping slowly home followed aa exhaust hanging,0.4647302904564315
ham,Sorry for the delay. Yes masters,0,32,short,0.0,0.0,1.0,sorry delay yes masters,0.12448132780082988
ham,Call me when u finish then i come n pick u.,0,43,medium,0.0,1.0,0.0,call finish come pick,0.17012448132780084
spam,PRIVATE! Your 2004 Account Statement for 078498****7 shows 786 unredeemed Bonus Points. To claim call 08719180219 Identifier Code: 45239 Expires 06.05.05,1,153,long,1.0,0.0,0.0,private account statement shows unredeemed bonus points claim call identifier code expires,0.6265560165975104
ham,What's up my own oga. Left my phone at home and just saw ur messages. Hope you are good. Have a great weekend.,0,110,long,1.0,0.0,0.0,whats oga left phone home saw ur messages hope good great weekend,0.4481327800829875
ham,"Don't worry though, I understand how important it is that I be put in my place with a poorly thought out punishment in the face of the worst thing that has ever happened to me. Brb gonna go kill myself",0,201,long,1.0,0.0,0.0,dont worry though understand important put place poorly thought punishment face worst thing ever happened brb gonna go kill,0.8257261410788382
ham,"Honey, can you pls find out how much they sell Predicte in Nigeria. And how many times can it be used. Its very important to have a reply before monday",0,151,long,1.0,0.0,0.0,honey pls find much sell predicte nigeria many times used important reply monday,0.6182572614107884
ham,E admin building there? I might b slightly earlier... I'll call u when i'm reaching...,0,86,medium,0.0,1.0,0.0,admin building might slightly earlier ill call im reaching,0.34854771784232363
ham,"fyi I'm at usf now, swing by the room whenever",0,46,medium,0.0,1.0,0.0,fyi im usf swing room whenever,0.1825726141078838
ham,i can call in  &lt;#&gt;  min if thats ok,0,41,medium,0.0,1.0,0.0,call ltgt min thats ok,0.16182572614107885
ham,ÌÏ no home work to do meh... ,0,29,short,0.0,0.0,1.0,ìï home work meh,0.11203319502074689
ham,Anything is valuable in only 2 situations: First- Before getting it... Second- After loosing it...,0,98,medium,0.0,1.0,0.0,anything valuable situations first getting second loosing,0.3983402489626556
ham,Me too. Mark is taking forever to pick up my prescription and the pain is coming back.,0,86,medium,0.0,1.0,0.0,mark taking forever pick prescription pain coming back,0.34854771784232363
ham,How's ur paper?,0,15,short,0.0,0.0,1.0,hows ur paper,0.05394190871369295
ham,Got smaller capacity one? Quite ex...,0,37,short,0.0,0.0,1.0,got smaller capacity one quite ex,0.14522821576763487
spam,Check Out Choose Your Babe Videos @ sms.shsex.netUN fgkslpoPW fgkslpo,1,69,medium,0.0,1.0,0.0,check choose babe videos smsshsexnetun fgkslpopw fgkslpo,0.2780082987551867
ham,Im good! I have been thinking about you...,0,42,medium,0.0,1.0,0.0,im good thinking,0.16597510373443983
spam,u r a winner U ave been specially selected 2 receive å£1000 cash or a 4* holiday (flights inc) speak to a live operator 2 claim 0871277810710p/min (18 ),1,152,long,1.0,0.0,0.0,winner ave specially selected receive å£ cash holiday flights inc speak live operator claim pmin,0.6224066390041494
ham,:-) :-),0,7,short,0.0,0.0,1.0,,0.020746887966804982
ham,Not thought bout it... || Drink in tap & spile at seven. || Is that pub on gas st off broad st by canal. || Ok?,0,111,long,1.0,0.0,0.0,thought bout drink tap spile seven pub gas st broad st canal ok,0.4522821576763485
ham,I am going to sleep. I am tired of travel.,0,42,medium,0.0,1.0,0.0,going sleep tired travel,0.16597510373443983
ham,"Haha, just what I was thinkin",0,29,short,0.0,0.0,1.0,haha thinkin,0.11203319502074689
ham,Yup but it's not giving me problems now so mayb i'll jus leave it...,0,68,medium,0.0,1.0,0.0,yup giving problems mayb ill jus leave,0.2738589211618257
ham,Lol no. Just trying to make your day a little more interesting,0,62,medium,0.0,1.0,0.0,lol trying make day little interesting,0.24896265560165973
ham,"How long before you get reply, just defer admission til next semester",0,69,medium,0.0,1.0,0.0,long get reply defer admission til next semester,0.2780082987551867
ham,"The word \Checkmate\"" in chess comes from the Persian phrase \""Shah Maat\"" which means; \""the king is dead..\"" Goodmorning.. Have a good day..:)""",0,145,long,1.0,0.0,0.0,word checkmate chess comes persian phrase shah maat means king dead goodmorning good day,0.5933609958506224
ham,Po de :-):):-):-):-). No need job aha.,0,38,short,0.0,0.0,1.0,po de need job aha,0.14937759336099585
ham,Rats. Hey did u ever vote for the next themes?,0,46,medium,0.0,1.0,0.0,rats hey ever vote next themes,0.1825726141078838
spam,"New Mobiles from 2004, MUST GO! Txt: NOKIA to No: 89545 & collect yours today! From ONLY å£1. www.4-tc.biz 2optout 087187262701.50gbp/mtmsg18 TXTAUCTION.",1,153,long,1.0,0.0,0.0,new mobiles must go txt nokia collect today å£ optout gbpmtmsg txtauction,0.6265560165975104
ham,I hope your pee burns tonite.,0,29,short,0.0,0.0,1.0,hope pee burns tonite,0.11203319502074689
ham,"OH RITE. WELL IM WITH MY BEST MATE PETE, WHO I WENT OUT WITH 4 A WEEK+ NOW WERE 2GEVA AGAIN. ITS BEEN LONGER THAN A WEEK.",0,121,long,1.0,0.0,0.0,oh rite well im best mate pete went week geva longer week,0.4937759336099585
ham,Yay can't wait to party together!,0,33,short,0.0,0.0,1.0,yay cant wait party together,0.1286307053941909
ham,....photoshop makes my computer shut down.,0,42,medium,0.0,1.0,0.0,photoshop makes computer shut,0.16597510373443983
ham,All boys made fun of me today. Ok i have no problem. I just sent one message just for fun,0,89,medium,0.0,1.0,0.0,boys made fun today ok problem sent one message fun,0.36099585062240663
ham,That's one of the issues but california is okay. No snow so its manageable,0,74,medium,0.0,1.0,0.0,thats one issues california okay snow manageable,0.2987551867219917
spam,PRIVATE! Your 2003 Account Statement for shows 800 un-redeemed S. I. M. points. Call 08715203652 Identifier Code: 42810 Expires 29/10/0,1,135,long,1.0,0.0,0.0,private account statement shows unredeemed points call identifier code expires,0.5518672199170125
ham,"Hmmm.... Mayb can try e shoppin area one, but forgot e name of hotel...",0,71,medium,0.0,1.0,0.0,hmmm mayb try shoppin area one forgot name hotel,0.2863070539419087
ham,"Awesome, that gonna be soon or later tonight?",0,45,medium,0.0,1.0,0.0,awesome gonna soon later tonight,0.17842323651452283
ham,I need details about that online job.,0,37,short,0.0,0.0,1.0,need details online job,0.14522821576763487
spam,YOU HAVE WON! As a valued Vodafone customer our computer has picked YOU to win a å£150 prize. To collect is easy. Just call 09061743386 ,1,136,long,1.0,0.0,0.0,valued vodafone customer computer picked win å£ prize collect easy call,0.5560165975103735
ham,Missing you too.pray inshah allah,0,33,short,0.0,0.0,1.0,missing toopray inshah allah,0.1286307053941909
ham,Pls help me tell Ashley that i cant find her number oh,0,54,medium,0.0,1.0,0.0,pls help tell ashley cant find number oh,0.2157676348547718
ham,S.this will increase the chance of winning.,0,43,medium,0.0,1.0,0.0,sthis increase chance winning,0.17012448132780084
ham,either way works for me. I am  &lt;#&gt;  years old. Hope that doesnt bother you.,0,81,medium,0.0,1.0,0.0,either way works ltgt years old hope doesnt bother,0.3278008298755187
ham,Maybe you should find something else to do instead???,0,53,medium,0.0,1.0,0.0,maybe find something else instead,0.21161825726141079
ham,Gain the rights of a wife.dont demand it.i am trying as husband too.Lets see,0,76,medium,0.0,1.0,0.0,gain rights wifedont demand iti trying husband toolets see,0.30705394190871366
ham,I liked your new house,0,22,short,0.0,0.0,1.0,liked new house,0.08298755186721991
ham,I'm fine. Hope you are also,0,27,short,0.0,0.0,1.0,im fine hope also,0.1037344398340249
ham,"Also north carolina and texas atm, you would just go to the gre site and pay for the test results to be sent.",0,109,long,1.0,0.0,0.0,also north carolina texas atm would go gre site pay test results sent,0.44398340248962653
ham,Same to u...,0,12,short,0.0,0.0,1.0,,0.041493775933609964
ham,yes baby! I need to stretch open your pussy!,0,44,medium,0.0,1.0,0.0,yes baby need stretch open pussy,0.17427385892116182
ham,Thanks  and ! Or bomb and date as my phone wanted to say! ,0,58,medium,0.0,1.0,0.0,thanks bomb date phone wanted say,0.23236514522821577
ham,"Hey, a guy I know is breathing down my neck to get him some bud, anyway you'd be able to get a half track to usf tonight?",0,121,long,1.0,0.0,0.0,hey guy know breathing neck get bud anyway youd able get half track usf tonight,0.4937759336099585
ham,"\Response\"" is one of d powerful weapon 2 occupy a place in others 'HEART'... So  always give response 2 who cares 4 U\""... Gud night..swt dreams..take care""",0,157,long,1.0,0.0,0.0,response one powerful weapon occupy place others heart always give response cares gud nightswt dreamstake care,0.6431535269709544
ham,Nokia phone is lovly..,0,22,short,0.0,0.0,1.0,nokia phone lovly,0.08298755186721991
spam,**FREE MESSAGE**Thanks for using the Auction Subscription Service. 18 . 150p/MSGRCVD 2 Skip an Auction txt OUT. 2 Unsubscribe txt STOP CustomerCare 08718726270,1,159,long,1.0,0.0,0.0,free messagethanks using auction subscription service pmsgrcvd skip auction txt unsubscribe txt stop customercare,0.6514522821576764
ham,Sorry da..today i wont come to play..i have driving clas..,0,58,medium,0.0,1.0,0.0,sorry datoday wont come playi driving clas,0.23236514522821577
ham,I'm really sorry I lit your hair on fire,0,40,medium,0.0,1.0,0.0,im really sorry lit hair fire,0.15767634854771784
ham,Okey dokey swashbuckling stuff what oh.,0,39,short,0.0,0.0,1.0,okey dokey swashbuckling stuff oh,0.15352697095435686
ham,1. Tension face 2. Smiling face 3. Waste face 4. Innocent face 5.Terror face 6.Cruel face 7.Romantic face 8.Lovable face 9.decent face  &lt;#&gt; .joker face.,0,158,long,1.0,0.0,0.0,tension face smiling face waste face innocent face terror face cruel face romantic face lovable face decent face ltgt joker face,0.6473029045643154
ham,Dip's cell dead. So i m coming with him. U better respond else we shall come back.,0,82,medium,0.0,1.0,0.0,dips cell dead coming better respond else shall come back,0.33195020746887965
ham,Well. You know what i mean. Texting,0,35,short,0.0,0.0,1.0,well know mean texting,0.13692946058091288
ham,Hi dis is yijue i would be happy to work wif Ì_ all for gek1510...,0,66,medium,0.0,1.0,0.0,hi dis yijue would happy work wif gek,0.26556016597510373
ham,Lol! Oops sorry! Have fun. ,0,27,short,0.0,0.0,1.0,lol oops sorry fun,0.1037344398340249
ham,Wat happened to the cruise thing,0,32,short,0.0,0.0,1.0,wat happened cruise thing,0.12448132780082988
ham,"I know dat feelin had it with Pete! Wuld get with em , nuther place nuther time mayb?",0,85,medium,0.0,1.0,0.0,know dat feelin pete wuld get em nuther place nuther time mayb,0.34439834024896265
spam,lyricalladie(21/F) is inviting you to be her friend. Reply YES-910 or NO-910. See her: www.SMS.ac/u/hmmross STOP? Send STOP FRND to 62468,1,137,long,1.0,0.0,0.0,lyricalladie inviting friend reply yes see stop send stop frnd,0.5601659751037344
ham,The world's most happiest frnds never have the same characters... Dey just have the best understanding of their differences...,0,126,long,1.0,0.0,0.0,worlds happiest frnds never characters dey best understanding differences,0.5145228215767635
ham,Yeah just open chat and click friend lists. Then make the list. Easy as pie,0,75,medium,0.0,1.0,0.0,yeah open chat click friend lists make list easy pie,0.3029045643153527
ham,alright tyler's got a minor crisis and has to be home sooner than he thought so be here asap,0,92,medium,0.0,1.0,0.0,alright tylers got minor crisis home sooner thought asap,0.3734439834024896
ham,When/where do I pick you up,0,27,short,0.0,0.0,1.0,whenwhere pick,0.1037344398340249
ham,As usual u can call me ard 10 smth.,0,35,short,0.0,0.0,1.0,usual call ard smth,0.13692946058091288
ham,For many things its an antibiotic and it can be used for chest abdomen and gynae infections even bone infections.,0,113,long,1.0,0.0,0.0,many things antibiotic used chest abdomen gynae infections even bone infections,0.4605809128630705
ham,Poor girl can't go one day lmao,0,31,short,0.0,0.0,1.0,poor girl cant go one day lmao,0.12033195020746887
ham,Or just do that 6times,0,22,short,0.0,0.0,1.0,times,0.08298755186721991
ham,You have to pls make a note of all she.s exposed to. Also find out from her school if anyone else was vomiting. Is there a dog or cat in the house? Let me know later.,0,166,long,1.0,0.0,0.0,pls make note shes exposed also find school anyone else vomiting dog cat house let know later,0.6804979253112033
ham,Sounds like there could be a lot of time spent in that chastity device boy ... *grins* ... Or take your beatings like a good dog. Going to lounge in a nice long bath now ?,0,171,long,1.0,0.0,0.0,sounds like could lot time spent chastity device boy grins take beatings like good dog going lounge nice long bath,0.7012448132780084
ham,Its worse if if uses half way then stops. Its better for him to complete it.,0,76,medium,0.0,1.0,0.0,worse uses half way stops better complete,0.30705394190871366
ham,Miserable. They don't tell u that the side effects of birth control are massive gut wrenching cramps for the first 2 months. I didn't sleep at all last night.,0,158,long,1.0,0.0,0.0,miserable dont tell side effects birth control massive gut wrenching cramps first months didnt sleep last night,0.6473029045643154
ham,Send me the new number,0,22,short,0.0,0.0,1.0,send new number,0.08298755186721991
spam,Want the latest Video handset? 750 anytime any network mins? Half price line rental? Reply or call 08000930705 for delivery tomorrow,1,132,long,1.0,0.0,0.0,want latest video handset anytime network mins half price line rental reply call delivery tomorrow,0.5394190871369295
ham,2 and half years i missed your friendship:-),0,44,medium,0.0,1.0,0.0,half years missed friendship,0.17427385892116182
ham,Oh for fuck's sake she's in like tallahassee,0,44,medium,0.0,1.0,0.0,oh fucks sake shes like tallahassee,0.17427385892116182
ham,"Haha, that was the first person I was gonna ask",0,47,medium,0.0,1.0,0.0,haha first person gonna ask,0.18672199170124482
spam,"ou are guaranteed the latest Nokia Phone, a 40GB iPod MP3 player or a å£500 prize! Txt word: COLLECT to No: 83355! IBHltd LdnW15H 150p/Mtmsgrcvd18",1,146,long,1.0,0.0,0.0,ou guaranteed latest nokia phone gb ipod mp player å£ prize txt word collect ibhltd ldnw pmtmsgrcvd,0.5975103734439834
ham,Taka lor. Wat time u wan 2 come n look 4 us?,0,44,medium,0.0,1.0,0.0,taka lor wat time wan come look us,0.17427385892116182
spam,* FREE* POLYPHONIC RINGTONE Text SUPER to 87131 to get your FREE POLY TONE of the week now! 16 SN PoBox202 NR31 7ZS subscription 450pw,1,134,long,1.0,0.0,0.0,free polyphonic ringtone text super get free poly tone week sn pobox nr zs subscription pw,0.5477178423236515
ham,"\I;m reaching in another 2 stops.\""""",0,36,short,0.0,0.0,1.0,im reaching another stops,0.14107883817427386
spam,Warner Village 83118 C Colin Farrell in SWAT this wkend @Warner Village & get 1 free med. Popcorn!Just show msg+ticket@kiosk.Valid 4-7/12. C t&c @kiosk. Reply SONY 4 mre film offers,1,181,long,1.0,0.0,0.0,warner village colin farrell swat wkend warner village get free med popcornjust show msgticketkioskvalid tc kiosk reply sony mre film offers,0.7427385892116183
ham,Will you come online today night,0,32,short,0.0,0.0,1.0,come online today night,0.12448132780082988
ham,Then anything special?,0,22,short,0.0,0.0,1.0,anything special,0.08298755186721991
ham,"I'm in solihull, | do you want anything?",0,40,medium,0.0,1.0,0.0,im solihull want anything,0.15767634854771784
ham,Will do. Have a good day,0,24,short,0.0,0.0,1.0,good day,0.09128630705394192
ham,WE REGRET TO INFORM U THAT THE NHS HAS MADE A MISTAKE.U WERE NEVER ACTUALLY BORN.PLEASE REPORT 2 YOR LOCAL HOSPITAL 2B TERMINATED.WE R SORRY 4 THE INCONVENIENCE,0,160,long,1.0,0.0,0.0,regret inform nhs made mistakeu never actually bornplease report yor local hospital terminatedwe sorry inconvenience,0.6556016597510373
ham,Love that holiday Monday feeling even if I have to go to the dentists in an hour,0,80,medium,0.0,1.0,0.0,love holiday monday feeling even go dentists hour,0.32365145228215764
ham,I am on the way to tirupur.,0,27,short,0.0,0.0,1.0,way tirupur,0.1037344398340249
spam,"Goal! Arsenal 4 (Henry, 7 v Liverpool 2 Henry scores with a simple shot from 6 yards from a pass by Bergkamp to give Arsenal a 2 goal margin after 78 mins.",1,155,long,1.0,0.0,0.0,goal arsenal henry liverpool henry scores simple shot yards pass bergkamp give arsenal goal margin mins,0.6348547717842324
ham,You've already got a flaky parent. It'snot supposed to be the child's job to support the parent...not until they're The Ride age anyway. I'm supposed to be there to support you. And now i've hurt you. unintentional. But hurt nonetheless.,0,237,long,1.0,0.0,0.0,youve already got flaky parent itsnot supposed childs job support parentnot theyre ride age anyway im supposed support ive hurt unintentional hurt nonetheless,0.975103734439834
ham,We took hooch for a walk toaday and i fell over! Splat! Grazed my knees and everything! Should have stayed at home! See you tomorrow! ,0,134,long,1.0,0.0,0.0,took hooch walk toaday fell splat grazed knees everything stayed home see tomorrow,0.5477178423236515
ham,"Just dropped em off, omw back now",0,33,short,0.0,0.0,1.0,dropped em omw back,0.1286307053941909
ham,Sitting in mu waiting for everyone to get out of my suite so I can take a shower,0,80,medium,0.0,1.0,0.0,sitting mu waiting everyone get suite take shower,0.32365145228215764
ham,Re your call; You didn't see my facebook huh?,0,45,medium,0.0,1.0,0.0,call didnt see facebook huh,0.17842323651452283
ham,"G says you never answer your texts, confirm/deny",0,48,medium,0.0,1.0,0.0,says never answer texts confirmdeny,0.19087136929460582
ham,"Its so common hearin How r u? Wat r u doing? How was ur day? So let me ask u something different. Did u smile today? If not, do it now.... Gud evng.",0,148,long,1.0,0.0,0.0,common hearin wat ur day let ask something different smile today gud evng,0.6058091286307055
ham,Oh yah... We never cancel leh... Haha ,0,38,short,0.0,0.0,1.0,oh yah never cancel leh haha,0.14937759336099585
ham,We can go 4 e normal pilates after our intro...  ,0,49,medium,0.0,1.0,0.0,go normal pilates intro,0.1950207468879668
ham,Ok... Let u noe when i leave my house.,0,38,short,0.0,0.0,1.0,ok let noe leave house,0.14937759336099585
ham,"Oh yes, why is it like torture watching england?",0,48,medium,0.0,1.0,0.0,oh yes like torture watching england,0.19087136929460582
ham,Wanna do some art?! :D,0,22,short,0.0,0.0,1.0,wanna art,0.08298755186721991
ham,Just hopeing that wasnÛ÷t too pissed up to remember and has gone off to his sisters or something!,0,98,medium,0.0,1.0,0.0,hopeing wasnû÷t pissed remember gone sisters something,0.3983402489626556
spam,"Hi, the SEXYCHAT girls are waiting for you to text them. Text now for a great night chatting. send STOP to stop this service",1,124,long,1.0,0.0,0.0,hi sexychat girls waiting text text great night chatting send stop stop service,0.5062240663900415
ham,"Good morning, my boytoy! How's those yummy lips ? Where's my sexy buns now ? What do you do ? Do you think of me ? Do you crave me ? Do you need me ?",0,149,long,1.0,0.0,0.0,good morning boytoy hows yummy lips wheres sexy buns think crave need,0.6099585062240664
ham,Match started.india  &lt;#&gt;  for 2,0,37,short,0.0,0.0,1.0,match startedindia ltgt,0.14522821576763487
ham,Once free call me sir.,0,22,short,0.0,0.0,1.0,free call sir,0.08298755186721991
ham,Hey do you want anything to buy:),0,33,short,0.0,0.0,1.0,hey want anything buy,0.1286307053941909
ham,"Hey babe, how's it going ? Did you ever figure out where your going for New Years ?",0,83,medium,0.0,1.0,0.0,hey babe hows going ever figure going new years,0.33609958506224064
ham,K..k.:)congratulation ..,0,24,short,0.0,0.0,1.0,kkcongratulation,0.09128630705394192
ham,G wants to know where the fuck you are,0,38,short,0.0,0.0,1.0,wants know fuck,0.14937759336099585
ham,No it was cancelled yeah baby! Well that sounds important so i understand my darlin give me a ring later on this fone love Kate x,0,129,long,1.0,0.0,0.0,cancelled yeah baby well sounds important understand darlin give ring later fone love kate,0.5269709543568465
ham,Tomarrow i want to got to court. At  &lt;DECIMAL&gt; . So you come to bus stand at 9.,0,85,medium,0.0,1.0,0.0,tomarrow want got court ltdecimalgt come bus stand,0.34439834024896265
ham,ÌÏ go home liao? Ask dad to pick me up at 6...,0,46,medium,0.0,1.0,0.0,ìï go home liao ask dad pick,0.1825726141078838
ham,Omg you can make a wedding chapel in frontierville? Why do they get all the good stuff?,0,87,medium,0.0,1.0,0.0,omg make wedding chapel frontierville get good stuff,0.3526970954356846
ham,"I'm eatin now lor, but goin back to work soon... E mountain deer show huh... I watch b4 liao, very nice...",0,106,long,1.0,0.0,0.0,im eatin lor goin back work soon mountain deer show huh watch liao nice,0.43153526970954353
ham,Check mail.i have mailed varma and kept copy to you regarding membership.take care.insha allah.,0,95,medium,0.0,1.0,0.0,check maili mailed varma kept copy regarding membershiptake careinsha allah,0.3858921161825726
ham,Wrong phone! This phone! I answer this one but assume the other is people i don't well,0,86,medium,0.0,1.0,0.0,wrong phone phone answer one assume people dont well,0.34854771784232363
ham,"Anyway I don't think I can secure anything up here, lemme know if you want me to drive down south and chill",0,107,long,1.0,0.0,0.0,anyway dont think secure anything lemme know want drive south chill,0.4356846473029045
ham,I'm already back home so no probably not,0,40,medium,0.0,1.0,0.0,im already back home probably,0.15767634854771784
spam,"Hi this is Amy, we will be sending you a free phone number in a couple of days, which will give you an access to all the adult parties...",1,137,long,1.0,0.0,0.0,hi amy sending free phone number couple days give access adult parties,0.5601659751037344
ham,I am in bus on the way to calicut,0,33,short,0.0,0.0,1.0,bus way calicut,0.1286307053941909
ham,Hi its me you are probably having too much fun to get this message but i thought id txt u cos im bored! and james has been farting at me all night,0,146,long,1.0,0.0,0.0,hi probably much fun get message thought id txt cos im bored james farting night,0.5975103734439834
ham,hi baby im sat on the bloody bus at the mo and i wont be home until about 7:30 wanna do somethin later? call me later ortxt back jess xx,0,136,long,1.0,0.0,0.0,hi baby im sat bloody bus mo wont home wanna somethin later call later ortxt back jess xx,0.5560165975103735
spam,"Welcome to Select, an O2 service with added benefits. You can now call our specially trained advisors FREE from your mobile by dialling 402.",1,140,long,1.0,0.0,0.0,welcome select service added benefits call specially trained advisors free mobile dialling,0.5726141078838175
ham,I lost 4 pounds since my doc visit last week woot woot! Now I'm gonna celebrate by stuffing my face!,0,100,long,1.0,0.0,0.0,lost pounds since doc visit last week woot woot im gonna celebrate stuffing face,0.4066390041493776
ham,U coming back 4 dinner rite? Dad ask me so i re confirm wif u...,0,64,medium,0.0,1.0,0.0,coming back dinner rite dad ask confirm wif,0.2572614107883817
ham,Doing my masters. When will you buy a bb cos i have for sale and how's bf,0,73,medium,0.0,1.0,0.0,masters buy bb cos sale hows bf,0.29460580912863066
ham,"Ahhhh...just woken up!had a bad dream about u tho,so i dont like u right now :) i didnt know anything about comedy night but i guess im up for it.",0,146,long,1.0,0.0,0.0,ahhhhjust woken uphad bad dream thoso dont like right didnt know anything comedy night guess im,0.5975103734439834
ham,I'm vivek:)i got call from your number.,0,39,short,0.0,0.0,1.0,im viveki got call number,0.15352697095435686
ham,Why didn't u call on your lunch?,0,32,short,0.0,0.0,1.0,didnt call lunch,0.12448132780082988
ham,"What i mean was i left too early to check, cos i'm working a 9-6.",0,65,medium,0.0,1.0,0.0,mean left early check cos im working,0.2614107883817427
ham,I want  &lt;#&gt;  rs da:)do you have it?,0,41,medium,0.0,1.0,0.0,want ltgt rs dado,0.16182572614107885
ham,I want to see your pretty pussy...,0,34,short,0.0,0.0,1.0,want see pretty pussy,0.13278008298755187
spam,Dear Voucher holder Have your next meal on us. Use the following link on your pc 2 enjoy a 2 4 1 dining experiencehttp://www.vouch4me.com/etlp/dining.asp,1,153,long,1.0,0.0,0.0,dear voucher holder next meal us use following link pc enjoy dining experience,0.6265560165975104
ham,"A few people are at the game, I'm at the mall with iouri and kaila",0,66,medium,0.0,1.0,0.0,people game im mall iouri kaila,0.26556016597510373
spam,URGENT! We are trying to contact U. Todays draw shows that you have won a å£2000 prize GUARANTEED. Call 09058094507 from land line. Claim 3030. Valid 12hrs only,1,160,long,1.0,0.0,0.0,urgent trying contact todays draw shows å£ prize guaranteed call land line claim valid hrs,0.6556016597510373
spam,You can donate å£2.50 to UNICEF's Asian Tsunami disaster support fund by texting DONATE to 864233. å£2.50 will be added to your next bill,1,137,long,1.0,0.0,0.0,donate å£ unicefs asian tsunami disaster support fund texting donate å£ added next bill,0.5601659751037344
ham,Future is not what we planned for tomorrow.....! it is the result of what we do today...! Do the best in present... enjoy the future.,0,133,long,1.0,0.0,0.0,future planned tomorrow result today best present enjoy future,0.5435684647302905
ham,I will cme i want to go to hos 2morow. After that i wil cme. This what i got from her dear what to do. She didnt say any time,0,125,long,1.0,0.0,0.0,cme want go hos morow wil cme got dear didnt say time,0.5103734439834026
ham,We are supposed to meet to discuss abt our trip... Thought xuhui told you? In the afternoon. Thought we can go for lesson after that,0,132,long,1.0,0.0,0.0,supposed meet discuss abt trip thought xuhui told afternoon thought go lesson,0.5394190871369295
ham,Hey come online! Use msn... We are all there,0,44,medium,0.0,1.0,0.0,hey come online use msn,0.17427385892116182
ham,I'm fine. Hope you are good. Do take care.,0,42,medium,0.0,1.0,0.0,im fine hope good take care,0.16597510373443983
ham,Oops I was in the shower when u called. Hey a parking garage collapsed at university hospital. See I'm not crazy. Stuff like that DOES happen.,0,142,long,1.0,0.0,0.0,oops shower called hey parking garage collapsed university hospital see im crazy stuff like happen,0.5809128630705395
ham,Aiyo u so poor thing... Then u dun wan 2 eat? U bathe already?,0,62,medium,0.0,1.0,0.0,aiyo poor thing dun wan eat bathe already,0.24896265560165973
ham,Yar... I tot u knew dis would happen long ago already.,0,54,medium,0.0,1.0,0.0,yar tot knew dis would happen long ago already,0.2157676348547718
ham,You are gorgeous! keep those pix cumming :) thank you!,0,54,medium,0.0,1.0,0.0,gorgeous keep pix cumming thank,0.2157676348547718
ham,JADE ITS PAUL. Y DIDNåÕT U TXT ME? DO U REMEMBER ME FROM BARMED? I WANT 2 TALK 2 U! TXT ME,0,90,medium,0.0,1.0,0.0,jade paul didnåõt txt remember barmed want talk txt,0.3651452282157676
ham,Spending new years with my brother and his family. Lets plan to meet next week. Are you ready to be spoiled? :),0,111,long,1.0,0.0,0.0,spending new years brother family lets plan meet next week ready spoiled,0.4522821576763485
ham,So what u doing today?,0,22,short,0.0,0.0,1.0,today,0.08298755186721991
ham,I said its okay. Sorry,0,22,short,0.0,0.0,1.0,said okay sorry,0.08298755186721991
ham,Slept? I thinkThis time ( &lt;#&gt;  pm) is not dangerous,0,57,medium,0.0,1.0,0.0,slept thinkthis time ltgt pm dangerous,0.22821576763485477
ham,Networking job is there.,0,24,short,0.0,0.0,1.0,networking job,0.09128630705394192
spam,goldviking (29/M) is inviting you to be his friend. Reply YES-762 or NO-762 See him: www.SMS.ac/u/goldviking STOP? Send STOP FRND to 62468,1,138,long,1.0,0.0,0.0,goldviking inviting friend reply yes see stop send stop frnd,0.5643153526970954
ham,Dont let studying stress you out. L8r.,0,38,short,0.0,0.0,1.0,dont let studying stress,0.14937759336099585
ham,That's y u haf 2 keep me busy...,0,32,short,0.0,0.0,1.0,thats haf keep busy,0.12448132780082988
ham,No rushing. I'm not working. I'm in school so if we rush we go hungry.,0,70,medium,0.0,1.0,0.0,rushing im working im school rush go hungry,0.2821576763485477
ham,Which channel:-):-):):-).,0,25,short,0.0,0.0,1.0,channel,0.09543568464730291
ham,So your telling me I coulda been your real Valentine and I wasn't? U never pick me for NOTHING!!,0,96,medium,0.0,1.0,0.0,telling coulda real valentine wasnt never pick nothing,0.3900414937759336
spam,Phony å£350 award - Todays Voda numbers ending XXXX are selected to receive a å£350 award. If you have a match please call 08712300220 quoting claim code 3100 standard rates app,1,177,long,1.0,0.0,0.0,phony å£ award todays voda numbers ending xxxx selected receive å£ award match please call quoting claim code standard rates app,0.7261410788381744
ham,"We made it! Eta at taunton is 12:30 as planned, hope thatÛ÷s still okday?! Good to see you! :-xx",0,97,medium,0.0,1.0,0.0,made eta taunton planned hope thatû÷s still okday good see xx,0.3941908713692946
ham,I'm hungry buy smth home...,0,27,short,0.0,0.0,1.0,im hungry buy smth home,0.1037344398340249
ham,"\HEY KATE  HOPE UR OK... WILL GIVE U A BUZ WEDLUNCH. GO OUTSOMEWHERE 4 ADRINK IN TOWN..CUD GO 2WATERSHD 4 A BIT? PPL FROMWRK WILL BTHERE. LOVE PETEXXX.\""""",0,154,long,1.0,0.0,0.0,hey kate hope ur ok give buz wedlunch go outsomewhere adrink towncud go watershd bit ppl fromwrk bthere love petexxx,0.6307053941908713
ham,My drive can only be read. I need to write,0,42,medium,0.0,1.0,0.0,drive read need write,0.16597510373443983
ham,"Just looked it up and addie goes back Monday, sucks to be her",0,61,medium,0.0,1.0,0.0,looked addie goes back monday sucks,0.24481327800829875
ham,Happy new year. Hope you are having a good semester,0,51,medium,0.0,1.0,0.0,happy new year hope good semester,0.2033195020746888
ham,Esplanade lor. Where else...,0,28,short,0.0,0.0,1.0,esplanade lor else,0.1078838174273859
ham,Can you talk with me..,0,22,short,0.0,0.0,1.0,talk,0.08298755186721991
ham,"Hmph. Go head, big baller.",0,26,short,0.0,0.0,1.0,hmph go head big baller,0.09958506224066391
ham,Well its not like you actually called someone a punto. That woulda been worse.,0,78,medium,0.0,1.0,0.0,well like actually called someone punto woulda worse,0.3153526970954357
ham,"Nope. Since ayo travelled, he has forgotten his guy",0,51,medium,0.0,1.0,0.0,nope since ayo travelled forgotten guy,0.2033195020746888
ham,You still around? Looking to pick up later,0,42,medium,0.0,1.0,0.0,still around looking pick later,0.16597510373443983
spam,CDs 4u: Congratulations ur awarded å£500 of CD gift vouchers or å£125 gift guaranteed & Freeentry 2 å£100 wkly draw xt MUSIC to 87066 TnCs www.ldew.com1win150ppmx3age16 ,1,169,long,1.0,0.0,0.0,cds congratulations ur awarded å£ cd gift vouchers å£ gift guaranteed freeentry å£ wkly draw xt music tncs,0.6929460580912863
ham,Guess which pub im in? Im as happy as a pig in clover or whatever the saying is! ,0,81,medium,0.0,1.0,0.0,guess pub im im happy pig clover whatever saying,0.3278008298755187
ham,ILL B DOWN SOON,0,15,short,0.0,0.0,1.0,ill soon,0.05394190871369295
ham,Oh k. . I will come tomorrow,0,28,short,0.0,0.0,1.0,oh come tomorrow,0.1078838174273859
ham,Go fool dont cheat others ok,0,28,short,0.0,0.0,1.0,go fool dont cheat others ok,0.1078838174273859
ham,"My mobile number.pls sms ur mail id.convey regards to achan,amma.Rakhesh.Qatar",0,78,medium,0.0,1.0,0.0,mobile numberpls sms ur mail idconvey regards achanammarakheshqatar,0.3153526970954357
ham,"By the way, 'rencontre' is to meet again. Mountains dont....",0,60,medium,0.0,1.0,0.0,way rencontre meet mountains dont,0.24066390041493776
spam,You have WON a guaranteed å£1000 cash or a å£2000 prize. To claim yr prize call our customer service representative on 08714712412 between 10am-7pm Cost 10p,1,156,long,1.0,0.0,0.0,guaranteed å£ cash å£ prize claim yr prize call customer service representative pm cost,0.6390041493775934
ham,U attend ur driving lesson how many times a wk n which day?,0,59,medium,0.0,1.0,0.0,attend ur driving lesson many times wk day,0.23651452282157676
ham,"Uncle G, just checking up on you. Do have a rewarding month",0,59,medium,0.0,1.0,0.0,uncle checking rewarding month,0.23651452282157676
ham,Hello boytoy ! Geeee ... I'm missing you today. I like to send you a tm and remind you I'm thinking of you ... And you are loved ... *loving kiss*,0,146,long,1.0,0.0,0.0,hello boytoy geeee im missing today like send tm remind im thinking loved loving kiss,0.5975103734439834
ham,I think the other two still need to get cash but we can def be ready by 9,0,73,medium,0.0,1.0,0.0,think two still need get cash def ready,0.29460580912863066
ham,Hey gals...U all wanna meet 4 dinner at nÌÂte? ,0,47,medium,0.0,1.0,0.0,hey galsu wanna meet dinner nìâte,0.18672199170124482
spam,Dear 0776xxxxxxx U've been invited to XCHAT. This is our final attempt to contact u! Txt CHAT to 86688 150p/MsgrcvdHG/Suite342/2Lands/Row/W1J6HL LDN 18yrs,1,154,long,1.0,0.0,0.0,dear xxxxxxx uve invited xchat final attempt contact txt chat pmsgrcvdhgsuite landsroww hl ldn yrs,0.6307053941908713
ham,Babe ! What are you doing ? Where are you ? Who are you talking to ? Do you think of me ? Are you being a good boy? Are you missing me? Do you love me ?,0,152,long,1.0,0.0,0.0,babe talking think good boy missing love,0.6224066390041494
ham,Great! How is the office today?,0,31,short,0.0,0.0,1.0,great office today,0.12033195020746887
ham,"It's cool, we can last a little while. Getting more any time soon?",0,66,medium,0.0,1.0,0.0,cool last little getting time soon,0.26556016597510373
ham,:-( sad puppy noise,0,19,short,0.0,0.0,1.0,sad puppy noise,0.07053941908713693
ham,Yes its possible but dint try. Pls dont tell to any one k,0,57,medium,0.0,1.0,0.0,yes possible dint try pls dont tell one,0.22821576763485477
ham,Anyway holla at me whenever you're around because I need an excuse to go creep on people in sarasota,0,100,long,1.0,0.0,0.0,anyway holla whenever youre around need excuse go creep people sarasota,0.4066390041493776
ham,Where you. What happen,0,22,short,0.0,0.0,1.0,happen,0.08298755186721991
ham,I was gonna ask you lol but i think its at 7,0,44,medium,0.0,1.0,0.0,gonna ask lol think,0.17427385892116182
spam,Ur cash-balance is currently 500 pounds - to maximize ur cash-in now send GO to 86688 only 150p/meg. CC: 08718720201 HG/Suite342/2lands Row/W1j6HL,1,146,long,1.0,0.0,0.0,ur cashbalance currently pounds maximize ur cashin send go pmeg cc hgsuite lands roww hl,0.5975103734439834
spam,PRIVATE! Your 2003 Account Statement for shows 800 un-redeemed S.I.M. points. Call 08715203685 Identifier Code:4xx26 Expires 13/10/04,1,133,long,1.0,0.0,0.0,private account statement shows unredeemed sim points call identifier code xx expires,0.5435684647302905
ham,Go chase after her and run her over while she's crossing the street,0,67,medium,0.0,1.0,0.0,go chase run shes crossing street,0.2697095435684647
spam,I'd like to tell you my deepest darkest fantasies. Call me 09094646631 just 60p/min. To stop texts call 08712460324 (nat rate),1,126,long,1.0,0.0,0.0,id like tell deepest darkest fantasies call pmin stop texts call nat rate,0.5145228215767635
ham,Hey... Very inconvenient for your sis a not huh?,0,48,medium,0.0,1.0,0.0,hey inconvenient sis huh,0.19087136929460582
ham,Ok i vl..do u know i got adsense approved..,0,43,medium,0.0,1.0,0.0,ok vldo know got adsense approved,0.17012448132780084
ham,"* Was really good to see you the other day dudette, been missing you!",0,69,medium,0.0,1.0,0.0,really good see day dudette missing,0.2780082987551867
ham,I want to go to perumbavoor,0,27,short,0.0,0.0,1.0,want go perumbavoor,0.1037344398340249
ham,How many times i told in the stage all use to laugh. You not listen aha.,0,72,medium,0.0,1.0,0.0,many times told stage use laugh listen aha,0.2904564315352697
ham,(You didn't hear it from me),0,28,short,0.0,0.0,1.0,didnt hear,0.1078838174273859
ham,Thanks for being there for me just to talk to on saturday. You are very dear to me. I cherish having you as a brother and role model.,0,133,long,1.0,0.0,0.0,thanks talk saturday dear cherish brother role model,0.5435684647302905
ham,Pls clarify back if an open return ticket that i have can be preponed for me to go back to kerala.,0,98,medium,0.0,1.0,0.0,pls clarify back open return ticket preponed go back kerala,0.3983402489626556
spam,Natalie (20/F) is inviting you to be her friend. Reply YES-165 or NO-165 See her: www.SMS.ac/u/natalie2k9 STOP? Send STOP FRND to 62468,1,135,long,1.0,0.0,0.0,natalie inviting friend reply yes see stop send stop frnd,0.5518672199170125
ham,She ran off with a younger man. we will make pretty babies together :),0,70,medium,0.0,1.0,0.0,ran younger man make pretty babies together,0.2821576763485477
spam,Jamster! To get your free wallpaper text HEART to 88888 now! T&C apply. 16 only. Need Help? Call 08701213186.,1,109,long,1.0,0.0,0.0,jamster get free wallpaper text heart tc apply need help call,0.44398340248962653
ham,O ic lol. Should play 9 doors sometime yo,0,41,medium,0.0,1.0,0.0,ic lol play doors sometime yo,0.16182572614107885
ham,"Dunno, my dad said he coming home 2 bring us out 4 lunch. Yup i go w u lor. I call u when i reach school lor...",0,111,long,1.0,0.0,0.0,dunno dad said coming home bring us lunch yup go lor call reach school lor,0.4522821576763485
ham,Desires- u going to doctor 4 liver. And get a bit stylish. Get ur hair managed. Thats it.,0,89,medium,0.0,1.0,0.0,desires going doctor liver get bit stylish get ur hair managed thats,0.36099585062240663
ham,Hmmm.still we dont have opener?,0,31,short,0.0,0.0,1.0,hmmmstill dont opener,0.12033195020746887
ham,Yeah so basically any time next week you can get away from your mom &amp; get up before 3,0,89,medium,0.0,1.0,0.0,yeah basically time next week get away mom amp get,0.36099585062240663
ham,I will vote for wherever my heart guides me,0,43,medium,0.0,1.0,0.0,vote wherever heart guides,0.17012448132780084
ham,With my sis lor... We juz watched italian job.,0,46,medium,0.0,1.0,0.0,sis lor juz watched italian job,0.1825726141078838
ham,"Tick, tick, tick .... Where are you ? I could die of loneliness you know ! *pouts* *stomps feet* I need you ...",0,111,long,1.0,0.0,0.0,tick tick tick could die loneliness know pouts stomps feet need,0.4522821576763485
ham,Lmao you know me so well...,0,27,short,0.0,0.0,1.0,lmao know well,0.1037344398340249
ham,Am on a train back from northampton so i'm afraid not! I'm staying skyving off today ho ho! Will be around wednesday though. Do you fancy the comedy club this week by the way?,0,175,long,1.0,0.0,0.0,train back northampton im afraid im staying skyving today ho ho around wednesday though fancy comedy club week way,0.7178423236514523
ham,Goodnight da thangam I really miss u dear.,0,42,medium,0.0,1.0,0.0,goodnight da thangam really miss dear,0.16597510373443983
ham,Hey next sun 1030 there's a basic yoga course... at bugis... We can go for that... Pilates intro next sat.... Tell me what time you r free,0,138,long,1.0,0.0,0.0,hey next sun theres basic yoga course bugis go pilates intro next sat tell time free,0.5643153526970954
ham,"Geeeee ... Your internet is really bad today, eh ?",0,50,medium,0.0,1.0,0.0,geeeee internet really bad today eh,0.19917012448132781
spam,Free video camera phones with Half Price line rental for 12 mths and 500 cross ntwk mins 100 txts. Call MobileUpd8 08001950382 or Call2OptOut/674,1,145,long,1.0,0.0,0.0,free video camera phones half price line rental mths cross ntwk mins txts call mobileupd call optout,0.5933609958506224
ham,I think i am disturbing her da,0,30,short,0.0,0.0,1.0,think disturbing da,0.11618257261410789
ham,"Sorry, I'll call you  later. I am in meeting sir.",0,49,medium,0.0,1.0,0.0,sorry ill call later meeting sir,0.1950207468879668
ham,Havent stuck at orchard in my dad's car. Going 4 dinner now. U leh? So r they free tonight?,0,91,medium,0.0,1.0,0.0,havent stuck orchard dads car going dinner leh free tonight,0.3692946058091286
ham,Ok i also wan 2 watch e 9 pm show...,0,36,short,0.0,0.0,1.0,ok also wan watch pm show,0.14107883817427386
ham,I dunno lei... Like dun haf...,0,30,short,0.0,0.0,1.0,dunno lei like dun haf,0.11618257261410789
ham,But your brother transfered only  &lt;#&gt;  +  &lt;#&gt; . Pa.,0,63,medium,0.0,1.0,0.0,brother transfered ltgt ltgt pa,0.25311203319502074
ham,I calls you later. Afternoon onwords mtnl service get problem in south mumbai. I can hear you but you cann't listen me.,0,119,long,1.0,0.0,0.0,calls later afternoon onwords mtnl service get problem south mumbai hear cannt listen,0.4854771784232365
spam,83039 62735=å£450 UK Break AccommodationVouchers terms & conditions apply. 2 claim you mustprovide your claim number which is 15541 ,1,132,long,1.0,0.0,0.0,å£ uk break accommodationvouchers terms conditions apply claim mustprovide claim number,0.5394190871369295
ham,Talk to g and x about that,0,26,short,0.0,0.0,1.0,talk,0.09958506224066391
ham,Hai dear friends... This is my new &amp; present number..:) By Rajitha Raj (Ranju),0,82,medium,0.0,1.0,0.0,hai dear friends new amp present number rajitha raj ranju,0.33195020746887965
spam,5p 4 alfie Moon's Children in need song on ur mob. Tell ur m8s. Txt Tone charity to 8007 for Nokias or Poly charity for polys: zed 08701417012 profit 2 charity.,1,160,long,1.0,0.0,0.0,alfie moons children need song ur mob tell ur txt tone charity nokias poly charity polys zed profit charity,0.6556016597510373
ham,As in different styles?,0,23,short,0.0,0.0,1.0,different styles,0.08713692946058091
spam,WIN a å£200 Shopping spree every WEEK Starting NOW. 2 play text STORE to 88039. SkilGme. TsCs08714740323 1Winawk! age16 å£1.50perweeksub.,1,137,long,1.0,0.0,0.0,win å£ shopping spree every week starting play text store skilgme tscs winawk age å£ perweeksub,0.5601659751037344
ham,Gud ni8 dear..slp well..take care..swt dreams..Muah..,0,53,medium,0.0,1.0,0.0,gud ni dearslp welltake careswt dreamsmuah,0.21161825726141079
spam,"This is the 2nd attempt to contract U, you have won this weeks top prize of either å£1000 cash or å£200 prize. Just call 09066361921",1,132,long,1.0,0.0,0.0,nd attempt contract weeks top prize either å£ cash å£ prize call,0.5394190871369295
ham,"Well, i'm glad you didn't find it totally disagreeable ... Lol",0,62,medium,0.0,1.0,0.0,well im glad didnt find totally disagreeable lol,0.24896265560165973
ham,"Guy, no flash me now. If you go call me, call me. How madam. Take care oh.",0,74,medium,0.0,1.0,0.0,guy flash go call call madam take care oh,0.2987551867219917
spam,Do you want a New Nokia 3510i colour phone DeliveredTomorrow? With 300 free minutes to any mobile + 100 free texts + Free Camcorder reply or call 08000930705.,1,158,long,1.0,0.0,0.0,want new nokia colour phone deliveredtomorrow free minutes mobile free texts free camcorder reply call,0.6473029045643154
ham,Mark works tomorrow. He gets out at 5. His work is by your house so he can meet u afterwards.,0,93,medium,0.0,1.0,0.0,mark works tomorrow gets work house meet afterwards,0.3775933609958506
ham,"\Keep ur problems in ur heart  b'coz nobody will fight for u. Only u &amp; u have to fight for ur self &amp; win the battle. -VIVEKANAND- G 9t.. SD..""",0,150,long,1.0,0.0,0.0,keep ur problems ur heart bcoz nobody fight amp fight ur self amp win battle vivekanand sd,0.6141078838174274
ham,"Yeah, give me a call if you've got a minute",0,43,medium,0.0,1.0,0.0,yeah give call youve got minute,0.17012448132780084
ham,"\HI BABE UAWAKE?FEELLIKW SHIT.JUSTFOUND OUT VIA ALETTER THATMUM GOTMARRIED 4thNOV.BEHIND OURBACKS åÐ FUCKINNICE!SELFISH DEVIOUSBITCH.ANYWAY IåÕL CALL U\""""",0,154,long,1.0,0.0,0.0,hi babe uawakefeellikw shitjustfound via aletter thatmum gotmarried thnovbehind ourbacks åð fuckinniceselfish deviousbitchanyway iåõl call,0.6307053941908713
ham,Aiya we discuss later lar... Pick Ì_ up at 4 is it?,0,51,medium,0.0,1.0,0.0,aiya discuss later lar pick,0.2033195020746888
ham,Hey happy birthday...,0,21,short,0.0,0.0,1.0,hey happy birthday,0.07883817427385892
ham,Sorry i missed your call. Can you please call back.,0,51,medium,0.0,1.0,0.0,sorry missed call please call back,0.2033195020746888
ham,Omg if its not one thing its another. My cat has worms :/ when does this bad day end?,0,85,medium,0.0,1.0,0.0,omg one thing another cat worms bad day end,0.34439834024896265
ham,"Good morning, im suffering from fever and dysentry ..will not be able to come to office today.",0,94,medium,0.0,1.0,0.0,good morning im suffering fever dysentry able come office today,0.3817427385892116
ham,I wont do anything de.,0,22,short,0.0,0.0,1.0,wont anything de,0.08298755186721991
ham,What type of stuff do you sing?,0,31,short,0.0,0.0,1.0,type stuff sing,0.12033195020746887
ham,"St andre, virgil's cream",0,24,short,0.0,0.0,1.0,st andre virgils cream,0.09128630705394192
ham,"My fri ah... Okie lor,goin 4 my drivin den go shoppin after tt...",0,65,medium,0.0,1.0,0.0,fri ah okie lorgoin drivin den go shoppin tt,0.2614107883817427
ham,Gokila is talking with you aha:),0,32,short,0.0,0.0,1.0,gokila talking aha,0.12448132780082988
ham,"Hi Shanil,Rakhesh here.thanks,i have exchanged the uncut diamond stuff.leaving back. Excellent service by Dino and Prem.",0,120,long,1.0,0.0,0.0,hi shanilrakhesh herethanksi exchanged uncut diamond stuffleaving back excellent service dino prem,0.4896265560165975
ham,K.k.this month kotees birthday know?,0,36,short,0.0,0.0,1.0,kkthis month kotees birthday know,0.14107883817427386
ham,But i'm really really broke oh. No amount is too small even  &lt;#&gt; ,0,71,medium,0.0,1.0,0.0,im really really broke oh amount small even ltgt,0.2863070539419087
ham,Sorry about that this is my mates phone and i didnt write it love Kate,0,70,medium,0.0,1.0,0.0,sorry mates phone didnt write love kate,0.2821576763485477
spam,"TheMob>Hit the link to get a premium Pink Panther game, the new no. 1 from Sugababes, a crazy Zebra animation or a badass Hoody wallpaper-all 4 FREE!",1,149,long,1.0,0.0,0.0,themobhit link get premium pink panther game new sugababes crazy zebra animation badass hoody wallpaperall free,0.6099585062240664
ham,"Ah, well that confuses things, doesnt it? I thought was friends with now. Maybe i did the wrong thing but i already sort of invited -tho he may not come cos of money.",0,166,long,1.0,0.0,0.0,ah well confuses things doesnt thought friends maybe wrong thing already sort invited tho may come cos money,0.6804979253112033
ham,"Aight, call me once you're close",0,32,short,0.0,0.0,1.0,aight call youre close,0.12448132780082988
ham,Nope thats fine. I might have a nap tho! ,0,41,medium,0.0,1.0,0.0,nope thats fine might nap tho,0.16182572614107885
spam,This msg is for your mobile content order It has been resent as previous attempt failed due to network error Queries to customersqueries@netvision.uk.com,1,153,long,1.0,0.0,0.0,msg mobile content order resent previous attempt failed due network error queries customersqueriesnetvisionukcom,0.6265560165975104
ham,In other news after hassling me to get him weed for a week andres has no money. HAUGHAIGHGTUJHYGUJ,0,98,medium,0.0,1.0,0.0,news hassling get weed week andres money haughaighgtujhyguj,0.3983402489626556
ham,Ding me on ya break fassyole! Blacko from londn,0,47,medium,0.0,1.0,0.0,ding ya break fassyole blacko londn,0.18672199170124482
ham,I REALLY NEED 2 KISS U I MISS U MY BABY FROM UR BABY 4EVA,0,57,medium,0.0,1.0,0.0,really need kiss miss baby ur baby eva,0.22821576763485477
ham,Oh you got many responsibilities.,0,33,short,0.0,0.0,1.0,oh got many responsibilities,0.1286307053941909
spam,You have 1 new message. Please call 08715205273,1,47,medium,0.0,1.0,0.0,new message please call,0.18672199170124482
ham,I've reached sch already...,0,27,short,0.0,0.0,1.0,ive reached sch already,0.1037344398340249
spam,December only! Had your mobile 11mths+? You are entitled to update to the latest colour camera mobile for Free! Call The Mobile Update VCo FREE on 08002986906 ,1,159,long,1.0,0.0,0.0,december mobile mths entitled update latest colour camera mobile free call mobile update vco free,0.6514522821576764
ham,U definitely need a module from e humanities dis sem izzit? U wan 2 take other modules 1st?,0,91,medium,0.0,1.0,0.0,definitely need module humanities dis sem izzit wan take modules st,0.3692946058091286
ham,Argh why the fuck is nobody in town ;_;,0,39,short,0.0,0.0,1.0,argh fuck nobody town,0.15352697095435686
spam,"Get 3 Lions England tone, reply lionm 4 mono or lionp 4 poly. 4 more go 2 www.ringtones.co.uk, the original n best. Tones 3GBP network operator rates apply.",1,156,long,1.0,0.0,0.0,get lions england tone reply lionm mono lionp poly go original best tones gbp network operator rates apply,0.6390041493775934
ham,Thanks. Fills me with complete calm and reassurance! ,0,53,medium,0.0,1.0,0.0,thanks fills complete calm reassurance,0.21161825726141079
ham,Aslamalaikkum....insha allah tohar beeen muht albi mufti mahfuuz...meaning same here....,0,88,medium,0.0,1.0,0.0,aslamalaikkuminsha allah tohar beeen muht albi mufti mahfuuzmeaning,0.3568464730290456
ham,Are you driving or training?,0,28,short,0.0,0.0,1.0,driving training,0.1078838174273859
ham,Lol for real. She told my dad I have cancer,0,43,medium,0.0,1.0,0.0,lol real told dad cancer,0.17012448132780084
spam,PRIVATE! Your 2003 Account Statement for 078,1,44,medium,0.0,1.0,0.0,private account statement,0.17427385892116182
ham,"Oops I did have it,  &lt;#&gt; ?",0,32,short,0.0,0.0,1.0,oops ltgt,0.12448132780082988
ham,"\NOT ENUFCREDEIT TOCALL.SHALL ILEAVE UNI AT 6 +GET A BUS TO YOR HOUSE?\""""",0,73,medium,0.0,1.0,0.0,enufcredeit tocallshall ileave uni get bus yor house,0.29460580912863066
ham,"Hi Chikku, send some nice msgs",0,30,short,0.0,0.0,1.0,hi chikku send nice msgs,0.11618257261410789
ham,"He is impossible to argue with and he always treats me like his sub, like he never released me ... Which he did and I will remind him of that if necessary",0,154,long,1.0,0.0,0.0,impossible argue always treats like sub like never released remind necessary,0.6307053941908713
ham,"After my work ah... Den 6 plus lor... U workin oso rite... Den go orchard lor, no other place to go liao...",0,107,long,1.0,0.0,0.0,work ah den plus lor workin oso rite den go orchard lor place go liao,0.4356846473029045
ham,"To the wonderful Okors, have a great month. We cherish you guys and wish you well each day. MojiBiola",0,101,long,1.0,0.0,0.0,wonderful okors great month cherish guys wish well day mojibiola,0.4107883817427386
ham,Cuz ibored. And don wanna study,0,31,short,0.0,0.0,1.0,cuz ibored wanna study,0.12033195020746887
ham,Wot about on wed nite I am 3 then but only til 9!,0,49,medium,0.0,1.0,0.0,wot wed nite til,0.1950207468879668
ham,Any way where are you and what doing.,0,37,short,0.0,0.0,1.0,way,0.14522821576763487
ham,That sucks. I'll go over so u can do my hair. You'll do it free right?,0,70,medium,0.0,1.0,0.0,sucks ill go hair youll free right,0.2821576763485477
ham,it's still not working. And this time i also tried adding zeros. That was the savings. The checking is  &lt;#&gt; ,0,114,long,1.0,0.0,0.0,still working time also tried adding zeros savings checking ltgt,0.4647302904564315
ham,"Hmm... Dunno leh, mayb a bag 4 goigng out dat is not too small. Or jus anything except perfume, smth dat i can keep.",0,116,long,1.0,0.0,0.0,hmm dunno leh mayb bag goigng dat small jus anything except perfume smth dat keep,0.4730290456431535
ham,Sday only joined.so training we started today:),0,47,medium,0.0,1.0,0.0,sday joinedso training started today,0.18672199170124482
ham,Sorry * was at the grocers.,0,27,short,0.0,0.0,1.0,sorry grocers,0.1037344398340249
ham,There are some nice pubs near here or there is Frankie n Bennys near the warner cinema?,0,87,medium,0.0,1.0,0.0,nice pubs near frankie bennys near warner cinema,0.3526970954356846
spam,"YOU VE WON! Your 4* Costa Del Sol Holiday or å£5000 await collection. Call 09050090044 Now toClaim. SAE, TC s, POBox334, Stockport, SK38xh, Costå£1.50/pm, Max10mins",1,164,long,1.0,0.0,0.0,costa del sol holiday å£ await collection call toclaim sae tc pobox stockport sk xh costå£ pm max mins,0.6721991701244814
ham,Yup... I havent been there before... You want to go for the yoga? I can call up to book ,0,88,medium,0.0,1.0,0.0,yup havent want go yoga call book,0.3568464730290456
ham,Oh shut it. Omg yesterday I had a dream that I had 2 kids both boys. I was so pissed. Not only about the kids but them being boys. I even told mark in my dream that he was changing diapers cause I'm not getting owed in the face.,0,228,long,1.0,0.0,0.0,oh shut omg yesterday dream kids boys pissed kids boys even told mark dream changing diapers cause im getting owed face,0.9377593360995851
ham,Yeah I imagine he would be really gentle. Unlike the other docs who treat their patients like turkeys.,0,102,long,1.0,0.0,0.0,yeah imagine would really gentle unlike docs treat patients like turkeys,0.41493775933609955
ham,Now that you have started dont stop. Just pray for more good ideas and anything i see that can help you guys i.ll forward you a link.,0,133,long,1.0,0.0,0.0,started dont stop pray good ideas anything see help guys ill forward link,0.5435684647302905
ham,Hi darlin im on helens fone im gonna b up the princes 2 nite please come up tb love Kate,0,88,medium,0.0,1.0,0.0,hi darlin im helens fone im gonna princes nite please come tb love kate,0.3568464730290456
ham,I'm in office now da:)where are you?,0,36,short,0.0,0.0,1.0,im office dawhere,0.14107883817427386
ham,Aiyar u so poor thing... I give u my support k... Jia you! I'll think of u...,0,77,medium,0.0,1.0,0.0,aiyar poor thing give support jia ill think,0.31120331950207464
ham,Oh unintentionally not bad timing. Great. Fingers  the trains play along! Will give fifteen min warning.,0,104,long,1.0,0.0,0.0,oh unintentionally bad timing great fingers trains play along give fifteen min warning,0.42323651452282157
spam,Get your garden ready for summer with a FREE selection of summer bulbs and seeds worth å£33:50 only with The Scotsman this Saturday. To stop go2 notxt.co.uk,1,156,long,1.0,0.0,0.0,get garden ready summer free selection summer bulbs seeds worth å£ scotsman saturday stop go notxtcouk,0.6390041493775934
ham,K..then come wenever u lik to come and also tel vikky to come by getting free time..:-),0,87,medium,0.0,1.0,0.0,kthen come wenever lik come also tel vikky come getting free time,0.3526970954356846
ham,Pls call me da. What happen.,0,28,short,0.0,0.0,1.0,pls call da happen,0.1078838174273859
ham,"Happy new year to u and ur family...may this new year bring happiness , stability and tranquility to ur vibrant colourful life:):)",0,130,long,1.0,0.0,0.0,happy new year ur familymay new year bring happiness stability tranquility ur vibrant colourful life,0.5311203319502075
ham,No problem with the renewal. I.ll do it right away but i dont know his details.,0,79,medium,0.0,1.0,0.0,problem renewal ill right away dont know details,0.31950207468879666
ham,Idk. I'm sitting here in a stop and shop parking lot right now bawling my eyes out because i feel like i'm a failure in everything. Nobody wants me and now i feel like i'm failing you.,0,184,long,1.0,0.0,0.0,idk im sitting stop shop parking lot right bawling eyes feel like im failure everything nobody wants feel like im failing,0.7551867219917012
ham,Haven't left yet so probably gonna be here til dinner,0,53,medium,0.0,1.0,0.0,havent left yet probably gonna til dinner,0.21161825726141079
ham,"Like  &lt;#&gt; , same question",0,31,short,0.0,0.0,1.0,like ltgt question,0.12033195020746887
ham,MY NEW YEARS EVE WAS OK. I WENT TO A PARTY WITH MY BOYFRIEND. WHO IS THIS SI THEN HEY,0,85,medium,0.0,1.0,0.0,new years eve ok went party boyfriend si hey,0.34439834024896265
ham,"Sir, I need Velusamy sir's date of birth and company bank facilities details.",0,77,medium,0.0,1.0,0.0,sir need velusamy sirs date birth company bank facilities details,0.31120331950207464
ham,K k:) sms chat with me.,0,23,short,0.0,0.0,1.0,sms chat,0.08713692946058091
ham,I will come with karnan car. Please wait till 6pm will directly goto doctor.,0,76,medium,0.0,1.0,0.0,come karnan car please wait till pm directly goto doctor,0.30705394190871366
ham,No but the bluray player can,0,28,short,0.0,0.0,1.0,bluray player,0.1078838174273859
ham,Ok... Then r we meeting later?,0,30,short,0.0,0.0,1.0,ok meeting later,0.11618257261410789
ham,Lol no. I just need to cash in my nitros. Hurry come on before I crash out!,0,75,medium,0.0,1.0,0.0,lol need cash nitros hurry come crash,0.3029045643153527
ham,Just send a text. We'll skype later.,0,36,short,0.0,0.0,1.0,send text well skype later,0.14107883817427386
ham,Ok leave no need to ask,0,23,short,0.0,0.0,1.0,ok leave need ask,0.08713692946058091
ham,ÌÏ still got lessons?  ÌÏ in sch?,0,33,short,0.0,0.0,1.0,ìï still got lessons ìï sch,0.1286307053941909
ham,Y she dun believe leh? I tot i told her it's true already. I thk she muz c us tog then she believe.,0,99,medium,0.0,1.0,0.0,dun believe leh tot told true already thk muz us tog believe,0.40248962655601656
ham,Oh did you charge camera,0,24,short,0.0,0.0,1.0,oh charge camera,0.09128630705394192
ham,"IÛ÷ve got some salt, you can rub it in my open wounds if you like!",0,67,medium,0.0,1.0,0.0,iû÷ve got salt rub open wounds like,0.2697095435684647
ham,Now i'm going for lunch.,0,24,short,0.0,0.0,1.0,im going lunch,0.09128630705394192
ham,I'm in school now n i'll be in da lab doing some stuff give me a call when Ì_ r done.,0,85,medium,0.0,1.0,0.0,im school ill da lab stuff give call done,0.34439834024896265
ham,"Aight, text me tonight and we'll see what's up",0,46,medium,0.0,1.0,0.0,aight text tonight well see whats,0.1825726141078838
ham,U 2.,0,4,short,0.0,0.0,1.0,,0.008298755186721992
ham,Water logging in desert. Geoenvironmental implications.,0,55,medium,0.0,1.0,0.0,water logging desert geoenvironmental implications,0.21991701244813278
ham,"Very strange.  and  are watching the 2nd one now but i'm in bed. Sweet dreams, miss u ",0,86,medium,0.0,1.0,0.0,strange watching nd one im bed sweet dreams miss,0.34854771784232363
spam,SMS AUCTION - A BRAND NEW Nokia 7250 is up 4 auction today! Auction is FREE 2 join & take part! Txt NOKIA to 86021 now!,1,119,long,1.0,0.0,0.0,sms auction brand new nokia auction today auction free join take part txt nokia,0.4854771784232365
ham,"Hi hope u r both ok, he said he would text and he hasn't, have u seen him, let me down gently please ",0,101,long,1.0,0.0,0.0,hi hope ok said would text hasnt seen let gently please,0.4107883817427386
ham,"Babe! I fucking love you too !! You know? Fuck it was so good to hear your voice. I so need that. I crave it. I can't get enough. I adore you, Ahmad *kisses*",0,157,long,1.0,0.0,0.0,babe fucking love know fuck good hear voice need crave cant get enough adore ahmad kisses,0.6431535269709544
ham,K sure am in my relatives home. Sms me de. Pls:-),0,49,medium,0.0,1.0,0.0,sure relatives home sms de pls,0.1950207468879668
ham,"Fuuuuck I need to stop sleepin, sup",0,35,short,0.0,0.0,1.0,fuuuuck need stop sleepin sup,0.13692946058091288
ham,I'm in town now so i'll jus take mrt down later.,0,48,medium,0.0,1.0,0.0,im town ill jus take mrt later,0.19087136929460582
ham,I just cooked a rather nice salmon a la you,0,43,medium,0.0,1.0,0.0,cooked rather nice salmon la,0.17012448132780084
ham,I uploaded mine to Facebook,0,27,short,0.0,0.0,1.0,uploaded mine facebook,0.1037344398340249
ham,WHAT TIME U WRKIN?,0,18,short,0.0,0.0,1.0,time wrkin,0.06639004149377593
spam,ree entry in 2 a weekly comp for a chance to win an ipod. Txt POD to 80182 to get entry (std txt rate) T&C's apply 08452810073 for details 18+,1,142,long,1.0,0.0,0.0,ree entry weekly comp chance win ipod txt pod get entry std txt rate tcs apply details,0.5809128630705395
spam,Our records indicate u maybe entitled to 5000 pounds in compensation for the Accident you had. To claim 4 free reply with CLAIM to this msg. 2 stop txt STOP,1,156,long,1.0,0.0,0.0,records indicate maybe entitled pounds compensation accident claim free reply claim msg stop txt stop,0.6390041493775934
ham,Oh oh... Den muz change plan liao... Go back have to yan jiu again...,0,69,medium,0.0,1.0,0.0,oh oh den muz change plan liao go back yan jiu,0.2780082987551867
ham,"It's wylie, you in tampa or sarasota?",0,37,short,0.0,0.0,1.0,wylie tampa sarasota,0.14522821576763487
ham,Ok... Take ur time n enjoy ur dinner...,0,39,short,0.0,0.0,1.0,ok take ur time enjoy ur dinner,0.15352697095435686
ham,Darren was saying dat if u meeting da ge den we dun meet 4 dinner. Cos later u leave xy will feel awkward. Den u meet him 4 lunch lor.,0,134,long,1.0,0.0,0.0,darren saying dat meeting da ge den dun meet dinner cos later leave xy feel awkward den meet lunch lor,0.5477178423236515
spam,"Spook up your mob with a Halloween collection of a logo & pic message plus a free eerie tone, txt CARD SPOOK to 8007 zed 08701417012150p per logo/pic ",1,150,long,1.0,0.0,0.0,spook mob halloween collection logo pic message plus free eerie tone txt card spook zed per logopic,0.6141078838174274
ham,I like cheap! But iÛ÷m happy to splash out on the wine if it makes you feel better..,0,85,medium,0.0,1.0,0.0,like cheap iû÷m happy splash wine makes feel better,0.34439834024896265
ham,She.s fine. I have had difficulties with her phone. It works with mine. Can you pls send her another friend request.,0,116,long,1.0,0.0,0.0,shes fine difficulties phone works mine pls send another friend request,0.4730290456431535
ham,Ugh my leg hurts. Musta overdid it on mon.,0,42,medium,0.0,1.0,0.0,ugh leg hurts musta overdid mon,0.16597510373443983
spam,Call Germany for only 1 pence per minute! Call from a fixed line via access number 0844 861 85 85. No prepayment. Direct access! www.telediscount.co.uk,1,151,long,1.0,0.0,0.0,call germany pence per minute call fixed line via access number prepayment direct access,0.6182572614107884
ham,WOT STUDENT DISCOUNT CAN U GET ON BOOKS?,0,40,medium,0.0,1.0,0.0,wot student discount get books,0.15767634854771784
ham,How come she can get it? Should b quite diff to guess rite...,0,61,medium,0.0,1.0,0.0,come get quite diff guess rite,0.24481327800829875
spam,Had your mobile 11mths ? Update for FREE to Oranges latest colour camera mobiles & unlimited weekend calls. Call Mobile Upd8 on freefone 08000839402 or 2StopTxt,1,160,long,1.0,0.0,0.0,mobile mths update free oranges latest colour camera mobiles unlimited weekend calls call mobile upd freefone stoptxt,0.6556016597510373
ham,"Babe, I'm answering you, can't you see me ? Maybe you'd better reboot YM ... I got the photo ... It's great !",0,109,long,1.0,0.0,0.0,babe im answering cant see maybe youd better reboot ym got photo great,0.44398340248962653
ham,Hi.what you think about match?,0,30,short,0.0,0.0,1.0,hiwhat think match,0.11618257261410789
ham,Dai i downloaded but there is only exe file which i can only run that exe after installing.,0,91,medium,0.0,1.0,0.0,dai downloaded exe file run exe installing,0.3692946058091286
ham,It is only yesterday true true.,0,31,short,0.0,0.0,1.0,yesterday true true,0.12033195020746887
ham,K.k.how is your business now?,0,29,short,0.0,0.0,1.0,kkhow business,0.11203319502074689
ham,3 pa but not selected.,0,22,short,0.0,0.0,1.0,pa selected,0.08298755186721991
ham,Well thats nice. Too bad i cant eat it,0,38,short,0.0,0.0,1.0,well thats nice bad cant eat,0.14937759336099585
ham,I accidentally brought em home in the box,0,41,medium,0.0,1.0,0.0,accidentally brought em home box,0.16182572614107885
ham,Pls she needs to dat slowly or she will vomit more.,0,51,medium,0.0,1.0,0.0,pls needs dat slowly vomit,0.2033195020746888
ham,I have to take exam with in march 3,0,35,short,0.0,0.0,1.0,take exam march,0.13692946058091288
ham,"Jane babes not goin 2 wrk, feel ill after lst nite. Foned in already cover 4 me chuck.:-)",0,89,medium,0.0,1.0,0.0,jane babes goin wrk feel ill lst nite foned already cover chuck,0.36099585062240663
ham,5 nights...We nt staying at port step liao...Too ex,0,51,medium,0.0,1.0,0.0,nightswe nt staying port step liaotoo ex,0.2033195020746888
ham,If I die I want u to have all my stuffs.,0,40,medium,0.0,1.0,0.0,die want stuffs,0.15767634854771784
ham,"\OH FUCK. JUSWOKE UP IN A BED ON A BOATIN THE DOCKS. SLEPT WID 25 YEAR OLD. SPINOUT! GIV U DA GOSSIP L8R. XXX\""""",0,112,long,1.0,0.0,0.0,oh fuck juswoke bed boatin docks slept wid year old spinout giv da gossip xxx,0.45643153526970953
ham,I re-met alex nichols from middle school and it turns out he's dealing!,0,71,medium,0.0,1.0,0.0,remet alex nichols middle school turns hes dealing,0.2863070539419087
spam,PRIVATE! Your 2003 Account Statement for <fone no> shows 800 un-redeemed S. I. M. points. Call 08715203656 Identifier Code: 42049 Expires 26/10/04,1,146,long,1.0,0.0,0.0,private account statement fone shows unredeemed points call identifier code expires,0.5975103734439834
ham,It means u could not keep ur words.,0,35,short,0.0,0.0,1.0,means could keep ur words,0.13692946058091288
ham,"Nope, I'm still in the market",0,29,short,0.0,0.0,1.0,nope im still market,0.11203319502074689
ham,I realise you are a busy guy and i'm trying not to be a bother. I have to get some exams outta the way and then try the cars. Do have a gr8 day,0,143,long,1.0,0.0,0.0,realise busy guy im trying bother get exams outta way try cars gr day,0.5850622406639004
ham,Hey what how about your project. Started aha da.,0,48,medium,0.0,1.0,0.0,hey project started aha da,0.19087136929460582
ham,Ok cool. See ya then.,0,21,short,0.0,0.0,1.0,ok cool see ya,0.07883817427385892
ham,Am on the uworld site. Am i buying the qbank only or am i buying it with the self assessment also?,0,98,medium,0.0,1.0,0.0,uworld site buying qbank buying self assessment also,0.3983402489626556
spam,Someonone you know is trying to contact you via our dating service! To find out who it could be call from your mobile or landline 09064015307 BOX334SK38ch ,1,155,long,1.0,0.0,0.0,someonone know trying contact via dating service find could call mobile landline box sk ch,0.6348547717842324
ham,Yeah I can still give you a ride,0,32,short,0.0,0.0,1.0,yeah still give ride,0.12448132780082988
ham,"Jay wants to work out first, how's 4 sound?",0,43,medium,0.0,1.0,0.0,jay wants work first hows sound,0.17012448132780084
ham,"Gud gud..k, chikku tke care.. sleep well gud nyt",0,48,medium,0.0,1.0,0.0,gud gudk chikku tke care sleep well gud nyt,0.19087136929460582
ham,Hmm thinking lor...,0,19,short,0.0,0.0,1.0,hmm thinking lor,0.07053941908713693
ham,Of course ! Don't tease me ... You know I simply must see ! *grins* ... Do keep me posted my prey ... *loving smile* *devouring kiss*,0,133,long,1.0,0.0,0.0,course dont tease know simply must see grins keep posted prey loving smile devouring kiss,0.5435684647302905
ham,thanks for the temales it was wonderful. Thank. Have a great week.,0,66,medium,0.0,1.0,0.0,thanks temales wonderful thank great week,0.26556016597510373
ham,Thank you princess! I want to see your nice juicy booty...,0,58,medium,0.0,1.0,0.0,thank princess want see nice juicy booty,0.23236514522821577
ham,Haven't eaten all day. I'm sitting here staring at this juicy pizza and I can't eat it. These meds are ruining my life.,0,119,long,1.0,0.0,0.0,havent eaten day im sitting staring juicy pizza cant eat meds ruining life,0.4854771784232365
ham,U come n search tat vid..not finishd..,0,38,short,0.0,0.0,1.0,come search tat vidnot finishd,0.14937759336099585
ham,"K I'm leaving soon, be there a little after 9",0,45,medium,0.0,1.0,0.0,im leaving soon little,0.17842323651452283
spam,Urgent! Please call 09061213237 from a landline. å£5000 cash or a 4* holiday await collection. T &Cs SAE PO Box 177 M227XY. 16+,1,127,long,1.0,0.0,0.0,urgent please call landline å£ cash holiday await collection cs sae po box xy,0.5186721991701245
ham,"Yeah work is fine, started last week, all the same stuff as before, dull but easy and guys are fun!",0,99,medium,0.0,1.0,0.0,yeah work fine started last week stuff dull easy guys fun,0.40248962655601656
ham,You do your studies alone without anyones help. If you cant no need to study.,0,77,medium,0.0,1.0,0.0,studies alone without anyones help cant need study,0.31120331950207464
ham,Please tell me not all of my car keys are in your purse,0,55,medium,0.0,1.0,0.0,please tell car keys purse,0.21991701244813278
ham,I didnt get anything da,0,23,short,0.0,0.0,1.0,didnt get anything da,0.08713692946058091
ham,Ok... Sweet dreams...,0,21,short,0.0,0.0,1.0,ok sweet dreams,0.07883817427385892
ham,Well she's in for a big surprise!,0,33,short,0.0,0.0,1.0,well shes big surprise,0.1286307053941909
ham,1 in cbe. 2 in chennai.,0,23,short,0.0,0.0,1.0,cbe chennai,0.08713692946058091
ham,Can help u swoop by picking u up from wherever ur other birds r meeting if u want.,0,82,medium,0.0,1.0,0.0,help swoop picking wherever ur birds meeting want,0.33195020746887965
ham,If anyone calls for a treadmill say you'll buy it. Make sure its working. I found an ad on Craigslist selling for $ &lt;#&gt; .,0,127,long,1.0,0.0,0.0,anyone calls treadmill say youll buy make sure working found ad craigslist selling ltgt,0.5186721991701245
ham,I absolutely LOVE South Park! I only recently started watching the office.,0,74,medium,0.0,1.0,0.0,absolutely love south park recently started watching office,0.2987551867219917
ham,Did you see that film:),0,23,short,0.0,0.0,1.0,see film,0.08713692946058091
ham,Pls speak with me. I wont ask anything other then you friendship.,0,65,medium,0.0,1.0,0.0,pls speak wont ask anything friendship,0.2614107883817427
ham,Gud ni8.swt drms.take care,0,26,short,0.0,0.0,1.0,gud ni swt drmstake care,0.09958506224066391
ham,HI DARLIN ITS KATE ARE U UP FOR DOIN SOMETHIN TONIGHT? IM GOING TO A PUB CALLED THE SWAN OR SOMETHING WITH MY PARENTS FOR ONE DRINK SO PHONE ME IF U CAN,0,152,long,1.0,0.0,0.0,hi darlin kate doin somethin tonight im going pub called swan something parents one drink phone,0.6224066390041494
ham,Anything lar then Ì_ not going home 4 dinner?,0,45,medium,0.0,1.0,0.0,anything lar going home dinner,0.17842323651452283
ham,"\ER  ENJOYIN INDIANS AT THE MO..yeP. SaLL gOoD HehE ;> hows bout u shexy? Pete Xx\""""",0,84,medium,0.0,1.0,0.0,er enjoyin indians moyep sall good hehe hows bout shexy pete xx,0.3402489626556016
spam,"If you don't, your prize will go to another customer. T&C at www.t-c.biz 18+ 150p/min Polo Ltd Suite 373 London W1J 6HL Please call back if busy ",1,145,long,1.0,0.0,0.0,dont prize go another customer tc pmin polo ltd suite london hl please call back busy,0.5933609958506224
ham,Did u fix the teeth?if not do it asap.ok take care.,0,51,medium,0.0,1.0,0.0,fix teethif asapok take care,0.2033195020746888
ham,So u wan 2 come for our dinner tonight a not?,0,45,medium,0.0,1.0,0.0,wan come dinner tonight,0.17842323651452283
ham,"Hello.How u doing?What u been up 2?When will u b moving out of the flat, cos I will need to arrange to pick up the lamp, etc. Take care. Hello caroline!",0,152,long,1.0,0.0,0.0,hellohow doingwhat moving flat cos need arrange pick lamp etc take care hello caroline,0.6224066390041494
ham,Its too late:)but its k.wish you the same.,0,42,medium,0.0,1.0,0.0,latebut kwish,0.16597510373443983
ham,"Hi. Hope ur day * good! Back from walk, table booked for half eight. Let me know when ur coming over.",0,101,long,1.0,0.0,0.0,hi hope ur day good back walk table booked half eight let know ur coming,0.4107883817427386
ham,Oh yeah clearly it's my fault,0,29,short,0.0,0.0,1.0,oh yeah clearly fault,0.11203319502074689
ham,Dunno leh cant remember mayb lor. So wat time r we meeting tmr?,0,63,medium,0.0,1.0,0.0,dunno leh cant remember mayb lor wat time meeting tmr,0.25311203319502074
ham,"Best msg: It's hard to be with a person, when u know that one more step foward will make u fall in love.. &amp; One step back can ruin ur friendship.. good night:-) ...",0,168,long,1.0,0.0,0.0,best msg hard person know one step foward make fall love amp one step back ruin ur friendship good night,0.6887966804979253
spam,URGENT! Your Mobile number has been awarded with a å£2000 prize GUARANTEED. Call 09061790126 from land line. Claim 3030. Valid 12hrs only 150ppm,1,144,long,1.0,0.0,0.0,urgent mobile number awarded å£ prize guaranteed call land line claim valid hrs ppm,0.5892116182572614
ham,"Vikky, come around  &lt;TIME&gt; ..",0,35,short,0.0,0.0,1.0,vikky come around lttimegt,0.13692946058091288
ham,"And how you will do that, princess? :)",0,38,short,0.0,0.0,1.0,princess,0.14937759336099585
ham,I have gone into get info bt dont know what to do,0,49,medium,0.0,1.0,0.0,gone get info bt dont know,0.1950207468879668
ham,"Yeah, probably here for a while",0,31,short,0.0,0.0,1.0,yeah probably,0.12033195020746887
ham,I'm still pretty weak today .. Bad day ?,0,40,medium,0.0,1.0,0.0,im still pretty weak today bad day,0.15767634854771784
ham,Hey ! Don't forget ... You are MINE ... For ME ... My possession ... MY property ... MMM ... *childish smile* ...,0,113,long,1.0,0.0,0.0,hey dont forget mine possession property mmm childish smile,0.4605809128630705
ham,An excellent thought by a misundrstud frnd: I knw u hate me bt the day wen u'll knw the truth u'll hate urself:-( Gn:-),0,119,long,1.0,0.0,0.0,excellent thought misundrstud frnd knw hate bt day wen ull knw truth ull hate urself gn,0.4854771784232365
ham,Hey! Congrats 2u2. id luv 2 but ive had 2 go home!,0,50,medium,0.0,1.0,0.0,hey congrats id luv ive go home,0.19917012448132781
ham,Dear where you. Call me,0,23,short,0.0,0.0,1.0,dear call,0.08713692946058091
ham,Xy trying smth now. U eat already? We havent...,0,47,medium,0.0,1.0,0.0,xy trying smth eat already havent,0.18672199170124482
spam,Urgent! Please call 09061213237 from landline. å£5000 cash or a luxury 4* Canary Islands Holiday await collection. T&Cs SAE PO Box 177. M227XY. 150ppm. 16+,1,155,long,1.0,0.0,0.0,urgent please call landline å£ cash luxury canary islands holiday await collection tcs sae po box xy ppm,0.6348547717842324
ham,I donno its in your genes or something,0,38,short,0.0,0.0,1.0,donno genes something,0.14937759336099585
spam,XMAS iscoming & ur awarded either å£500 CD gift vouchers & free entry 2 r å£100 weekly draw txt MUSIC to 87066 TnC www.Ldew.com1win150ppmx3age16subscription ,1,157,long,1.0,0.0,0.0,xmas iscoming ur awarded either å£ cd gift vouchers free entry å£ weekly draw txt music tnc,0.6431535269709544
ham,Alex says he's not ok with you not being ok with it,0,51,medium,0.0,1.0,0.0,alex says hes ok ok,0.2033195020746888
ham,Are u coming to the funeral home,0,32,short,0.0,0.0,1.0,coming funeral home,0.12448132780082988
ham,My darling sister. How are you doing. When's school resuming. Is there a minimum wait period before you reapply? Do take care,0,125,long,1.0,0.0,0.0,darling sister whens school resuming minimum wait period reapply take care,0.5103734439834026
ham,I.ll hand her my phone to chat wit u,0,36,short,0.0,0.0,1.0,ill hand phone chat wit,0.14107883817427386
ham,Well good morning mr . Hows london treatin' ya treacle?,0,55,medium,0.0,1.0,0.0,well good morning mr hows london treatin ya treacle,0.21991701244813278
ham,I can't make it tonight,0,23,short,0.0,0.0,1.0,cant make tonight,0.08713692946058091
ham,About  &lt;#&gt; bucks. The banks fees are fixed. Better to call the bank and find out.,0,87,medium,0.0,1.0,0.0,ltgt bucks banks fees fixed better call bank find,0.3526970954356846
ham,"I can. But it will tell quite long, cos i haven't finish my film yet...",0,71,medium,0.0,1.0,0.0,tell quite long cos havent finish film yet,0.2863070539419087
ham,Pls ask macho how much is budget for bb bold 2 is cos i saw a new one for  &lt;#&gt;  dollars.,0,94,medium,0.0,1.0,0.0,pls ask macho much budget bb bold cos saw new one ltgt dollars,0.3817427385892116
ham,"\Hi missed your Call and my mumHas beendropping red wine all over theplace! what is your adress?\""""",0,99,medium,0.0,1.0,0.0,hi missed call mumhas beendropping red wine theplace adress,0.40248962655601656
ham,Ill be at yours in about 3 mins but look out for me,0,51,medium,0.0,1.0,0.0,ill mins look,0.2033195020746888
ham,What you did in  leave.,0,23,short,0.0,0.0,1.0,leave,0.08713692946058091
ham,I'm coming back on Thursday. Yay. Is it gonna be ok to get the money. Cheers. Oh yeah and how are you. Everything alright. Hows school. Or do you call it work now,0,162,long,1.0,0.0,0.0,im coming back thursday yay gonna ok get money cheers oh yeah everything alright hows school call work,0.6639004149377594
ham,"Jolly good! By the way,  will give u tickets for sat eve 7.30. Speak before then x",0,82,medium,0.0,1.0,0.0,jolly good way give tickets sat eve speak,0.33195020746887965
ham,"yeah, that's what I was thinking",0,32,short,0.0,0.0,1.0,yeah thats thinking,0.12448132780082988
ham,K.k:)i'm going to tirunelvali this week to see my uncle ..i already spend the amount by taking dress .so only i want money.i will give it on feb 1,0,146,long,1.0,0.0,0.0,kkim going tirunelvali week see uncle already spend amount taking dress want moneyi give feb,0.5975103734439834
ham,Here got ur favorite oyster... N got my favorite sashimi... Ok lar i dun say already... Wait ur stomach start rumbling...,0,121,long,1.0,0.0,0.0,got ur favorite oyster got favorite sashimi ok lar dun say already wait ur stomach start rumbling,0.4937759336099585
ham,My sister going to earn more than me da.,0,40,medium,0.0,1.0,0.0,sister going earn da,0.15767634854771784
ham,Jus finish watching tv... U?,0,28,short,0.0,0.0,1.0,jus finish watching tv,0.1078838174273859
ham,"K, fyi I'm back in my parents' place in south tampa so I might need to do the deal somewhere else",0,97,medium,0.0,1.0,0.0,fyi im back parents place south tampa might need deal somewhere else,0.3941908713692946
ham,"Good morning, my Love ... I go to sleep now and wish you a great day full of feeling better and opportunity ... You are my last thought babe, I LOVE YOU *kiss*",0,159,long,1.0,0.0,0.0,good morning love go sleep wish great day full feeling better opportunity last thought babe love kiss,0.6514522821576764
ham,Kothi print out marandratha.,0,28,short,0.0,0.0,1.0,kothi print marandratha,0.1078838174273859
ham,But we havent got da topic yet rite?,0,36,short,0.0,0.0,1.0,havent got da topic yet rite,0.14107883817427386
ham,Ok no problem... Yup i'm going to sch at 4 if i rem correctly...,0,64,medium,0.0,1.0,0.0,ok problem yup im going sch rem correctly,0.2572614107883817
ham,"Thanks, I'll keep that in mind",0,30,short,0.0,0.0,1.0,thanks ill keep mind,0.11618257261410789
ham,Aah bless! How's your arm?,0,26,short,0.0,0.0,1.0,aah bless hows arm,0.09958506224066391
ham,"Dear Sir,Salam Alaikkum.Pride and Pleasure meeting you today at the Tea Shop.We are pleased to send you our contact number at Qatar.Rakhesh an Indian.Pls save our Number.Respectful Regards.",0,189,long,1.0,0.0,0.0,dear sirsalam alaikkumpride pleasure meeting today tea shopwe pleased send contact number qatarrakhesh indianpls save numberrespectful regards,0.7759336099585062
ham,"Gal n boy walking in d park. gal-can i hold ur hand? boy-y? do u think i would run away? gal-no, jst wana c how it feels walking in heaven with an prince..GN:-)",0,160,long,1.0,0.0,0.0,gal boy walking park galcan hold ur hand boyy think would run away galno jst wana feels walking heaven princegn,0.6556016597510373
ham,What makes you most happy?,0,26,short,0.0,0.0,1.0,makes happy,0.09958506224066391
ham,Wishing you a wonderful week.,0,29,short,0.0,0.0,1.0,wishing wonderful week,0.11203319502074689
ham,Sweet heart how are you?,0,24,short,0.0,0.0,1.0,sweet heart,0.09128630705394192
ham,"Sir, waiting for your letter.",0,29,short,0.0,0.0,1.0,sir waiting letter,0.11203319502074689
ham,Dude im no longer a pisces. Im an aquarius now.,0,47,medium,0.0,1.0,0.0,dude im longer pisces im aquarius,0.18672199170124482
ham,X course it 2yrs. Just so her messages on messenger lik you r sending me,0,72,medium,0.0,1.0,0.0,course yrs messages messenger lik sending,0.2904564315352697
ham,I think steyn surely get one wicket:),0,37,short,0.0,0.0,1.0,think steyn surely get one wicket,0.14522821576763487
ham,"Neither [in sterm voice] - i'm studying. All fine with me! Not sure the  thing will be resolved, tho. Anyway. Have a fab hols",0,125,long,1.0,0.0,0.0,neither sterm voice im studying fine sure thing resolved tho anyway fab hols,0.5103734439834026
ham,"Garbage bags, eggs, jam, bread, hannaford wheat chex",0,52,medium,0.0,1.0,0.0,garbage bags eggs jam bread hannaford wheat chex,0.2074688796680498
ham,No. It's not pride. I'm almost  &lt;#&gt;  years old and shouldn't be takin money from my kid. You're not supposed to have to deal with this stuff. This is grownup stuff--why i don't tell you.,0,192,long,1.0,0.0,0.0,pride im almost ltgt years old shouldnt takin money kid youre supposed deal stuff grownup stuffwhy dont tell,0.7883817427385893
ham,Sounds better than my evening im just doing my costume. Im not sure what time i finish tomorrow but i will txt you at the end.,0,126,long,1.0,0.0,0.0,sounds better evening im costume im sure time finish tomorrow txt end,0.5145228215767635
ham,My birthday is on feb  &lt;#&gt;  da. .,0,39,short,0.0,0.0,1.0,birthday feb ltgt da,0.15352697095435686
ham,So when do you wanna gym?,0,25,short,0.0,0.0,1.0,wanna gym,0.09543568464730291
ham,You'd like that wouldn't you? Jerk!,0,35,short,0.0,0.0,1.0,youd like wouldnt jerk,0.13692946058091288
ham,Are u awake? Is there snow there?,0,33,short,0.0,0.0,1.0,awake snow,0.1286307053941909
ham,And of course you should make a stink!,0,38,short,0.0,0.0,1.0,course make stink,0.14937759336099585
spam,"u r subscribed 2 TEXTCOMP 250 wkly comp. 1st wk?s free question follows, subsequent wks charged@150p/msg.2 unsubscribe txt STOP 2 84128,custcare 08712405020",1,156,long,1.0,0.0,0.0,subscribed textcomp wkly comp st wks free question follows subsequent wks charged pmsg unsubscribe txt stop custcare,0.6390041493775934
ham,No go. No openings for that room 'til after thanksgiving without an upcharge.,0,77,medium,0.0,1.0,0.0,go openings room til thanksgiving without upcharge,0.31120331950207464
ham,When you guys planning on coming over?,0,38,short,0.0,0.0,1.0,guys planning coming,0.14937759336099585
ham,Wat Ì_ doing now?,0,17,short,0.0,0.0,1.0,wat,0.06224066390041494
ham,No sir. That's why i had an 8-hr trip on the bus last week. Have another audition next wednesday but i think i might drive this time.,0,133,long,1.0,0.0,0.0,sir thats hr trip bus last week another audition next wednesday think might drive time,0.5435684647302905
ham,Do I? I thought I put it back in the box,0,40,medium,0.0,1.0,0.0,thought put back box,0.15767634854771784
ham,I'm home...,0,11,short,0.0,0.0,1.0,im home,0.03734439834024896
ham,No one interested. May be some business plan.,0,45,medium,0.0,1.0,0.0,one interested may business plan,0.17842323651452283
ham,Yup it's at paragon... I havent decided whether 2 cut yet... Hee...,0,67,medium,0.0,1.0,0.0,yup paragon havent decided whether cut yet hee,0.2697095435684647
ham,Good morning princess! Have a great day!,0,40,medium,0.0,1.0,0.0,good morning princess great day,0.15767634854771784
ham,Guai... ÌÏ shd haf seen him when he's naughty... ÌÏ so free today? Can go jogging...,0,84,medium,0.0,1.0,0.0,guai ìï shd haf seen hes naughty ìï free today go jogging,0.3402489626556016
ham,Aiyo cos i sms Ì_ then Ì_ neva reply so i wait 4 Ì_ to reply lar. I tot Ì_ havent finish ur lab wat.,0,100,long,1.0,0.0,0.0,aiyo cos sms neva reply wait reply lar tot havent finish ur lab wat,0.4066390041493776
ham,"Living is very simple.. Loving is also simple.. Laughing is too simple.. Winning is tooo simple.. But, Being 'SIMPLE' is very difficult...;-) :-)",0,145,long,1.0,0.0,0.0,living simple loving also simple laughing simple winning tooo simple simple difficult,0.5933609958506224
ham,Tell me something. Thats okay.,0,30,short,0.0,0.0,1.0,tell something thats okay,0.11618257261410789
ham,Hmm. Shall i bring a bottle of wine to keep us amused? Just joking! I'll still bring a bottle. Red or white? See you tomorrow,0,125,long,1.0,0.0,0.0,hmm shall bring bottle wine keep us amused joking ill still bring bottle red white see tomorrow,0.5103734439834026
ham,This is ur face test ( 1 2 3 4 5 6 7 8 9  &lt;#&gt;  ) select any number i will tell ur face astrology.... am waiting. quick reply...,0,133,long,1.0,0.0,0.0,ur face test ltgt select number tell ur face astrology waiting quick reply,0.5435684647302905
ham,"Hey, iouri gave me your number, I'm wylie, ryan's friend",0,56,medium,0.0,1.0,0.0,hey iouri gave number im wylie ryans friend,0.22406639004149378
ham,Yep get with the program. You're slacking.,0,42,medium,0.0,1.0,0.0,yep get program youre slacking,0.16597510373443983
ham,I'm in inside office..still filling forms.don know when they leave me.,0,70,medium,0.0,1.0,0.0,im inside officestill filling formsdon know leave,0.2821576763485477
ham,"I think your mentor is , but not 100 percent sure.",0,50,medium,0.0,1.0,0.0,think mentor percent sure,0.19917012448132781
spam,Call 09095350301 and send our girls into erotic ecstacy. Just 60p/min. To stop texts call 08712460324 (nat rate),1,112,long,1.0,0.0,0.0,call send girls erotic ecstacy pmin stop texts call nat rate,0.45643153526970953
spam,A å£400 XMAS REWARD IS WAITING FOR YOU! Our computer has randomly picked you from our loyal mobile customers to receive a å£400 reward. Just call 09066380611,1,157,long,1.0,0.0,0.0,å£ xmas reward waiting computer randomly picked loyal mobile customers receive å£ reward call,0.6431535269709544
ham,Just trying to figure out when I'm suppose to see a couple different people this week. We said we'd get together but I didn't set dates,0,135,long,1.0,0.0,0.0,trying figure im suppose see couple different people week said wed get together didnt set dates,0.5518672199170125
spam,IMPORTANT MESSAGE. This is a final contact attempt. You have important messages waiting out our customer claims dept. Expires 13/4/04. Call 08717507382 NOW!,1,156,long,1.0,0.0,0.0,important message final contact attempt important messages waiting customer claims dept expires call,0.6390041493775934
ham,Hi mom we might be back later than  &lt;#&gt; ,0,46,medium,0.0,1.0,0.0,hi mom might back later ltgt,0.1825726141078838
spam,dating:i have had two of these. Only started after i sent a text to talk sport radio last week. Any connection do you think or coincidence?,1,139,long,1.0,0.0,0.0,datingi two started sent text talk sport radio last week connection think coincidence,0.5684647302904564
ham,"Lol, oh you got a friend for the dog ?",0,38,short,0.0,0.0,1.0,lol oh got friend dog,0.14937759336099585
ham,"Ok., is any problem to u frm him? Wats matter?",0,46,medium,0.0,1.0,0.0,ok problem frm wats matter,0.1825726141078838
ham,"K I'll head out in a few mins, see you there",0,44,medium,0.0,1.0,0.0,ill head mins see,0.17427385892116182
ham,I don't want you to leave. But i'm barely doing what i can to stay sane. fighting with you constantly isn't helping.,0,116,long,1.0,0.0,0.0,dont want leave im barely stay sane fighting constantly isnt helping,0.4730290456431535
spam,The current leading bid is 151. To pause this auction send OUT. Customer Care: 08718726270,1,90,medium,0.0,1.0,0.0,current leading bid pause auction send customer care,0.3651452282157676
spam,"Free entry to the gr8prizes wkly comp 4 a chance to win the latest Nokia 8800, PSP or å£250 cash every wk.TXT GREAT to 80878 http//www.gr8prizes.com 08715705022",1,160,long,1.0,0.0,0.0,free entry gr prizes wkly comp chance win latest nokia psp å£ cash every wktxt great,0.6556016597510373
ham,Somebody set up a website where you can play hold em using eve online spacebucks,0,80,medium,0.0,1.0,0.0,somebody set website play hold em using eve online spacebucks,0.32365145228215764
ham,Its sunny in california. The weather's just cool,0,48,medium,0.0,1.0,0.0,sunny california weathers cool,0.19087136929460582
spam,You have 1 new message. Call 0207-083-6089,1,42,medium,0.0,1.0,0.0,new message call,0.16597510373443983
ham,"I can make it up there, squeezed  &lt;#&gt;  bucks out of my dad",0,64,medium,0.0,1.0,0.0,make squeezed ltgt bucks dad,0.2572614107883817
ham,Good day to You too.Pray for me.Remove the teeth as its painful maintaining other stuff.,0,88,medium,0.0,1.0,0.0,good day toopray meremove teeth painful maintaining stuff,0.3568464730290456
ham,How are you babes. Hope your doing ok. I had a shit nights sleep. I fell asleep at 5.IåÕm knackered and iåÕm dreading work tonight. What are thou upto tonight. X,0,161,long,1.0,0.0,0.0,babes hope ok shit nights sleep fell asleep iåõm knackered iåõm dreading work tonight thou upto tonight,0.6597510373443983
ham,How do friends help us in problems? They give the most stupid suggestion that Lands us into another problem and helps us forgt the previous problem,0,147,long,1.0,0.0,0.0,friends help us problems give stupid suggestion lands us another problem helps us forgt previous problem,0.6016597510373445
ham,I will be gentle baby! Soon you will be taking all  &lt;#&gt;  inches deep inside your tight pussy...,0,101,long,1.0,0.0,0.0,gentle baby soon taking ltgt inches deep inside tight pussy,0.4107883817427386
ham,NOT MUCH NO FIGHTS. IT WAS A GOOD NITE!!,0,40,medium,0.0,1.0,0.0,much fights good nite,0.15767634854771784
ham,Nt joking seriously i told,0,26,short,0.0,0.0,1.0,nt joking seriously told,0.09958506224066391
ham,Watching ajith film ah?,0,23,short,0.0,0.0,1.0,watching ajith film ah,0.08713692946058091
ham,Ooooooh I forgot to tell u I can get on yoville on my phone,0,59,medium,0.0,1.0,0.0,ooooooh forgot tell get yoville phone,0.23651452282157676
ham,"All done, all handed in. Don't know if mega shop in asda counts as celebration but thats what i'm doing!",0,104,long,1.0,0.0,0.0,done handed dont know mega shop asda counts celebration thats im,0.42323651452282157
ham,I dont know exactly could you ask chechi.,0,41,medium,0.0,1.0,0.0,dont know exactly could ask chechi,0.16182572614107885
ham,Dunno lei shd b driving lor cos i go sch 1 hr oni.,0,50,medium,0.0,1.0,0.0,dunno lei shd driving lor cos go sch hr oni,0.19917012448132781
ham,As in i want custom officer discount oh.,0,40,medium,0.0,1.0,0.0,want custom officer discount oh,0.15767634854771784
ham,That's necessarily respectful,0,29,short,0.0,0.0,1.0,thats necessarily respectful,0.11203319502074689
ham,Hi. Hope you had a good day. Have a better night.,0,49,medium,0.0,1.0,0.0,hi hope good day better night,0.1950207468879668
ham,And he's apparently bffs with carly quick now,0,45,medium,0.0,1.0,0.0,hes apparently bffs carly quick,0.17842323651452283
ham,HARD BUT TRUE: How much you show &amp;  express your love to someone....that much it will hurt when they leave you or you get seperated...!ö´Ó_??Û¬ud evening...,0,163,long,1.0,0.0,0.0,hard true much show amp express love someonethat much hurt leave get seperatedö´óû¬ud evening,0.6680497925311204
ham,Babes I think I got ur brolly I left it in English wil bring it in 2mrw 4 u luv Franxx,0,86,medium,0.0,1.0,0.0,babes think got ur brolly left english wil bring mrw luv franxx,0.34854771784232363
ham,Hi babe its me thanks for coming even though it didnt go that well!i just wanted my bed! Hope to see you soon love and kisses xxx,0,129,long,1.0,0.0,0.0,hi babe thanks coming even though didnt go welli wanted bed hope see soon love kisses xxx,0.5269709543568465
ham,So gd got free ice cream... I oso wan...,0,40,medium,0.0,1.0,0.0,gd got free ice cream oso wan,0.15767634854771784
ham,Pls give her prometazine syrup. 5mls then  &lt;#&gt; mins later feed.,0,69,medium,0.0,1.0,0.0,pls give prometazine syrup mls ltgt mins later feed,0.2780082987551867
ham,So how many days since then?,0,28,short,0.0,0.0,1.0,many days since,0.1078838174273859
ham,Dear are you angry i was busy dear,0,34,short,0.0,0.0,1.0,dear angry busy dear,0.13278008298755187
ham,Yup he msg me: is tat yijue? Then i tot it's my group mate cos we meeting today mah... I'm askin if Ì_ leaving earlier or wat mah cos mayb Ì_ haf to walk v far...,0,162,long,1.0,0.0,0.0,yup msg tat yijue tot group mate cos meeting today mah im askin leaving earlier wat mah cos mayb haf walk far,0.6639004149377594
ham,... Are you in the pub?,0,23,short,0.0,0.0,1.0,pub,0.08713692946058091
ham,There is a first time for everything :),0,39,short,0.0,0.0,1.0,first time everything,0.15352697095435686
ham,"Daddy, shu shu is looking 4 u... U wan me 2 tell him u're not in singapore or wat?",0,82,medium,0.0,1.0,0.0,daddy shu shu looking wan tell ure singapore wat,0.33195020746887965
ham,I ask if u meeting da ge tmr nite...,0,36,short,0.0,0.0,1.0,ask meeting da ge tmr nite,0.14107883817427386
ham,Gr8. So how do you handle the victoria island traffic. Plus when's the album due,0,80,medium,0.0,1.0,0.0,gr handle victoria island traffic plus whens album due,0.32365145228215764
ham,Nite nite pocay wocay luv u more than n e thing 4eva I promise ring u 2morrowxxxx,0,81,medium,0.0,1.0,0.0,nite nite pocay wocay luv thing eva promise ring morrowxxxx,0.3278008298755187
ham,East coast,0,10,short,0.0,0.0,1.0,east coast,0.03319502074688797
ham,You should get more chicken broth if you want ramen unless there's some I don't know about,0,90,medium,0.0,1.0,0.0,get chicken broth want ramen unless theres dont know,0.3651452282157676
ham,My slave! I want you to take 2 or 3 pictures of yourself today in bright light on your cell phone! Bright light!,0,112,long,1.0,0.0,0.0,slave want take pictures today bright light cell phone bright light,0.45643153526970953
ham,Nope. I just forgot. Will show next week,0,40,medium,0.0,1.0,0.0,nope forgot show next week,0.15767634854771784
ham,So how are you really. What are you up to. How's the masters. And so on.,0,72,medium,0.0,1.0,0.0,really hows masters,0.2904564315352697
ham,I'm at bruce &amp; fowler now but I'm in my mom's car so I can't park (long story),0,82,medium,0.0,1.0,0.0,im bruce amp fowler im moms car cant park long story,0.33195020746887965
ham,I dont know oh. Hopefully this month.,0,37,short,0.0,0.0,1.0,dont know oh hopefully month,0.14522821576763487
ham,"Hi elaine, is today's meeting confirmed?",0,40,medium,0.0,1.0,0.0,hi elaine todays meeting confirmed,0.15767634854771784
ham,Ok k..sry i knw 2 siva..tats y i askd..,0,39,short,0.0,0.0,1.0,ok ksry knw sivatats askd,0.15352697095435686
ham,U horrible gal... U knew dat i was going out wif him yest n u still come n ask me...,0,84,medium,0.0,1.0,0.0,horrible gal knew dat going wif yest still come ask,0.3402489626556016
ham,Oh yeah! And my diet just flew out the window,0,45,medium,0.0,1.0,0.0,oh yeah diet flew window,0.17842323651452283
spam,Santa Calling! Would your little ones like a call from Santa Xmas eve? Call 09058094583 to book your time.,1,106,long,1.0,0.0,0.0,santa calling would little ones like call santa xmas eve call book time,0.43153526970954353
ham,You didnt complete your gist oh.,0,32,short,0.0,0.0,1.0,didnt complete gist oh,0.12448132780082988
ham,"Er yeah, i will b there at 15:26, sorry! Just tell me which pub/cafe to sit in and come wen u can",0,97,medium,0.0,1.0,0.0,er yeah sorry tell pubcafe sit come wen,0.3941908713692946
ham,"If you can make it any time tonight or whenever you can it's cool, just text me whenever you're around",0,102,long,1.0,0.0,0.0,make time tonight whenever cool text whenever youre around,0.41493775933609955
ham,If I was I wasn't paying attention,0,34,short,0.0,0.0,1.0,wasnt paying attention,0.13278008298755187
ham,Thanx a lot 4 ur help!,0,22,short,0.0,0.0,1.0,thanx lot ur help,0.08298755186721991
ham,You're gonna have to be way more specific than that,0,51,medium,0.0,1.0,0.0,youre gonna way specific,0.2033195020746888
ham,Jesus armand really is trying to tell everybody he can find,0,59,medium,0.0,1.0,0.0,jesus armand really trying tell everybody find,0.23651452282157676
ham,I'm wif him now buying tix lar...,0,33,short,0.0,0.0,1.0,im wif buying tix lar,0.1286307053941909
ham,Mode men or have you left.,0,26,short,0.0,0.0,1.0,mode men left,0.09958506224066391
ham,Am slow in using biola's fne,0,28,short,0.0,0.0,1.0,slow using biolas fne,0.1078838174273859
ham,"\What are youdoing later? Sar xxx\""""",0,36,short,0.0,0.0,1.0,youdoing later sar xxx,0.14107883817427386
ham,Hey i've booked the 2 lessons on sun liao...,0,44,medium,0.0,1.0,0.0,hey ive booked lessons sun liao,0.17427385892116182
ham,Thank you. do you generally date the brothas?,0,45,medium,0.0,1.0,0.0,thank generally date brothas,0.17842323651452283
ham,"By the way, make sure u get train to worc foregate street not shrub hill. Have fun night x",0,90,medium,0.0,1.0,0.0,way make sure get train worc foregate street shrub hill fun night,0.3651452282157676
ham,"I thought i'd get him a watch, just cos thats the kind of thing u get4an18th. And he loves so much!",0,99,medium,0.0,1.0,0.0,thought id get watch cos thats kind thing get th loves much,0.40248962655601656
spam,You have won a guaranteed 32000 award or maybe even å£1000 cash to claim ur award call free on 0800 ..... (18+). Its a legitimat efreefone number wat do u think???,1,163,long,1.0,0.0,0.0,guaranteed award maybe even å£ cash claim ur award call free legitimat efreefone number wat think,0.6680497925311204
ham,Good morning. At the repair shop--the ONLY reason i'm up at this hour.,0,70,medium,0.0,1.0,0.0,good morning repair shopthe reason im hour,0.2821576763485477
ham,"And that's fine, I got enough bud to last most of the night at least",0,68,medium,0.0,1.0,0.0,thats fine got enough bud last night least,0.2738589211618257
ham,I am back. Good journey! Let me know if you need any of the receipts. Shall i tell you like the pendent?,0,104,long,1.0,0.0,0.0,back good journey let know need receipts shall tell like pendent,0.42323651452282157
ham,So that takes away some money worries,0,37,short,0.0,0.0,1.0,takes away money worries,0.14522821576763487
ham,"aight we can pick some up, you open before tonight?",0,51,medium,0.0,1.0,0.0,aight pick open tonight,0.2033195020746888
spam,"Latest News! Police station toilet stolen, cops have nothing to go on!",1,70,medium,0.0,1.0,0.0,latest news police station toilet stolen cops nothing go,0.2821576763485477
ham,Sac needs to carry on:),0,23,short,0.0,0.0,1.0,sac needs carry,0.08713692946058091
ham,What???? Hello wats talks email address?,0,40,medium,0.0,1.0,0.0,hello wats talks email address,0.15767634854771784
ham,Except theres a chick with huge boobs.,0,38,short,0.0,0.0,1.0,except theres chick huge boobs,0.14937759336099585
ham,Im just wondering what your doing right now?,0,44,medium,0.0,1.0,0.0,im wondering right,0.17427385892116182
ham,Wishing you a beautiful day. Each moment revealing even more things to keep you smiling. Do enjoy it.,0,101,long,1.0,0.0,0.0,wishing beautiful day moment revealing even things keep smiling enjoy,0.4107883817427386
spam,"\For the most sparkling shopping breaks from 45 per person; call 0121 2025050 or visit www.shortbreaks.org.uk\""""",1,112,long,1.0,0.0,0.0,sparkling shopping breaks per person call visit,0.45643153526970953
ham,If you hear a loud scream in about &lt;#&gt; minutes its cause my Gyno will be shoving things up me that don't belong :/,0,120,long,1.0,0.0,0.0,hear loud scream ltgt minutes cause gyno shoving things dont belong,0.4896265560165975
ham,Ok i thk i got it. Then u wan me 2 come now or wat?,0,51,medium,0.0,1.0,0.0,ok thk got wan come wat,0.2033195020746888
spam,Txt: CALL to No: 86888 & claim your reward of 3 hours talk time to use from your phone now! Subscribe6GBP/mnth inc 3hrs 16 stop?txtStop www.gamb.tv,1,147,long,1.0,0.0,0.0,txt call claim reward hours talk time use phone subscribe gbpmnth inc hrs stoptxtstop,0.6016597510373445
ham,U GOIN OUT 2NITE?,0,17,short,0.0,0.0,1.0,goin nite,0.06224066390041494
ham,I will treasure every moment we spend together...,0,49,medium,0.0,1.0,0.0,treasure every moment spend together,0.1950207468879668
ham,Shall I bring us a bottle of wine to keep us amused? Only joking! IÛ÷ll bring one anyway,0,89,medium,0.0,1.0,0.0,shall bring us bottle wine keep us amused joking iû÷ll bring one anyway,0.36099585062240663
spam,http//tms. widelive.com/index. wml?id=820554ad0a1705572711&first=trueåÁC C RingtoneåÁ,1,85,medium,0.0,1.0,0.0,widelivecomindex wmlid ad firsttrueåác ringtoneåá,0.34439834024896265
spam,"URGENT! Last weekend's draw shows that you have won å£1000 cash or a Spanish holiday! CALL NOW 09050000332 to claim. T&C: RSTM, SW7 3SS. 150ppm",1,143,long,1.0,0.0,0.0,urgent last weekends draw shows å£ cash spanish holiday call claim tc rstm sw ss ppm,0.5850622406639004
ham,I thought slide is enough.,0,26,short,0.0,0.0,1.0,thought slide enough,0.09958506224066391
ham,Well obviously not because all the people in my cool college life went home ;_;,0,79,medium,0.0,1.0,0.0,well obviously people cool college life went home,0.31950207468879666
ham,Ok lor Ì_ reaching then message me.,0,35,short,0.0,0.0,1.0,ok lor reaching message,0.13692946058091288
ham,Where's mummy's boy ? Is he being good or bad ? Is he being positive or negative ? Why is mummy being made to wait? Hmmmm?,0,122,long,1.0,0.0,0.0,wheres mummys boy good bad positive negative mummy made wait hmmmm,0.49792531120331945
ham,Dhoni have luck to win some big title.so we will win:),0,54,medium,0.0,1.0,0.0,dhoni luck win big titleso win,0.2157676348547718
ham,Yes princess! I want to please you every night. Your wish is my command...,0,74,medium,0.0,1.0,0.0,yes princess want please every night wish command,0.2987551867219917
ham,No probably  &lt;#&gt; %.,0,25,short,0.0,0.0,1.0,probably ltgt,0.09543568464730291
ham,Really do hope the work doesnt get stressful. Have a gr8 day.,0,61,medium,0.0,1.0,0.0,really hope work doesnt get stressful gr day,0.24481327800829875
ham,Have you seen who's back at Holby?!,0,35,short,0.0,0.0,1.0,seen whos back holby,0.13692946058091288
ham,Shall call now dear having food,0,31,short,0.0,0.0,1.0,shall call dear food,0.12033195020746887
spam,URGENT We are trying to contact you Last weekends draw shows u have won a å£1000 prize GUARANTEED Call 09064017295 Claim code K52 Valid 12hrs 150p pm,1,149,long,1.0,0.0,0.0,urgent trying contact last weekends draw shows å£ prize guaranteed call claim code valid hrs pm,0.6099585062240664
ham,So li hai... Me bored now da lecturer repeating last weeks stuff waste time... ,0,79,medium,0.0,1.0,0.0,li hai bored da lecturer repeating last weeks stuff waste time,0.31950207468879666
ham,", ,  and  picking them up from various points | going 2 yeovil | and they will do the motor project 4 3 hours | and then u take them home. || 12 2 5.30 max. || Very easy",0,169,long,1.0,0.0,0.0,picking various points going yeovil motor project hours take home max easy,0.6929460580912863
ham,Also fuck you and your family for going to rhode island or wherever the fuck and leaving me all alone the week I have a new bong &gt;:(,0,135,long,1.0,0.0,0.0,also fuck family going rhode island wherever fuck leaving alone week new bong gt,0.5518672199170125
ham,Ofcourse I also upload some songs,0,33,short,0.0,0.0,1.0,ofcourse also upload songs,0.1286307053941909
spam,2p per min to call Germany 08448350055 from your BT line. Just 2p per min. Check PlanetTalkInstant.com for info & T's & C's. Text stop to opt out,1,145,long,1.0,0.0,0.0,per min call germany bt line per min check planettalkinstantcom info ts cs text stop opt,0.5933609958506224
ham,Oh thanks a lot..i already bought 2 eggs ..,0,43,medium,0.0,1.0,0.0,oh thanks loti already bought eggs,0.17012448132780084
ham,U studying in sch or going home? Anyway i'll b going 2 sch later.,0,65,medium,0.0,1.0,0.0,studying sch going home anyway ill going sch later,0.2614107883817427
spam,Marvel Mobile Play the official Ultimate Spider-man game (å£4.50) on ur mobile right now. Text SPIDER to 83338 for the game & we ll send u a FREE 8Ball wallpaper,1,161,long,1.0,0.0,0.0,marvel mobile play official ultimate spiderman game å£ ur mobile right text spider game send free ball wallpaper,0.6597510373443983
ham,I think if he rule tamilnadu..then its very tough for our people.,0,65,medium,0.0,1.0,0.0,think rule tamilnaduthen tough people,0.2614107883817427
ham,"Cool, we shall go and see, have to go to tip anyway. Are you at home, got something to drop in later? So lets go to town tonight! Maybe mum can take us in.",0,155,long,1.0,0.0,0.0,cool shall go see go tip anyway home got something drop later lets go town tonight maybe mum take us,0.6348547717842324
ham,"Good afternoon, my love ... How goes your day ? How did you sleep ? I hope your well, my boytoy ... I think of you ...",0,118,long,1.0,0.0,0.0,good afternoon love goes day sleep hope well boytoy think,0.4813278008298755
ham,Yes... I trust u to buy new stuff ASAP so I can try it out,0,58,medium,0.0,1.0,0.0,yes trust buy new stuff asap try,0.23236514522821577
ham,Why did I wake up on my own &gt;:(,0,34,short,0.0,0.0,1.0,wake gt,0.13278008298755187
ham,Now get step 2 outta the way. Congrats again.,0,45,medium,0.0,1.0,0.0,get step outta way congrats,0.17842323651452283
ham,Love has one law; Make happy the person you love. In the same way friendship has one law; Never make ur friend feel alone until you are alive.... Gud night,0,155,long,1.0,0.0,0.0,love one law make happy person love way friendship one law never make ur friend feel alone alive gud night,0.6348547717842324
spam,PRIVATE! Your 2003 Account Statement for 07808247860 shows 800 un-redeemed S. I. M. points. Call 08719899229 Identifier Code: 40411 Expires 06/11/04,1,148,long,1.0,0.0,0.0,private account statement shows unredeemed points call identifier code expires,0.6058091286307055
ham,Apo all other are mokka players only,0,36,short,0.0,0.0,1.0,apo mokka players,0.14107883817427386
ham,"Perhaps * is much easy give your account identification, so i will tomorrow at UNI",0,82,medium,0.0,1.0,0.0,perhaps much easy give account identification tomorrow uni,0.33195020746887965
ham,Wait . I will msg after  &lt;#&gt;  min.,0,40,medium,0.0,1.0,0.0,wait msg ltgt min,0.15767634854771784
ham,What i told before i tell. Stupid hear after i wont tell anything to you. You dad called to my brother and spoken. Not with me.,0,127,long,1.0,0.0,0.0,told tell stupid hear wont tell anything dad called brother spoken,0.5186721991701245
ham,God's love has no limit. God's grace has no measure. God's power has no boundaries. May u have God's endless blessings always in ur life...!! Gud ni8,0,149,long,1.0,0.0,0.0,gods love limit gods grace measure gods power boundaries may gods endless blessings always ur life gud ni,0.6099585062240664
ham,I want to be inside you every night...,0,38,short,0.0,0.0,1.0,want inside every night,0.14937759336099585
ham,"Machan you go to gym tomorrow,  i wil come late goodnight.",0,58,medium,0.0,1.0,0.0,machan go gym tomorrow wil come late goodnight,0.23236514522821577
ham,Lol they were mad at first but then they woke up and gave in.,0,61,medium,0.0,1.0,0.0,lol mad first woke gave,0.24481327800829875
ham,"ItÛ÷s reassuring, in this crazy world.",0,39,short,0.0,0.0,1.0,itû÷s reassuring crazy world,0.15352697095435686
ham,"Just making dinner, you ?",0,25,short,0.0,0.0,1.0,making dinner,0.09543568464730291
ham,Yes. Please leave at  &lt;#&gt; . So that at  &lt;#&gt;  we can leave,0,69,medium,0.0,1.0,0.0,yes please leave ltgt ltgt leave,0.2780082987551867
ham,Oh... Okie lor...We go on sat... ,0,33,short,0.0,0.0,1.0,oh okie lorwe go sat,0.1286307053941909
ham,"Ya, i'm referin to mei's ex wat... No ah, waitin 4 u to treat, somebody shld b rich liao...So gd, den u dun have to work frm tmr onwards...",0,139,long,1.0,0.0,0.0,ya im referin meis ex wat ah waitin treat somebody shld rich liaoso gd den dun work frm tmr onwards,0.5684647302904564
ham,Miles and smiles r made frm same letters but do u know d difference..? smile on ur face keeps me happy even though I am miles away from u.. :-)keep smiling.. Good nyt,0,166,long,1.0,0.0,0.0,miles smiles made frm letters know difference smile ur face keeps happy even though miles away keep smiling good nyt,0.6804979253112033
ham,"By the way, i've put a skip right outside the front of the house so you can see which house it is. Just pull up before it.",0,122,long,1.0,0.0,0.0,way ive put skip right outside front house see house pull,0.49792531120331945
ham,Can you pls send me that company name. In saibaba colany,0,56,medium,0.0,1.0,0.0,pls send company name saibaba colany,0.22406639004149378
ham,No. I dont want to hear anything,0,32,short,0.0,0.0,1.0,dont want hear anything,0.12448132780082988
ham,You are a big chic. Common. Declare,0,35,short,0.0,0.0,1.0,big chic common declare,0.13692946058091288
ham,Thats cool. I want to please you...,0,35,short,0.0,0.0,1.0,thats cool want please,0.13692946058091288
ham,Going to join tomorrow.,0,23,short,0.0,0.0,1.0,going join tomorrow,0.08713692946058091
ham,I want to tell you how bad I feel that basically the only times I text you lately are when I need drugs,0,103,long,1.0,0.0,0.0,want tell bad feel basically times text lately need drugs,0.41908713692946054
spam,PRIVATE! Your 2003 Account Statement for shows 800 un-redeemed S.I.M. points. Call 08718738001 Identifier Code: 49557 Expires 26/11/04,1,134,long,1.0,0.0,0.0,private account statement shows unredeemed sim points call identifier code expires,0.5477178423236515
ham,"Total disappointment, when I texted you was the craziest shit got :(",0,68,medium,0.0,1.0,0.0,total disappointment texted craziest shit got,0.2738589211618257
ham,Its just the effect of irritation. Just ignore it,0,49,medium,0.0,1.0,0.0,effect irritation ignore,0.1950207468879668
ham,What about this one then.,0,25,short,0.0,0.0,1.0,one,0.09543568464730291
ham,I think that tantrum's finished so yeah I'll be by at some point,0,64,medium,0.0,1.0,0.0,think tantrums finished yeah ill point,0.2572614107883817
ham,Compliments to you. Was away from the system. How your side.,0,60,medium,0.0,1.0,0.0,compliments away system side,0.24066390041493776
ham,happened here while you were adventuring,0,40,medium,0.0,1.0,0.0,happened adventuring,0.15767634854771784
ham,"Hey chief, can you give me a bell when you get this. Need to talk to you about this royal visit on the 1st june. ",0,113,long,1.0,0.0,0.0,hey chief give bell get need talk royal visit st june,0.4605809128630705
ham,Ok which your another number,0,28,short,0.0,0.0,1.0,ok another number,0.1078838174273859
ham,Aiyah ok wat as long as got improve can already wat...,0,54,medium,0.0,1.0,0.0,aiyah ok wat long got improve already wat,0.2157676348547718
spam,Want explicit SEX in 30 secs? Ring 02073162414 now! Costs 20p/min Gsex POBOX 2667 WC1N 3XX,1,90,medium,0.0,1.0,0.0,want explicit sex secs ring costs pmin gsex pobox wc xx,0.3651452282157676
ham,I can't believe how attached I am to seeing you every day. I know you will do the best you can to get to me babe. I will go to teach my class at your midnight,0,158,long,1.0,0.0,0.0,cant believe attached seeing every day know best get babe go teach class midnight,0.6473029045643154
spam,ASKED 3MOBILE IF 0870 CHATLINES INCLU IN FREE MINS. INDIA CUST SERVs SED YES. L8ER GOT MEGA BILL. 3 DONT GIV A SHIT. BAILIFF DUE IN DAYS. I O å£250 3 WANT å£800,1,160,long,1.0,0.0,0.0,asked mobile chatlines inclu free mins india cust servs sed yes er got mega bill dont giv shit bailiff due days å£ want å£,0.6556016597510373
ham,Yeah it's jus rite...,0,21,short,0.0,0.0,1.0,yeah jus rite,0.07883817427385892
ham,Armand says get your ass over to epsilon,0,40,medium,0.0,1.0,0.0,armand says get ass epsilon,0.15767634854771784
ham,U still havent got urself a jacket ah?,0,38,short,0.0,0.0,1.0,still havent got urself jacket ah,0.14937759336099585
ham,"I'm taking derek &amp; taylor to walmart, if I'm not back by the time you're done just leave the mouse on my desk and I'll text you when priscilla's ready",0,154,long,1.0,0.0,0.0,im taking derek amp taylor walmart im back time youre done leave mouse desk ill text priscillas ready,0.6307053941908713
ham,Hi its in durban are you still on this number,0,45,medium,0.0,1.0,0.0,hi durban still number,0.17842323651452283
ham,Ic. There are a lotta childporn cars then.,0,42,medium,0.0,1.0,0.0,ic lotta childporn cars,0.16597510373443983
spam,"Had your contract mobile 11 Mnths? Latest Motorola, Nokia etc. all FREE! Double Mins & Text on Orange tariffs. TEXT YES for callback, no to remove from records.",1,160,long,1.0,0.0,0.0,contract mobile mnths latest motorola nokia etc free double mins text orange tariffs text yes callback remove records,0.6556016597510373
ham,"No, I was trying it all weekend ;V",0,34,short,0.0,0.0,1.0,trying weekend,0.13278008298755187
ham,"You know, wot people wear. T shirts, jumpers, hat, belt, is all we know. We r at Cribbs",0,87,medium,0.0,1.0,0.0,know wot people wear shirts jumpers hat belt know cribbs,0.3526970954356846
ham,"Cool, what time you think you can get here?",0,43,medium,0.0,1.0,0.0,cool time think get,0.17012448132780084
ham,Wen did you get so spiritual and deep. That's great,0,51,medium,0.0,1.0,0.0,wen get spiritual deep thats great,0.2033195020746888
ham,Have a safe trip to Nigeria. Wish you happiness and very soon company to share moments with,0,91,medium,0.0,1.0,0.0,safe trip nigeria wish happiness soon company share moments,0.3692946058091286
ham,Well keep in mind I've only got enough gas for one more round trip barring a sudden influx of cash,0,98,medium,0.0,1.0,0.0,well keep mind ive got enough gas one round trip barring sudden influx cash,0.3983402489626556
ham,Yeh. Indians was nice. Tho it did kane me off a bit he he. We shud go out 4 a drink sometime soon. Mite hav 2 go 2 da works 4 a laugh soon. Love Pete x x,0,153,long,1.0,0.0,0.0,yeh indians nice tho kane bit shud go drink sometime soon mite hav go da works laugh soon love pete,0.6265560165975104
ham,Yes i have. So that's why u texted. Pshew...missing you so much,0,63,medium,0.0,1.0,0.0,yes thats texted pshewmissing much,0.25311203319502074
ham,if you aren't here in the next  &lt;#&gt;  hours imma flip my shit,0,66,medium,0.0,1.0,0.0,arent next ltgt hours imma flip shit,0.26556016597510373
ham,Anything lor. Juz both of us lor.,0,33,short,0.0,0.0,1.0,anything lor juz us lor,0.1286307053941909
ham,Get me out of this dump heap. My mom decided to come to lowes. BORING.,0,70,medium,0.0,1.0,0.0,get dump heap mom decided come lowes boring,0.2821576763485477
ham,Ok lor... Sony ericsson salesman... I ask shuhui then she say quite gd 2 use so i considering...,0,96,medium,0.0,1.0,0.0,ok lor sony ericsson salesman ask shuhui say quite gd use considering,0.3900414937759336
ham,Ard 6 like dat lor.,0,19,short,0.0,0.0,1.0,ard like dat lor,0.07053941908713693
ham,Why don't you wait 'til at least wednesday to see if you get your .,0,67,medium,0.0,1.0,0.0,dont wait til least wednesday see get,0.2697095435684647
ham,Huh y lei...,0,12,short,0.0,0.0,1.0,huh lei,0.041493775933609964
spam,"REMINDER FROM O2: To get 2.50 pounds free call credit and details of great offers pls reply 2 this text with your valid name, house no and postcode",1,147,long,1.0,0.0,0.0,reminder get pounds free call credit details great offers pls reply text valid name house postcode,0.6016597510373445
spam,"This is the 2nd time we have tried 2 contact u. U have won the å£750 Pound prize. 2 claim is easy, call 087187272008 NOW1! Only 10p per minute. BT-national-rate.",1,161,long,1.0,0.0,0.0,nd time tried contact å£ pound prize claim easy call per minute btnationalrate,0.6597510373443983
ham,Will Ì_ b going to esplanade fr home?,0,37,short,0.0,0.0,1.0,going esplanade fr home,0.14522821576763487
ham,"Pity, * was in mood for that. So...any other suggestions?",0,57,medium,0.0,1.0,0.0,pity mood soany suggestions,0.22821576763485477
ham,The guy did some bitching but I acted like i'd be interested in buying something else next week and he gave it to us for free,0,125,long,1.0,0.0,0.0,guy bitching acted like id interested buying something else next week gave us free,0.5103734439834026
ham,Rofl. Its true to its name,0,26,short,0.0,0.0,1.0,rofl true name,0.09958506224066391
